event_id,artist,name,artist_id,venue,venue_id,city,state,market_ids,event_date,event_time,presale_start,presale_type,onsale_date,face_min,face_max,fee_included,dynamic_pricing_flag,url,seatgeek_id,seatgeek_checked_at,updated_at
11AYvPGZ3ZOVvG,Collective Soul,Collective Soul,K8vZ91713m0,The Venetian Theatre at The Venetian Resort,KovZpZAF6vnA,Las Vegas,NV,14,2027-02-10,20:30:00,2026-09-29T17:00:00Z,Citi,2026-10-02T17:00:00Z,,,0,0,https://www.ticketmaster.com/collective-soul-las-vegas-nevada-02-10-2027/event/170065300480834B,18629539,2026-09-29T22:38:20Z,2026-10-01T13:14:51Z
11AYvPGZ3aOgv8,Collective Soul,Collective Soul,K8vZ91713m0,The Venetian Theatre at The Venetian Resort,KovZpZAF6vnA,Las Vegas,NV,14,2027-02-13,20:30:00,2026-09-29T17:00:00Z,Citi,2026-10-02T17:00:00Z,,,0,0,https://www.ticketmaster.com/collective-soul-las-vegas-nevada-02-13-2027/event/170065300489835F,18629540,2026-09-29T22:38:20Z,2026-10-01T13:14:51Z
11AYvPu8JKxpvC,John Mayer,John Mayer Live At Sphere,K8vZ9171SN7,Sphere,KovZ917Atbr,Las Vegas,NV,14,2027-04-08,20:00:00,2026-09-30T17:00:00Z,VIP,2026-10-09T17:00:00Z,,,0,0,https://www.ticketmaster.com/john-mayer-live-at-sphere-las-vegas-nevada-04-08-2027/event/170065350993896D,18626622,2026-09-29T22:38:20Z,2026-10-01T13:14:51Z
15vjZ_KZ7-Fu3,Collective Soul,Collective Soul,K8vZ91713m0,The Venetian Theatre at The Venetian Resort,KovZpZAF6vnA,Las Vegas,NV,14,2027-02-12,20:30:00,2026-09-29T17:00:00Z,Citi,2026-10-02T17:00:00Z,,,0,0,https://www.ticketmaster.com/collective-soul-las-vegas-nevada-02-12-2027/event/1700653004848352,18629541,2026-09-29T22:38:20Z,2026-10-01T13:14:51Z
164ZkfMxZZA27G11,DJ Snake,DJ Snake (NYW),K8vZ917oDrV,Echostage,KovZpZAadt7A,Washington,DC,47,2026-12-29,21:00:00,2026-10-01T16:00:00Z,Other,2026-10-02T14:00:00Z,,,0,0,https://www.ticketmaster.com/dj-snake-nyw-washington-district-of-columbia-12-29-2026/event/15006537880E3B99,,2026-09-29T22:38:20Z,2026-10-01T13:14:51Z
164ZkftJ8ZACku6a,Wasia Project,Wasia Project - Nocturne Live 2027,K8vZ917hjg0,9:30 CLUB,KovZpZA7knFA,Washington,DC,47,2027-03-22,19:00:00,2026-10-01T14:00:00Z,Artist,2026-10-02T14:00:00Z,,,0,0,https://www.ticketmaster.com/wasia-project-nocturne-live-2027-washington-district-of-columbia-03-22-2027/event/15006529990D5C68,,2026-09-29T22:38:20Z,2026-10-01T13:14:51Z
164ZkfxJ4ZA2671C,Darkest Hour,Darkest Hour,K8vZ917h2E0,The Atlantis,KovZ917AinI,Washington,DC,47,2026-12-13,18:30:00,2026-09-23T20:31:00Z,VIP,2026-09-25T14:00:00Z,,,0,0,https://www.ticketmaster.com/darkest-hour-washington-district-of-columbia-12-13-2026/event/15006522995E639D,18619061,2026-09-29T22:38:20Z,2026-09-30T22:16:22Z
169ZkfsOPZA5Fkdv,Trippie Redd,Trippie Redd - The Non-disclosure Agreement Tour,K8vZ917ppmf,Brooklyn Bowl Las Vegas,KovZpZAIeldA,Las Vegas,NV,14,2026-12-18,19:00:00,2026-09-25T17:00:00Z,VIP,2026-09-25T17:00:00Z,,,0,0,https://www.ticketmaster.com/trippie-redd-the-nondisclosure-agreement-tour-las-vegas-nevada-12-18-2026/event/17006531825A7520,18618605,2026-09-29T22:38:20Z,2026-09-30T22:16:22Z
16e7Z_KkfG7V38V,Daughtry,Daughtry - 20 Years Unplugged Tour,K8vZ917GZFf,Hard Rock Live Rockford,KovZ917ARFY,Rockford,IL,3,2027-02-20,18:00:00,2026-09-30T15:00:00Z,Artist,2026-10-02T15:00:00Z,,,0,0,https://www.ticketmaster.com/daughtry-20-years-unplugged-tour-rockford-illinois-02-20-2027/event/2100653194D12434,18632923,2026-09-29T22:38:20Z,2026-10-01T13:14:51Z
16eZZ_KkKG7zSoJ,Trippie Redd,Trippie Redd - The Non-disclosure Agreement Tour,K8vZ917ppmf,Steelhouse Omaha,KovZ917At_0,Omaha,NE,52,2026-12-06,20:00:00,2026-09-25T15:00:00Z,VIP,2026-09-25T15:00:00Z,,,0,0,https://www.ticketmaster.com/trippie-redd-the-nondisclosure-agreement-tour-omaha-nebraska-12-06-2026/event/2000653193E33466,18619060,2026-09-29T22:38:20Z,2026-09-30T22:16:22Z
16v0Z_3J3G7WUjQ,The Interrupters,The Interrupters,K8vZ917oanf,Marquee Theatre,KovZpZAJk7eA,Tempe,AZ,36,2027-03-19,19:00:00,2026-09-25T17:00:00Z,VIP,2026-09-25T17:00:00Z,,,0,0,https://www.ticketmaster.com/the-interrupters-tempe-arizona-03-19-2027/event/1900652992F7671A,18612836,2026-09-29T22:38:20Z,2026-09-30T22:16:22Z
16vfZ_333G7mkTL,Valley,Valley - Do You Need to Be Entertained Tour,K8vZ9174mN7,9:30 CLUB,KovZpZA7knFA,Washington,DC,47,2027-03-14,19:00:00,2026-09-25T14:00:00Z,VIP,2026-09-25T14:00:00Z,,,0,0,https://www.ticketmaster.com/valley-do-you-need-to-be-washington-district-of-columbia-03-14-2027/event/1500652492B86FDF,18606068,2026-09-29T22:38:20Z,2026-09-30T22:16:22Z
16vfZ_3C8G7mANb,La Roux,La Roux - The Old Flames Tour,K8vZ917G930,9:30 CLUB,KovZpZA7knFA,Washington,DC,47,2027-02-03,19:00:00,2026-09-30T14:00:00Z,VIP,2026-10-02T14:00:00Z,,,0,0,https://www.ticketmaster.com/la-roux-the-old-flames-tour-washington-district-of-columbia-02-03-2027/event/1500652390B858D8,18626706,2026-09-29T22:38:20Z,2026-10-01T13:14:51Z
16vfZ_KJpG7sAX6,Roger Waters Presents LEGACY - A Pink Floyd Show,ROGER WATERS PRESENTS LEGACY A PINK FLOYD SHOW,K8vZ917-lxV,Capital One Hall,KovZ917AJ17,Tysons,VA,47,2027-04-21,20:00:00,2026-09-29T14:00:00Z,Card / Rewards,2026-10-02T14:00:00Z,,,0,0,https://www.ticketmaster.com/roger-waters-presents-legacy-a-pink-tysons-virginia-04-21-2027/event/1500653996C45F87,,2026-09-29T22:38:20Z,2026-10-01T13:14:51Z
16vfZ_KJpG7wgXQ,Mei Semones,Mei Semones,K8vZ917hexf,9:30 CLUB,KovZpZA7knFA,Washington,DC,47,2027-04-09,18:00:00,2026-10-01T14:00:00Z,Artist,2026-10-02T14:00:00Z,,,0,0,https://www.ticketmaster.com/mei-semones-washington-district-of-columbia-04-09-2027/event/1500653996CB5F9A,,,2026-10-01T13:14:51Z
16vfZ_KQpG7t7Iy,Hunxho,Hunxho - 2Night Only Tour,K8vZ917QQw0,The Fillmore Silver Spring,KovZpZA6tFlA,Silver Spring,MD,47,2026-12-02,20:00:00,2026-09-25T14:00:00Z,Citi,2026-09-25T14:00:00Z,,,0,0,https://www.ticketmaster.com/hunxho-2night-only-tour-silver-spring-maryland-12-02-2026/event/1500653696A44A39,,2026-09-29T22:38:20Z,2026-09-30T22:16:22Z
16vfZ_KZNG7lcZD,Haiden Henderson,Haiden Henderson - The Dumblond Tour,K8vZ917jUef,The Atlantis,KovZ917AinI,Washington,DC,47,2027-04-20,18:30:00,2026-09-23T14:00:00Z,VIP,2026-09-25T14:00:00Z,,,0,0,https://www.ticketmaster.com/haiden-henderson-the-dumblond-tour-washington-district-of-columbia-04-20-2027/event/1500653023AED03B,18613187,2026-09-29T22:38:20Z,2026-09-30T22:16:22Z
16vfZ_K_wG7te9o,Cory Wong,Cory Wong featuring dodie with special guest PREP,K8vZ917pxl0,9:30 CLUB,KovZpZA7knFA,Washington,DC,47,2027-02-25,18:30:00,2026-09-30T14:00:00Z,Artist,2026-10-02T14:00:00Z,,,0,0,https://www.ticketmaster.com/cory-wong-featuring-dodie-with-special-washington-district-of-columbia-02-25-2027/event/1500653672A425D1,,2026-09-29T22:38:20Z,2026-10-01T13:14:51Z
16vjZ_KOMG7MuKT,John Mayer,John Mayer Live At Sphere,K8vZ9171SN7,Sphere,KovZ917Atbr,Las Vegas,NV,14,2027-04-18,20:00:00,2026-09-30T17:00:00Z,VIP,2026-10-09T17:00:00Z,,,0,0,https://www.ticketmaster.com/john-mayer-live-at-sphere-las-vegas-nevada-04-18-2027/event/1700653837DCD4FF,18626617,2026-09-29T22:38:20Z,2026-10-01T13:14:51Z
16vjZ_KOMG7MuKW,John Mayer,John Mayer Live At Sphere,K8vZ9171SN7,Sphere,KovZ917Atbr,Las Vegas,NV,14,2027-04-17,20:00:00,2026-09-30T17:00:00Z,VIP,2026-10-09T17:00:00Z,,,0,0,https://www.ticketmaster.com/john-mayer-live-at-sphere-las-vegas-nevada-04-17-2027/event/1700653837DCD4FD,18626618,2026-09-29T22:38:20Z,2026-10-01T13:14:51Z
16vjZ_KOMG7UWKB,John Mayer,John Mayer Live At Sphere,K8vZ9171SN7,Sphere,KovZ917Atbr,Las Vegas,NV,14,2027-04-15,20:00:00,2026-09-30T17:00:00Z,VIP,2026-10-09T17:00:00Z,,,0,0,https://www.ticketmaster.com/john-mayer-live-at-sphere-las-vegas-nevada-04-15-2027/event/1700653837DBD4FA,18626619,2026-09-29T22:38:20Z,2026-10-01T13:14:51Z
16vjZ_KOMG7UcKU,John Mayer,John Mayer Live At Sphere,K8vZ9171SN7,Sphere,KovZ917Atbr,Las Vegas,NV,14,2027-04-10,20:00:00,2026-09-30T17:00:00Z,VIP,2026-10-09T17:00:00Z,,,0,0,https://www.ticketmaster.com/john-mayer-live-at-sphere-las-vegas-nevada-04-10-2027/event/1700653837DAD4F6,18626621,2026-09-29T22:38:20Z,2026-10-01T13:14:51Z
16vjZ_KOMG7UcKz,John Mayer,John Mayer Live At Sphere,K8vZ9171SN7,Sphere,KovZ917Atbr,Las Vegas,NV,14,2027-04-11,20:00:00,2026-09-30T17:00:00Z,VIP,2026-10-09T17:00:00Z,,,0,0,https://www.ticketmaster.com/john-mayer-live-at-sphere-las-vegas-nevada-04-11-2027/event/1700653837DAD4F8,18626620,2026-09-29T22:38:20Z,2026-10-01T13:14:51Z
17FOv0G61RJOFn9,Kansas,Kansas,K8vZ9171C-f,Hard Rock Live Orlando,KovZpZAEkJeA,Orlando,FL,17,2027-02-12,20:00:00,2026-09-25T14:00:00Z,VIP,2026-09-25T14:00:00Z,,,0,0,https://www.ticketmaster.com/kansas-orlando-florida-02-12-2027/event/220064ABE6808A97,18609599,2026-09-29T22:38:20Z,2026-09-30T22:16:22Z
17GZv0G65tTxsBE,John Summit,JOHN SUMMIT - CTRL ESCAPE ARENA TOUR,K8vZ917_pO7,Barclays Center,KovZ917AtP3,Brooklyn,NY,35,2026-11-29,19:00:00,2026-09-29T14:00:00Z,Artist,2026-09-30T14:00:00Z,,,0,0,https://www.ticketmaster.com/john-summit-ctrl-escape-arena-tour-brooklyn-new-york-11-29-2026/event/300064BA7F8B1EA7,18620964,2026-09-29T22:38:20Z,2026-09-30T05:32:38Z
17k8v0G62280U4b,Showtune Productions,Country Duos,K8vZ917_c_f,Chandler Center for the Arts,KovZpa3N8e,Chandler,AZ,36,2027-02-07,15:00:00,2026-11-18T17:00:00Z,Venue,2026-11-20T17:00:00Z,,,0,0,https://www.ticketmaster.com/country-duos-chandler-arizona-02-07-2027/event/190064F3D0936558,,2026-09-29T22:38:20Z,2026-10-01T13:14:51Z
17k8v0G6228dkfI,Showtune Productions,Rockin' Rewind,K8vZ917_c_f,Chandler Center for the Arts,KovZpa3N8e,Chandler,AZ,36,2027-01-17,15:00:00,2026-11-18T17:00:00Z,Venue,2026-11-20T17:00:00Z,,,0,0,https://www.ticketmaster.com/rockin-rewind-chandler-arizona-01-17-2027/event/190064F3D00C6528,,2026-09-29T22:38:20Z,2026-10-01T13:14:51Z
17k8v0G622oNpbF,Showtune Productions,That'll Be The Day: A Tribute to Buddy Holly,K8vZ917_c_f,Chandler Center for the Arts,KovZpa3N8e,Chandler,AZ,36,2027-04-04,15:00:00,2026-11-18T17:00:00Z,Venue,2026-11-20T17:00:00Z,,,0,0,https://www.ticketmaster.com/thatll-be-the-day-a-tribute-chandler-arizona-04-04-2027/event/190064F3D18D6608,,2026-09-29T22:38:20Z,2026-10-01T13:14:51Z
1A-ZkfyGkeHcaMO,A Perfect Circle,A Perfect Circle,K8vZ9171rq0,Mystic Lake Amphitheater,KovZ917AY5w,Shakopee,MN,16,2027-05-23,19:30:00,2026-09-30T15:00:00Z,Other,2026-10-02T15:00:00Z,,,0,0,https://www.ticketmaster.com/a-perfect-circle-shakopee-minnesota-05-23-2027/event/21006539BCB49DE0,18632539,2026-09-29T22:38:20Z,2026-10-01T13:14:51Z
1A-ZkfzGkd4jlj9,The Marshall Tucker Band,Little River Band & The Marshall Tucker Band,K8vZ917123V,Hard Rock Live Rockford,KovZ917ARFY,Rockford,IL,3,2027-02-04,18:00:00,2026-09-30T15:00:00Z,Other,2026-10-02T15:00:00Z,,,0,0,https://www.ticketmaster.com/little-river-band-the-marshall-tucker-rockford-illinois-02-04-2027/event/21006538D572B717,,2026-09-29T22:38:20Z,2026-10-01T13:14:51Z
1A4ZkfMGkdGza4s,Slipknot,Slipknot: (sic)est Stadium Tour,K8vZ9171Lz0,Nationals Park,KovZpZA1J67A,Washington,DC,47,2027-07-16,18:00:00,2026-09-29T14:00:00Z,Artist,2026-10-02T14:00:00Z,,,0,0,https://www.ticketmaster.com/slipknot-sicest-stadium-tour-washington-district-of-columbia-07-16-2027/event/15006537CCE09571,18626597,2026-09-29T22:38:20Z,2026-10-01T13:14:51Z
1A4ZkfMGkeJxp8r,Lizzy McAlpine,Lizzy McAlpine: The Over Country Tour,K8vZ917_p3V,Merriweather Post Pavilion,KovZpZA1JkvA,Columbia,MD,47,2027-06-25,19:00:00,2026-09-30T18:00:00Z,Artist,2026-10-02T14:00:00Z,,,0,0,https://www.ticketmaster.com/lizzy-mcalpine-the-over-country-tour-columbia-maryland-06-25-2027/event/15006537A689641E,18619445,2026-09-29T22:38:20Z,2026-10-01T13:14:51Z
1A4ZkfMGkePwkuJ,Jack Kays,Jack Kays - Jack Kays And His Band,K8vZ917_x80,9:30 CLUB,KovZpZA7knFA,Washington,DC,47,2027-03-21,18:30:00,2026-09-30T14:00:00Z,Artist,2026-10-02T14:00:00Z,,,0,0,https://www.ticketmaster.com/jack-kays-jack-kays-and-his-washington-district-of-columbia-03-21-2027/event/15006537A5C86366,18629494,2026-09-29T22:38:20Z,2026-10-01T13:14:51Z
1A4ZkfYGkdAti6q,Gnarls Barkley,Gnarls Barkley: To Whom It Still Concerns Tour,K8vZ9175Hz7,The Fillmore Silver Spring,KovZpZA6tFlA,Silver Spring,MD,47,2026-11-19,20:00:00,2026-09-24T14:00:00Z,Citi,2026-09-24T14:00:00Z,,,0,0,https://www.ticketmaster.com/gnarls-barkley-to-whom-it-still-silver-spring-maryland-11-19-2026/event/15006530C5A6C1DD,18604539,2026-09-29T22:38:20Z,2026-09-29T22:38:20Z
1A4ZkfgGkdjQhAU,NEEDTOBREATHE,NEEDTOBREATHE: The Long Surrender Tour,K8vZ917G1G7,The Anthem,KovZ917A3Y7,Washington,DC,47,2027-03-06,19:00:00,2026-09-28T14:00:00Z,VIP,2026-10-02T14:00:00Z,,,0,0,https://www.ticketmaster.com/needtobreathe-the-long-surrender-tour-washington-district-of-columbia-03-06-2027/event/15006535DC69B176,18621547,2026-09-29T22:38:20Z,2026-10-01T13:14:51Z
1A4ZkfwGkdU1_Zg,Lukas Graham,Lukas Graham,K8vZ9172uRV,The Fillmore Silver Spring,KovZpZA6tFlA,Silver Spring,MD,47,2027-03-09,20:30:00,2026-09-25T14:00:00Z,Citi,2026-09-25T14:00:00Z,,,0,0,https://www.ticketmaster.com/lukas-graham-silver-spring-maryland-03-09-2027/event/15006532F6299035,18618370,2026-09-29T22:38:20Z,2026-09-30T22:16:22Z
1A4ZkfwGkdaJCIk,Riley Green,Riley Green: That's Just Me Tour,K8vZ9173IbV,Merriweather Post Pavilion,KovZpZA1JkvA,Columbia,MD,47,2027-07-22,19:00:00,2026-09-29T14:00:00Z,Venue,2026-10-02T14:00:00Z,,,0,0,https://www.ticketmaster.com/riley-green-thats-just-me-tour-columbia-maryland-07-22-2027/event/15006532C998EA06,18626543,2026-09-29T22:38:20Z,2026-10-01T13:14:51Z
1A4ZkfwGkeT7cFE,Hilary Duff,Hilary Duff: the lucky me tour,K8vZ9175rEf,CFG Bank Arena,KovZpZAJe6dA,Baltimore,MD,47,2027-10-06,19:30:00,2026-10-01T14:00:00Z,Other,2026-10-02T14:00:00Z,,,0,0,https://www.ticketmaster.com/hilary-duff-the-lucky-me-tour-baltimore-maryland-10-06-2027/event/15006532BF12D227,18613391,2026-09-29T22:38:20Z,2026-10-01T13:14:51Z
1A4ZkfwGkez4ieO,Trippie Redd,Trippie Redd - The Non-disclosure Agreement Tour,K8vZ917ppmf,Echostage,KovZpZAadt7A,Washington,DC,47,2026-11-22,20:00:00,2026-09-25T14:00:00Z,VIP,2026-09-25T14:00:00Z,,,0,0,https://www.ticketmaster.com/trippie-redd-the-nondisclosure-agreement-tour-washington-district-of-columbia-11-22-2026/event/15006532B856C0A0,18618534,2026-09-29T22:38:20Z,2026-09-30T22:16:22Z
1A9ZkfMGkd8MYHo,A Perfect Circle,A Perfect Circle,K8vZ9171rq0,Fontainebleau Las Vegas,KovZ917AcIV,Las Vegas,NV,14,2027-06-10,20:00:00,2026-09-30T17:00:00Z,Other,2026-10-02T17:00:00Z,,,0,0,https://www.ticketmaster.com/a-perfect-circle-las-vegas-nevada-06-10-2027/event/17006537D0DF0F11,18632558,2026-09-29T22:38:20Z,2026-10-01T13:14:51Z
1A9ZkfMGkd8y8H4,A Perfect Circle,A Perfect Circle,K8vZ9171rq0,Fontainebleau Las Vegas,KovZ917AcIV,Las Vegas,NV,14,2027-06-11,20:00:00,2026-09-30T17:00:00Z,Other,2026-10-02T17:00:00Z,,,0,0,https://www.ticketmaster.com/a-perfect-circle-las-vegas-nevada-06-11-2027/event/17006537D0E50F15,18632560,2026-09-29T22:38:20Z,2026-10-01T13:14:51Z
1A9ZkfSGkeBNjQK,Michael Buble Tribute Show,Michael Bublé Experience - A Very Bublé Christmas,K8vZ9174BN0,Access at Aliante Casino & Hotel,KovZpZAa1dtA,North Las Vegas,NV,14,2026-12-18,20:00:00,2026-09-28T17:00:00Z,Card / Rewards,2026-10-02T17:00:00Z,,,0,0,https://www.ticketmaster.com/michael-buble-experience-a-very-buble-north-las-vegas-nevada-12-18-2026/event/17006533BA8DC693,,2026-09-29T22:38:20Z,2026-10-01T13:14:51Z
1A9ZkfVGkd9WDim,Night Lovell,Night Lovell,K8vZ917fKr0,House of Blues Las Vegas ,KovZpZA7klAA,Las Vegas,NV,14,2026-12-06,19:00:00,2026-09-30T17:00:00Z,Artist,2026-10-02T17:00:00Z,,,0,0,https://www.ticketmaster.com/night-lovell-las-vegas-nevada-12-06-2026/event/17006534D7F7BB2E,18628799,2026-09-29T22:38:20Z,2026-10-01T13:14:51Z
1A9ZkfYGkeYohip,Styx,Styx,K8vZ91712Vf,Nugget Casino Resort ,KovZ917AOKU,Sparks,NV,41,2027-01-09,20:00:00,2026-09-25T17:00:00Z,VIP,2026-09-25T17:00:00Z,,,0,0,https://www.ticketmaster.com/styx-sparks-nevada-01-09-2027/event/17006530B045BB16,18611037,2026-09-29T22:38:20Z,2026-09-30T22:16:22Z
1A9ZkfyGkemBToj,A Perfect Circle,A Perfect Circle,K8vZ9171rq0,Grand Sierra Resort and Casino,KovZpa30Ve,Reno,NV,41,2027-06-03,20:00:00,2026-09-30T17:00:00Z,VIP,2026-10-02T17:00:00Z,,,0,0,https://www.ticketmaster.com/a-perfect-circle-reno-nevada-06-03-2027/event/17006539AEEBF45C,18632549,2026-09-30T05:32:38Z,2026-10-01T13:14:51Z
1AOZkfIGkd4KdgK,The Brook & The Bluff,The Brook & The Bluff,K8vZ9179bb7,Saturn Birmingham,KovZpZAIdEAA,Birmingham,AL,1,2026-11-27,20:00:00,2026-09-30T14:00:00Z,Artist,2026-10-02T14:00:00Z,,,0,0,https://app.opendate.io/e/the-brook-the-bluff-present-the-ten-year-jamiversary-november-27-2026-736330,18631615,2026-09-29T22:38:20Z,2026-10-01T13:14:51Z
1AOZkfUGkdZJNzs,Chicago,Chicago,K8vZ9171u0V,VBC Mark C Smith Concert Hall,KovZpZAEkaJA,Huntsville,AL,1,2027-01-31,19:00:00,2026-09-29T15:00:00Z,Artist,2026-10-02T15:00:00Z,,,0,0,https://www.ticketmaster.com/chicago-huntsville-alabama-01-31-2027/event/20006536C09A3E31,18630712,2026-09-29T22:38:20Z,2026-10-01T13:14:51Z
1AOZkfgGkd6YdLE,Hilary Duff,Hilary Duff: the lucky me tour,K8vZ9175rEf,BOK Center,KovZpZAJIndA,Tulsa,OK,125,2027-11-08,19:30:00,2026-10-01T15:00:00Z,Artist,2026-10-02T15:00:00Z,,,0,0,https://www.ticketmaster.com/hilary-duff-the-lucky-me-tour-tulsa-oklahoma-11-08-2027/event/20006535C7C037E7,18613406,2026-09-29T22:38:20Z,2026-10-01T13:14:51Z
1AOZkfgGkeVz3BB,Drew & Ellie Holcomb,DREW & ELLIE HOLCOMB RAIN OR SHINE TOUR,K8vZ917_JAV,Alabama Theatre,KovZpZAdEEEA,Birmingham,AL,1,2027-02-10,19:00:00,2026-09-29T15:00:00Z,Artist,2026-10-02T15:00:00Z,,,0,0,https://www.ticketmaster.com/drew-ellie-holcomb-rain-or-shine-birmingham-alabama-02-10-2027/event/20006535B4E12EBA,18622276,2026-09-29T22:38:20Z,2026-10-01T13:14:51Z
1AOZkfsGkexhV7N,Riley Green,Riley Green: That's Just Me Tour,K8vZ9173IbV,BOK Center,KovZpZAJIndA,Tulsa,OK,125,2027-05-20,19:00:00,2026-09-29T15:00:00Z,Venue,2026-10-02T15:00:00Z,,,0,0,https://www.ticketmaster.com/riley-green-thats-just-me-tour-tulsa-oklahoma-05-20-2027/event/20006531A26F4123,18626525,2026-09-29T22:38:20Z,2026-10-01T13:14:51Z
1AOZkfwGkeW179e,Roger Waters Presents LEGACY - A Pink Floyd Show,Roger Waters Presents LEGACY - A Pink Floyd Show,K8vZ917-lxV,Montgomery Performing Arts Centre,KovZpZAEkaIA,Montgomery,AL,1,2027-02-26,20:00:00,2026-09-29T15:00:00Z,VIP,2026-10-02T15:00:00Z,,,0,0,https://www.ticketmaster.com/roger-waters-presents-legacy-a-pink-montgomery-alabama-02-26-2027/event/20006532BD2845C2,,2026-09-29T22:38:20Z,2026-10-01T13:14:51Z
1AOZkfyGkdKkV-j,In Color,In Color,K8vZ917rltf,Iron City,KovZpZAE7IJA,Birmingham,AL,1,2026-12-05,20:00:00,2026-10-01T15:00:00Z,Live Nation,2026-10-02T15:00:00Z,,,0,0,https://www.ticketmaster.com/in-color-birmingham-alabama-12-05-2026/event/20006539D31B485C,,2026-09-29T22:38:20Z,2026-10-01T13:14:51Z
1AOZkfzGkeHAfub,Red Worship,Red Worship: The Witness Tour,K8vZ917Lpx0,Iron City,KovZpZAE7IJA,Birmingham,AL,1,2027-04-09,19:30:00,2026-09-25T17:00:00Z,Other,2026-10-09T15:00:00Z,,,0,0,https://www.ticketmaster.com/red-worship-the-witness-tour-birmingham-alabama-04-09-2027/event/20006538BC154358,,2026-09-29T22:38:20Z,2026-10-01T13:14:51Z
1AYZkfUGkdWAFJv,Fantasia,The Love of Soul Tour,K8vZ917Cgvf,UBS Arena,KovZ917APye,Belmont Park,NY,35,2027-02-12,20:00:00,2026-09-30T14:00:00Z,Amex,2026-10-02T14:00:00Z,,,0,0,https://www.ticketmaster.com/the-love-of-soul-tour-belmont-park-new-york-02-12-2027/event/30006536FD148981,18632088,2026-09-29T22:38:20Z,2026-10-01T13:14:51Z
1AYZkffGkemS4xS,We Can Survive,We Can Survive,K8vZ9173Mef,UBS Arena,KovZ917APye,Belmont Park,NY,35,2026-10-28,19:00:00,2026-09-30T14:00:00Z,Artist,2026-10-02T14:00:00Z,,,0,0,https://www.ticketmaster.com/we-can-survive-belmont-park-new-york-10-28-2026/event/30006514AECD58B3,18632087,2026-09-29T22:38:20Z,2026-10-01T13:14:51Z
1AYZkfsGkdUbyXp,Lizzy McAlpine,WXPN Welcomes Lizzy McAlpine: The Over Country Tour,K8vZ917_p3V,Xfinity Mobile Arena,KovZ917AiMF,Philadelphia,PA,18,2027-06-18,19:00:00,2026-09-30T14:00:00Z,Artist,2026-10-02T14:00:00Z,,,0,0,https://www.ticketmaster.com/wxpn-welcomes-lizzy-mcalpine-the-over-philadelphia-pennsylvania-06-18-2027/event/30006531F6639F96,18619442,2026-09-29T22:38:20Z,2026-10-01T13:14:51Z
1AYZkfyGkeMpb8a,Autumn,Autumn!,K8vZ91728Cf,Arrow,KovZ917AYdd,Allentown,PA,18,2026-12-04,19:00:00,2026-09-29T14:00:00Z,Live Nation,2026-10-02T14:00:00Z,,,0,0,https://www.ticketmaster.com/autumn-allentown-pennsylvania-12-04-2026/event/30006539B7598409,18632135,2026-09-29T22:38:20Z,2026-10-01T13:14:51Z
1AYZkfyGkelFJUU,Omer Adam,Omer Adam,K8vZ917phI7,Barclays Center,KovZ917AtP3,Brooklyn,NY,35,2026-11-01,20:30:00,2026-10-01T14:00:00Z,VIP,2026-10-01T14:00:00Z,,,0,0,https://www.ticketmaster.com/omer-adam-brooklyn-new-york-11-01-2026/event/30006539AB226DB6,18632481,2026-09-29T22:38:20Z,2026-10-01T13:14:51Z
1A_ZkfMGke0QgeN,Fantasia,The Love of Soul Tour,K8vZ917Cgvf,Mortgage Matchup Center,KovZpZAE617A,Phoenix,AZ,36,2027-04-23,20:00:00,2026-09-30T17:00:00Z,Venue,2026-10-02T17:00:00Z,,,0,0,https://www.ticketmaster.com/the-love-of-soul-tour-phoenix-arizona-04-23-2027/event/19006537A46B50A3,18629227,2026-09-29T22:38:20Z,2026-10-01T13:14:51Z
1A_ZkfMGkece4gl,The Mavericks,The Mavericks,K8vZ9171FbV,Gila River Resorts & Casinos - Wild Horse Pass,KovZpZAAknFA,Chandler,AZ,36,2027-02-13,20:00:00,2026-09-30T17:00:00Z,Artist,2026-10-02T17:00:00Z,,,0,0,https://www.ticketmaster.com/the-mavericks-chandler-arizona-02-13-2027/event/19006537AD095D6B,,2026-09-29T22:38:20Z,2026-10-01T13:14:51Z
1A_ZkfUGkeRo4wh,The Piano Guys,The Piano Guys,K8vZ9178z90,Arizona Financial Theatre,KovZpZAEk7lA,Phoenix,AZ,36,2027-01-20,19:30:00,2026-09-29T17:00:00Z,Citi,2026-10-02T17:00:00Z,,,0,1,https://www.ticketmaster.com/the-piano-guys-phoenix-arizona-01-20-2027/event/19006536AF455C9B,,2026-09-29T22:38:20Z,2026-10-01T13:14:51Z
1A_ZkfUGkeVeU7r,Night Lovell,Night Lovell,K8vZ917fKr0,Marquee Theatre,KovZpZAJk7eA,Tempe,AZ,36,2026-12-05,20:00:00,2026-09-30T17:00:00Z,Artist,2026-10-02T17:00:00Z,,,0,0,https://www.ticketmaster.com/night-lovell-tempe-arizona-12-05-2026/event/19006536B40B611E,18629712,2026-09-29T22:38:20Z,2026-10-01T13:14:51Z
1A_ZkfYGkeJVkEF,Leftover Salmon,Leftover Salmon,K8vZ91719Rf,Marquee Theatre,KovZpZAJk7eA,Tempe,AZ,36,2027-01-16,19:30:00,2026-09-30T17:00:00Z,Artist,2026-10-02T17:00:00Z,,,0,0,https://www.ticketmaster.com/leftover-salmon-tempe-arizona-01-16-2027/event/19006530A6D069C8,,2026-09-29T22:38:20Z,2026-10-01T13:14:51Z
1A_ZkfYGkeij9ZW,Gipsy Kings featuring Nicolas Reyes,Gipsy Kings featuring Nicolas Reyes,K8vZ9179We7,Gila River Resorts & Casinos - Wild Horse Pass,KovZpZAAknFA,Chandler,AZ,36,2026-12-11,20:00:00,2026-09-25T17:00:00Z,VIP,2026-09-25T17:00:00Z,,,0,0,https://www.ticketmaster.com/gipsy-kings-featuring-nicolas-reyes-chandler-arizona-12-11-2026/event/19006530AC71703D,,2026-09-29T22:38:20Z,2026-09-30T22:16:22Z
1A_ZkfgGkdFOIFq,Slipknot,Slipknot: (sic)est Stadium Tour,K8vZ9171Lz0,Chase Field,KovZpZA6tdtA,Phoenix,AZ,36,2027-08-18,18:00:00,2026-09-29T17:00:00Z,Artist,2026-10-02T17:00:00Z,,,0,0,https://www.ticketmaster.com/slipknot-sicest-stadium-tour-phoenix-arizona-08-18-2027/event/19006535C882821D,18626587,2026-09-29T22:38:20Z,2026-10-01T13:14:51Z
1A_ZkfsGkd23t56,A Perfect Circle,A Perfect Circle,K8vZ9171rq0,Talking Stick Resort Amphitheatre,KovZpZAE6vJA,Phoenix,AZ,36,2027-06-13,19:30:00,2026-09-30T17:00:00Z,Other,2026-10-02T17:00:00Z,,,0,0,https://www.ticketmaster.com/a-perfect-circle-phoenix-arizona-06-13-2027/event/19006531CF4A92C7,18632561,2026-09-29T22:38:20Z,2026-10-01T13:14:51Z
1A_ZkfwGkdCnQcY,Ha*Ash,Ha*Ash - No Me Hablen de Amor,K8vZ917CW60,Arizona Financial Theatre,KovZpZAEk7lA,Phoenix,AZ,36,2027-05-08,20:00:00,2026-09-25T17:00:00Z,Citi,2026-09-25T17:00:00Z,,,0,0,https://www.ticketmaster.com/haash-no-me-hablen-de-amor-phoenix-arizona-05-08-2027/event/19006532CEA9AB70,18608845,2026-09-29T22:38:20Z,2026-09-30T22:16:22Z
1A_ZkfwGkdaRBbI,Dark Star Orchestra,Dark Star Orchestra,K8vZ9171IA0,Marquee Theatre,KovZpZAJk7eA,Tempe,AZ,36,2027-02-03,19:30:00,2026-09-30T17:00:00Z,Artist,2026-10-02T17:00:00Z,,,0,0,https://www.ticketmaster.com/dark-star-orchestra-tempe-arizona-02-03-2027/event/19006532C9BFA628,,2026-09-29T22:38:20Z,2026-10-01T13:14:51Z
1A_ZkfyGkdOrlNe,Brandi Carlile,Brandi Carlile: Burn The Setlist (The All Request Tour),K8vZ9175z3V,Rialto Theatre-Tucson,KovZpZAdlFaA,Tucson,AZ,36,2026-11-09,20:00:00,2026-09-29T17:00:00Z,Other,2026-10-02T17:00:00Z,,,0,0,https://www.ticketmaster.com/brandi-carlile-burn-the-setlist-the-tucson-arizona-11-09-2026/event/19006539E07AB8C2,18626664,2026-09-29T22:38:20Z,2026-10-01T13:14:51Z
1A_ZkfyGkdOyl04,Brandi Carlile,Brandi Carlile: Burn The Setlist (The All Request Tour),K8vZ9175z3V,Rialto Theatre-Tucson,KovZpZAdlFaA,Tucson,AZ,36,2026-11-10,20:00:00,2026-09-29T17:00:00Z,Other,2026-10-02T17:00:00Z,,,0,0,https://www.ticketmaster.com/brandi-carlile-burn-the-setlist-the-tucson-arizona-11-10-2026/event/19006539E0E6B915,18626666,2026-09-29T22:38:20Z,2026-10-01T13:14:51Z
1A_ZkfzGkdfNnrb,Valentine's Super Love Jam,Valentines Super Love Jam,K8vZ91742SV,Mortgage Matchup Center,KovZpZAE617A,Phoenix,AZ,36,2027-02-06,19:30:00,2026-10-01T17:00:00Z,Venue,2026-10-02T17:00:00Z,,,0,0,https://www.ticketmaster.com/valentines-super-love-jam-phoenix-arizona-02-06-2027/event/19006538D48EA798,,2026-09-29T22:38:20Z,2026-10-01T13:14:51Z
1A_ZkfzGkeIo9hH,Zeppelin USA,Zeppelin USA,K8vZ917oD87,The Van Buren,KovZ917A887,Phoenix,AZ,36,2027-01-16,20:00:00,2026-09-25T17:00:00Z,Citi,2026-09-25T17:00:00Z,,,0,0,https://www.ticketmaster.com/zeppelin-usa-phoenix-arizona-01-16-2027/event/19006538A84576FC,,2026-09-29T22:38:20Z,2026-09-30T22:16:22Z
1AdZZ_3GkD57zG1,Q102 Jingle Ball,Q102's Jingle Ball Presented by Capital One,K8vZ9171TF0,Xfinity Mobile Arena,KovZ917AiMF,Philadelphia,PA,18,2026-12-15,19:30:00,2026-09-29T14:00:00Z,Card / Rewards,2026-10-02T16:00:00Z,,,0,0,https://www.ticketmaster.com/q102s-jingle-ball-presented-by-capital-philadelphia-pennsylvania-12-15-2026/event/3000652ECB13830A,,2026-09-29T22:38:20Z,2026-10-01T13:14:51Z
1AdZZ_3GkDWsjA0,Riley Green,Riley Green: That's Just Me Tour,K8vZ9173IbV,PPL Center,KovZ917ARFJ,Allentown,PA,18,2027-07-16,19:00:00,2026-09-29T14:00:00Z,Venue,2026-10-02T14:00:00Z,,,0,0,https://www.ticketmaster.com/riley-green-thats-just-me-tour-allentown-pennsylvania-07-16-2027/event/3000652EFDC5C164,18626541,2026-09-29T22:38:20Z,2026-10-01T13:14:51Z
1AdZZ_3GkmRvUZw,Hans Zimmer,HANS ZIMMER LIVE - THE NEXT LEVEL,K8vZ917ubK0,UBS Arena,KovZ917APye,Belmont Park,NY,35,2027-02-19,19:30:00,2026-09-25T14:00:00Z,VIP,2026-09-25T14:00:00Z,,,0,0,https://www.ticketmaster.com/hans-zimmer-live-the-next-level-belmont-park-new-york-02-19-2027/event/3000652BAF076032,18601921,2026-09-29T22:38:20Z,2026-09-30T22:16:22Z
1Ae7Z_3GkTpCJjf,NEEDTOBREATHE,NEEDTOBREATHE: The Long Surrender Tour,K8vZ917G1G7,Vibrant Music Hall,KovZ917AiJz,Waukee,IA,24,2027-02-19,19:30:00,2026-09-28T14:00:00Z,Artist,2026-10-02T15:00:00Z,,,0,0,https://www.ticketmaster.com/needtobreathe-the-long-surrender-tour-waukee-iowa-02-19-2027/event/2100652FD63A6714,18621527,2026-09-29T22:38:20Z,2026-10-01T13:14:51Z
1Ae7Z_3Gkl2EPqo,Dylan Scott,Dylan Scott,K8vZ917Kr-f,Vibrant Music Hall,KovZ917AiJz,Waukee,IA,24,2027-01-23,19:30:00,2026-09-25T15:00:00Z,Citi,2026-09-25T15:00:00Z,,,0,0,https://www.ticketmaster.com/dylan-scott-waukee-iowa-01-23-2027/event/2100652ACF9E5751,18601543,2026-09-29T22:38:20Z,2026-09-30T22:16:22Z
1Ae7Z_3Gkl_iPXp,Rob Thomas,Rob Thomas: A Special Intimate Performance Benefitting Sidewalk Angels,K8vZ9175sFV,Hard Rock Live Rockford,KovZ917ARFY,Rockford,IL,3,2027-01-21,18:00:00,2026-09-30T15:00:00Z,Artist,2026-10-02T15:00:00Z,,,0,0,https://www.ticketmaster.com/rob-thomas-a-special-intimate-performance-rockford-illinois-01-21-2027/event/2100652AD9B25F96,18631630,2026-09-29T22:38:20Z,2026-10-01T13:14:51Z
1Ae7Z_KGkVLK9aE,Taylorville - A Tribute to Taylor Swift,Taylorville - A Tribute to Taylor Swift,K8vZ917jsH7,The Factory,KovZ917APwI,Saint Louis,MO,39,2027-02-06,19:30:00,2026-10-01T15:00:00Z,Venue,2026-10-02T15:00:00Z,,,0,0,https://www.ticketmaster.com/taylorville-a-tribute-to-taylor-swift-saint-louis-missouri-02-06-2027/event/2100653D1F4D7267,,,2026-10-01T13:14:51Z
1AeFZ_3GkDWDk5A,The Interrupters,The Interrupters,K8vZ917oanf,House of Blues Orlando,KovZpaFIme,Orlando,FL,17,2027-03-28,18:00:00,2026-09-25T14:00:00Z,VIP,2026-09-25T14:00:00Z,,,0,0,https://www.ticketmaster.com/the-interrupters-orlando-florida-03-28-2027/event/2200652EFDEC62C5,18612830,2026-09-29T22:38:20Z,2026-09-30T22:16:22Z
1AeFZ_3GkRjQpan,Queensryche,Queensryche,K8vZ917188f,Hard Rock Live Orlando,KovZpZAEkJeA,Orlando,FL,17,2027-01-08,20:00:00,2026-10-02T14:00:00Z,VIP,2026-10-02T14:00:00Z,,,0,0,https://www.ticketmaster.com/queensryche-orlando-florida-01-08-2027/event/2200652BDC69626A,18629417,2026-09-29T22:38:20Z,2026-10-01T13:14:51Z
1AeFZ_3GkX--7Oo,Fantasia,The Love of Soul Tour,K8vZ917Cgvf,Addition Financial Arena,KovZpZAE7aIA,Orlando,FL,17,2027-03-27,20:00:00,2026-09-30T14:00:00Z,Other,2026-10-02T14:00:00Z,,,0,0,https://www.ticketmaster.com/the-love-of-soul-tour-orlando-florida-03-27-2027/event/2200652FA1844811,18629529,2026-09-29T22:38:20Z,2026-10-01T13:14:51Z
1AeFZ_KGkU59x6J,Chicago,Chicago,K8vZ9171u0V,Maxwell C. King Center for the Performing Arts,KovZpZA1Ed1A,Melbourne,FL,17,2027-02-07,19:30:00,2026-09-29T14:00:00Z,Artist,2026-10-02T14:00:00Z,,,0,0,https://www.kingcenter.com/events/detail/chicago-3,,2026-09-29T22:38:20Z,2026-10-01T13:14:51Z
1AeFZ_KGkwS2V1v,Matthew West,Matthew West: Jesus Is King Tour,K8vZ917Gn3f,Northland Church,KovZpZA1AdnA,Longwood,FL,17,2027-04-16,19:00:00,2026-09-30T14:00:00Z,Artist,2026-10-05T14:00:00Z,,,0,0,https://www.ticketmaster.com/matthew-west-jesus-is-king-tour-longwood-florida-04-16-2027/event/2200653CB33F4281,18631582,2026-09-29T22:38:20Z,2026-10-01T13:14:51Z
1AeZZ_3GkB65oQZ,Brian Free and Assurance,Brian Free & Assurance and Jeff & Sherri Easter,K8vZ917uWUf,Montgomery Performing Arts Centre,KovZpZAEkaIA,Montgomery,AL,1,2026-12-06,20:00:00,2026-09-16T15:00:00Z,Other,2026-10-09T15:00:00Z,,,0,0,https://www.ticketmaster.com/brian-free-assurance-and-jeff-sherri-montgomery-alabama-12-06-2026/event/2000652E872D1680,,2026-09-29T22:38:20Z,2026-10-01T13:14:51Z
1AeZZ_3GkXjtxQe,Black Label Society,Black Label Society,K8vZ9175mu7,VBC Mars Music Hall,KovZ917AxGf,Huntsville,AL,1,2026-11-22,20:00:00,2026-09-25T15:00:00Z,Platinum,2026-09-25T15:00:00Z,,,0,1,https://www.ticketmaster.com/black-label-society-huntsville-alabama-11-22-2026/event/2000652F9CA62682,18613125,2026-09-29T22:38:20Z,2026-09-30T22:16:22Z
1AeZZ_3GknwydTT,Dylan Scott,Dylan Scott,K8vZ917Kr-f,Steelhouse Omaha,KovZ917At_0,Omaha,NE,52,2027-02-19,19:00:00,2026-09-25T15:00:00Z,VIP,2026-09-25T15:00:00Z,,,0,0,https://www.ticketmaster.com/dylan-scott-omaha-nebraska-02-19-2027/event/2000652AB2E43FFF,18601532,2026-09-29T22:38:20Z,2026-09-30T22:16:22Z
1AeZZ_KGkSGAVIF,October London,October London,K8vZ917hcof,VBC Mars Music Hall,KovZ917AxGf,Huntsville,AL,1,2026-11-09,19:30:00,2026-09-30T15:00:00Z,Other,2026-10-02T15:00:00Z,,,0,0,https://www.ticketmaster.com/october-london-huntsville-alabama-11-09-2026/event/2000653CCC174A08,,2026-09-29T22:38:20Z,2026-10-01T13:14:51Z
1AeZZ_KGkUpj3Su,Trap Orchestra Live!,Masterclass Trap Orchestra ft. Boosie,K8vZ917Lyh0,Montgomery Performing Arts Centre,KovZpZAEkaIA,Montgomery,AL,1,2026-11-20,20:00:00,2026-09-30T15:00:00Z,Other,2026-10-02T15:00:00Z,,,0,0,https://www.ticketmaster.com/masterclass-trap-orchestra-ft-boosie-montgomery-alabama-11-20-2026/event/2000653D96712CCD,,2026-09-29T22:38:20Z,2026-10-01T13:14:51Z
1ApZkfMGkec5zjj,Drew & Ellie Holcomb,Drew & Ellie Holcomb,K8vZ917_JAV,Lexington Opera House,KovZpZAFkFtA,Lexington,KY,28,2027-02-18,20:00:00,2026-09-29T14:00:00Z,Artist,2026-10-02T14:00:00Z,,,0,0,https://www.ticketmaster.com/drew-ellie-holcomb-lexington-kentucky-02-18-2027/event/16006537AD2F871C,18622020,2026-09-29T22:38:20Z,2026-10-01T13:14:51Z
1ApZkfUGkdJAl8x,Brandi Carlile,Brandi Carlile: Burn The Setlist (The All Request Tour) pres. by WFPK,K8vZ9175z3V,The Louisville Palace,KovZpZAEk6tA,Louisville,KY,28,2026-11-21,20:00:00,2026-09-29T14:00:00Z,Other,2026-10-02T14:00:00Z,,,0,0,https://www.ticketmaster.com/brandi-carlile-burn-the-setlist-the-louisville-kentucky-11-21-2026/event/16006536E616B422,18626671,2026-09-29T22:38:20Z,2026-10-01T13:14:51Z
1ApZkfUGkdJvl2T,Brandi Carlile,Brandi Carlile: Burn The Setlist (The All Request Tour) pres. by WFPK,K8vZ9175z3V,The Louisville Palace,KovZpZAEk6tA,Louisville,KY,28,2026-11-20,20:00:00,2026-09-29T14:00:00Z,Other,2026-10-02T14:00:00Z,,,0,0,https://www.ticketmaster.com/brandi-carlile-burn-the-setlist-the-louisville-kentucky-11-20-2026/event/16006536E606B3FF,18626665,2026-09-29T22:38:20Z,2026-10-01T13:14:51Z
1ApZkfgGkd9Zzsh,NEEDTOBREATHE,NEEDTOBREATHE: The Long Surrender Tour,K8vZ917G1G7,Citizens Live at The Wylie,KovZ917AYrv,Pittsburgh,PA,19,2027-03-07,19:00:00,2026-09-28T14:00:00Z,VIP,2026-10-02T14:00:00Z,,,0,0,https://www.ticketmaster.com/needtobreathe-the-long-surrender-tour-pittsburgh-pennsylvania-03-07-2027/event/16006535D7038C5B,18621548,2026-09-29T22:38:20Z,2026-10-01T13:14:51Z
1ApZkfgGkdLEtrK,Roger Waters Presents LEGACY - A Pink Floyd Show,Roger Waters Presents LEGACY - A Pink Floyd Show,K8vZ917-lxV,The Louisville Palace,KovZpZAEk6tA,Louisville,KY,28,2027-03-09,20:00:00,2026-09-30T14:00:00Z,Citi,2026-10-02T14:00:00Z,,,0,0,https://www.ticketmaster.com/roger-waters-presents-legacy-a-pink-louisville-kentucky-03-09-2027/event/16006535DF9E9793,,2026-09-29T22:38:20Z,2026-10-01T13:14:51Z
1ApZkfsGkdQpqGI,Hilary Duff,Hilary Duff: the lucky me tour,K8vZ9175rEf,PPG Paints Arena,KovZpZA6taeA,Pittsburgh,PA,19,2027-10-16,19:30:00,2026-10-01T14:00:00Z,Artist,2026-10-02T14:00:00Z,,,0,0,https://www.ticketmaster.com/hilary-duff-the-lucky-me-tour-pittsburgh-pennsylvania-10-16-2027/event/16006531DA59D328,18613403,2026-09-29T22:38:20Z,2026-10-01T13:14:51Z
1ApZkftGkdm-WoI,Little Feat,Little Feat,K8vZ9171CJV,Metropolitan Theatre,KovZpZA7v7tA,Morgantown,WV,19;23,2027-02-24,20:00:00,2026-09-25T14:00:00Z,VIP,2026-09-25T14:00:00Z,,,0,0,https://www.ticketmaster.com/little-feat-morgantown-west-virginia-02-24-2027/event/16006529EE87D468,18612732,2026-09-29T22:38:20Z,2026-09-30T22:16:22Z
1ApZkfwGkd8zBXw,Drew & Ellie Holcomb,Drew & Ellie Holcomb: Rain or Shine Tour,K8vZ917_JAV,Taft Theatre,KovZpa39ie,Cincinnati,OH,4,2027-02-17,20:00:00,2026-09-29T14:00:00Z,Artist,2026-10-02T14:00:00Z,,,0,0,https://www.ticketmaster.com/drew-ellie-holcomb-rain-or-shine-cincinnati-ohio-02-17-2027/event/16006532D0E3AFB2,18622160,2026-09-29T22:38:20Z,2026-10-01T13:14:51Z
1ApZkfxGkdbuj3L,Kenny Chesney,Kenny Chesney: The Original Vibe Room Tour with Eric Church,K8vZ9171f30,Acrisure Stadium,KovZpZAFa6nA,Pittsburgh,PA,19,2027-05-29,16:30:00,2026-09-25T14:00:00Z,VIP,2026-09-25T14:00:00Z,,,0,0,https://www.ticketmaster.com/kenny-chesney-the-original-vibe-room-pittsburgh-pennsylvania-05-29-2027/event/16006522D835C49F,18591992,2026-09-29T22:38:20Z,2026-09-30T22:16:22Z
1ApZkfyGkdPGH7X,Jefferson Starship,Jefferson Starship and John Waite,K8vZ91712df,Caesars Event Center at Caesars Southern Indiana,KovZpZAdnteA,Elizabeth,IN,28,2027-02-13,20:00:00,2026-09-30T15:00:00Z,Artist,2026-10-02T14:00:00Z,,,0,0,https://www.ticketmaster.com/jefferson-starship-and-john-waite-elizabeth-indiana-02-13-2027/event/16006539E533C13E,,2026-09-29T22:38:20Z,2026-10-01T13:14:51Z
1ApZkfyGkdv0FDA,Night Lovell,Night Lovell,K8vZ917fKr0,Roxian Theatre Presented By Citizens,KovZ917Ax13,McKees Rocks,PA,19,2026-12-15,19:00:00,2026-09-30T14:00:00Z,Other,2026-10-02T14:00:00Z,,,0,0,https://www.ticketmaster.com/night-lovell-mckees-rocks-pennsylvania-12-15-2026/event/16006539C1908EC5,18631740,2026-09-29T22:38:20Z,2026-10-01T13:14:51Z
1Av0Z_3GkSHQv4X,Dylan Scott,Dylan Scott,K8vZ917Kr-f,Gila River Resorts & Casinos - Wild Horse Pass,KovZpZAAknFA,Chandler,AZ,36,2027-02-27,20:00:00,2026-09-25T17:00:00Z,VIP,2026-09-25T17:00:00Z,,,0,0,https://www.ticketmaster.com/dylan-scott-chandler-arizona-02-27-2027/event/1900652CFC68157E,18601182,2026-09-29T22:38:20Z,2026-09-30T22:16:22Z
1Av0Z_3GkmLGgHm,Dylan Scott,Dylan Scott,K8vZ917Kr-f,Findlay Toyota Center,KovZpZAIIveA,Prescott Valley,AZ,36,2027-02-26,19:30:00,2026-09-25T17:00:00Z,VIP,2026-09-25T17:00:00Z,,,0,0,https://www.ticketmaster.com/dylan-scott-prescott-valley-arizona-02-26-2027/event/1900652B9F335F2E,18600660,2026-09-29T22:38:20Z,2026-09-30T22:16:22Z
1Av0Z_KGkSv9EcG,Wade Bowen,Wade Bowen: The Version of Me You Get Tour @ 191 Toole,K8vZ91750Af,191 Toole,KovZpZAt6ndA,Tucson,AZ,36,2027-02-13,20:00:00,2026-09-29T17:01:00Z,Artist,2026-10-02T17:00:00Z,,,0,0,https://www.ticketmaster.com/wade-bowen-the-version-of-me-tucson-arizona-02-13-2027/event/1900653CC15E7B4C,,2026-09-29T22:38:20Z,2026-10-01T13:14:51Z
1Av0Z_KGkt2kmO3,Old Dominion,Old Dominion,K8vZ9178rl7,Talking Stick Resort,KovZpZA1eAlA,Scottsdale,AZ,36,2026-12-13,20:00:00,2026-09-29T17:00:00Z,Other,2026-10-02T17:00:00Z,,,0,0,https://www.ticketmaster.com/old-dominion-scottsdale-arizona-12-13-2026/event/1900653A4F1AE812,18629655,2026-09-29T22:38:20Z,2026-10-01T13:14:51Z
1Av0Z_KGkw-w0Tp,Britnee Kellogg,Britnee Kellogg,K8vZ917QXc7,Talking Stick Resort,KovZpZA1eAlA,Scottsdale,AZ,36,2026-12-20,20:00:00,2026-09-30T17:00:00Z,Other,2026-10-02T17:00:00Z,,,0,0,https://www.ticketmaster.com/britnee-kellogg-scottsdale-arizona-12-20-2026/event/1900653CA1CA4FD6,,2026-09-29T22:38:20Z,2026-10-01T13:14:51Z
1Av0Z_KGkwHp6_s,Leftover Salmon,Leftover Salmon + Keller Williams @ Rialto Theatre,K8vZ91719Rf,Rialto Theatre-Tucson,KovZpZAdlFaA,Tucson,AZ,36,2027-01-17,19:30:00,2026-09-30T17:00:00Z,Artist,2026-10-02T17:00:00Z,,,0,0,https://www.ticketmaster.com/leftover-salmon-keller-williams-rialto-theatre-tucson-arizona-01-17-2027/event/1900653CBC587671,,2026-09-29T22:38:20Z,2026-10-01T13:14:51Z
1AvbZ_3GkBEP48K,Braxton Keith,Braxton Keith,K8vZ917QTV0,Manchester Music Hall,KovZpZAIav7A,Lexington,KY,28,2027-01-28,19:00:00,2026-09-25T14:00:00Z,VIP,2026-09-25T14:00:00Z,,,0,0,https://www.ticketmaster.com/braxton-keith-lexington-kentucky-01-28-2027/event/1600652EA7955413,18609882,2026-09-29T22:38:20Z,2026-09-30T22:16:22Z
1AvbZ_3GkBx_fB1,Hans Zimmer,HANS ZIMMER LIVE - THE NEXT LEVEL,K8vZ917ubK0,Heritage Bank Center,KovZpZA6tdJA,Cincinnati,OH,4;51,2027-03-07,19:30:00,2026-09-25T14:00:00Z,VIP,2026-09-25T14:00:00Z,,,0,0,https://www.ticketmaster.com/hans-zimmer-live-the-next-level-cincinnati-ohio-03-07-2027/event/1600652EA2654E8A,18601930,2026-09-29T22:38:20Z,2026-09-30T22:16:22Z
1AvbZ_3GkTIMCNy,The Interrupters,The Interrupters,K8vZ917oanf,Roxian Theatre Presented By Citizens,KovZ917Ax13,McKees Rocks,PA,19,2027-04-14,18:00:00,2026-09-25T14:00:00Z,VIP,2026-09-25T14:00:00Z,,,0,0,https://www.ticketmaster.com/the-interrupters-mckees-rocks-pennsylvania-04-14-2027/event/1600652FE8DCE8F9,18613142,2026-09-29T22:38:20Z,2026-09-30T22:16:22Z
1AvbZ_KGkSaU1hg,Journey vs Foreigner: A Tribute,Journey vs Foreigner: A Tribute,K8vZ917-Yvf,Mercury Ballroom,KovZpZAEk7EA,Louisville,KY,28,2027-01-08,20:00:00,2026-09-30T14:00:00Z,Citi,2026-10-02T14:00:00Z,,,0,0,https://www.ticketmaster.com/journey-vs-foreigner-a-tribute-louisville-kentucky-01-08-2027/event/1600653CC9D8A6F5,,2026-09-29T22:38:20Z,2026-10-01T13:14:51Z
1AvbZ_KGkUEz9wb,Mei Semones,Mei Semones,K8vZ917hexf,Spirit Hall,KovZ917A_J7,Pittsburgh,PA,19,2027-05-08,19:00:00,2026-10-01T14:00:00Z,Artist,2026-10-02T14:00:00Z,,,0,0,https://www.ticketmaster.com/mei-semones-pittsburgh-pennsylvania-05-08-2027/event/1600653DA7E17C98,,,2026-10-01T13:14:51Z
1AvbZ_KGkYeSXD2,Eric Benet,Eric Benet,K8vZ91719TV,Bogart's,KovZpZAEk6IA,Cincinnati,OH,4,2026-12-06,19:00:00,2026-09-30T15:00:00Z,Citi,2026-10-02T15:00:00Z,,,0,0,https://www.ticketmaster.com/eric-benet-cincinnati-ohio-12-06-2026/event/1600653C02CFEECF,18629604,2026-09-29T22:38:20Z,2026-10-01T13:14:51Z
1AvbZ_KGklcscxl,Black Stone Cherry,Black Stone Cherry,K8vZ9175Tjf,Manchester Music Hall,KovZpZAIav7A,Lexington,KY,28,2026-11-27,20:00:00,2026-09-29T14:00:00Z,Artist,2026-09-30T14:00:00Z,,,0,0,https://www.ticketmaster.com/black-stone-cherry-lexington-kentucky-11-27-2026/event/1600653AEDC6D8AB,18630042,2026-09-29T22:38:20Z,2026-09-29T22:38:20Z
1AvfZ_3GkBsS6TR,The Interrupters,The Interrupters,K8vZ917oanf,The Fillmore Silver Spring,KovZpZA6tFlA,Silver Spring,MD,47,2027-04-02,19:00:00,2026-09-25T14:00:00Z,VIP,2026-09-25T14:00:00Z,,,0,0,https://www.ticketmaster.com/the-interrupters-silver-spring-maryland-04-02-2027/event/1500652EB1CC7FEF,18612960,2026-09-29T22:38:20Z,2026-09-30T22:16:22Z
1AvfZ_3GknDrWkb,Ninajirachi,Ninajirachi's I Love My Computer and It Loves Me Tour,K8vZ917hOe7,The Anthem,KovZ917A3Y7,Washington,DC,47,2027-01-16,20:00:00,2026-09-24T14:00:00Z,VIP,2026-09-24T14:00:00Z,,,0,0,https://www.ticketmaster.com/ninajirachis-i-love-my-computer-and-washington-district-of-columbia-01-16-2027/event/1500652ABB7BD198,18609063,2026-09-29T22:38:20Z,2026-09-29T22:38:20Z
1AvfZ_KGkSNlRq_,Twin Temple,Twin Temple: Doomed Lovers Tour,K8vZ9179Pt7,9:30 CLUB,KovZpZA7knFA,Washington,DC,47,2027-03-09,19:00:00,2026-09-30T17:00:00Z,Other,2026-10-02T14:00:00Z,,,0,0,https://www.ticketmaster.com/twin-temple-doomed-lovers-tour-washington-district-of-columbia-03-09-2027/event/1500653CE3AEF759,,,2026-10-01T13:14:51Z
1AvfZ_KGkgwUxIH,Loud Luxury,Loud Luxury,K8vZ9174jJ7,Echostage,KovZpZAadt7A,Washington,DC,47,2026-11-28,22:00:00,2026-10-01T18:00:00Z,Other,2026-10-02T16:00:00Z,,,0,0,https://www.ticketmaster.com/loud-luxury-washington-district-of-columbia-11-28-2026/event/1500653D72DA2A3C,,2026-09-29T22:38:20Z,2026-10-01T13:14:51Z
1AvfZ_KGkw8zA2G,Roger Waters Presents LEGACY - A Pink Floyd Show,Roger Waters Presents LEGACY - A Pink Floyd Show,K8vZ917-lxV,The Paramount Baltimore,KovZ917AVbx,Baltimore,MD,47,2027-04-26,20:00:00,2026-10-02T14:00:00Z,VIP,2026-10-02T14:00:00Z,,,0,0,https://www.ticketmaster.com/roger-waters-presents-legacy-a-pink-baltimore-maryland-04-26-2027/event/1500653C90E053CC,,2026-09-29T22:38:20Z,2026-10-01T13:14:51Z
1AvjZ_3GkMcDLgA,Marc Anthony,Marc Anthony - Vegas... My Way!,K8vZ9171h9V,Fontainebleau Las Vegas,KovZ917AcIV,Las Vegas,NV,14,2027-09-11,21:00:00,2026-09-25T17:00:00Z,Citi,2026-09-25T17:00:00Z,,,0,0,https://www.ticketmaster.com/marc-anthony-vegas-my-way-las-vegas-nevada-09-11-2027/event/1700652DEDEDFD45,18608828,2026-09-29T22:38:20Z,2026-09-30T22:16:22Z
1AvjZ_3GkMcMLVW,Marc Anthony,Marc Anthony - Vegas... My Way!,K8vZ9171h9V,Fontainebleau Las Vegas,KovZ917AcIV,Las Vegas,NV,14,2027-02-20,21:00:00,2026-09-25T17:00:00Z,Citi,2026-09-25T17:00:00Z,,,0,0,https://www.ticketmaster.com/marc-anthony-vegas-my-way-las-vegas-nevada-02-20-2027/event/1700652DEDDDFD3D,18608827,2026-09-29T22:38:20Z,2026-09-30T22:16:22Z
1AvjZ_3GkMcRLVv,Marc Anthony,Marc Anthony - Vegas... My Way!,K8vZ9171h9V,Fontainebleau Las Vegas,KovZ917AcIV,Las Vegas,NV,14,2027-02-12,21:00:00,2026-09-25T17:00:00Z,Citi,2026-09-25T17:00:00Z,,,0,0,https://www.ticketmaster.com/marc-anthony-vegas-my-way-las-vegas-nevada-02-12-2027/event/1700652DEDBDFD01,18608820,2026-09-29T22:38:20Z,2026-09-30T22:16:22Z
1AvjZ_3GkMcSLVQ,Marc Anthony,Marc Anthony - Vegas... My Way!,K8vZ9171h9V,Fontainebleau Las Vegas,KovZ917AcIV,Las Vegas,NV,14,2027-02-17,21:00:00,2026-09-25T17:00:00Z,Citi,2026-09-25T17:00:00Z,,,0,0,https://www.ticketmaster.com/marc-anthony-vegas-my-way-las-vegas-nevada-02-17-2027/event/1700652DEDCDFD1A,18608838,2026-09-29T22:38:20Z,2026-09-30T22:16:22Z
1AvjZ_3GkMcTLgh,Marc Anthony,Marc Anthony - Vegas... My Way!,K8vZ9171h9V,Fontainebleau Las Vegas,KovZ917AcIV,Las Vegas,NV,14,2027-09-18,21:00:00,2026-09-25T17:00:00Z,Citi,2026-09-25T17:00:00Z,,,0,0,https://www.ticketmaster.com/marc-anthony-vegas-my-way-las-vegas-nevada-09-18-2027/event/1700652DEDFDFD5B,18608830,2026-09-29T22:38:20Z,2026-09-30T22:16:22Z
1AvjZ_3GkMcWLg2,Marc Anthony,Marc Anthony - Vegas... My Way!,K8vZ9171h9V,Fontainebleau Las Vegas,KovZ917AcIV,Las Vegas,NV,14,2027-09-17,21:00:00,2026-09-25T17:00:00Z,Citi,2026-09-25T17:00:00Z,,,0,0,https://www.ticketmaster.com/marc-anthony-vegas-my-way-las-vegas-nevada-09-17-2027/event/1700652DEDF5FD4F,18608829,2026-09-29T22:38:20Z,2026-09-30T22:16:22Z
1AvjZ_3GkMcgLVg,Marc Anthony,Marc Anthony - Vegas... My Way!,K8vZ9171h9V,Fontainebleau Las Vegas,KovZ917AcIV,Las Vegas,NV,14,2027-02-19,21:00:00,2026-09-25T17:00:00Z,Citi,2026-09-25T17:00:00Z,,,0,0,https://www.ticketmaster.com/marc-anthony-vegas-my-way-las-vegas-nevada-02-19-2027/event/1700652DEDD5FD35,18608821,2026-09-29T22:38:20Z,2026-09-30T22:16:22Z
1AvjZ_3GkMcsLVa,Marc Anthony,Marc Anthony - Vegas... My Way!,K8vZ9171h9V,Fontainebleau Las Vegas,KovZ917AcIV,Las Vegas,NV,14,2027-02-13,21:00:00,2026-09-25T17:00:00Z,Citi,2026-09-25T17:00:00Z,,,0,0,https://www.ticketmaster.com/marc-anthony-vegas-my-way-las-vegas-nevada-02-13-2027/event/1700652DEDC5FD09,18608822,2026-09-29T22:38:20Z,2026-09-30T22:16:22Z
1AvjZ_3GkMcyLVT,Marc Anthony,Marc Anthony - Vegas... My Way!,K8vZ9171h9V,Fontainebleau Las Vegas,KovZ917AcIV,Las Vegas,NV,14,2027-09-10,21:00:00,2026-09-25T17:00:00Z,Citi,2026-09-25T17:00:00Z,,,0,0,https://www.ticketmaster.com/marc-anthony-vegas-my-way-las-vegas-nevada-09-10-2027/event/1700652DEDE5FD3F,18608826,2026-09-29T22:38:20Z,2026-09-30T22:16:22Z
1AvjZ_3GkMmv2gl,Marc Anthony,Marc Anthony - Vegas... My Way!,K8vZ9171h9V,Fontainebleau Las Vegas,KovZ917AcIV,Las Vegas,NV,14,2027-09-19,21:00:00,2026-09-25T17:00:00Z,Citi,2026-09-25T17:00:00Z,,,0,0,https://www.ticketmaster.com/marc-anthony-vegas-my-way-las-vegas-nevada-09-19-2027/event/1700652DEE04FD6B,18608836,2026-09-29T22:38:20Z,2026-09-30T22:16:22Z
1AvjZ_3GkSoU-RG,Oprah Winfrey,Oprah Winfrey's AHA at Sphere,K8vZ9171SG7,Sphere,KovZ917Atbr,Las Vegas,NV,14,2027-04-04,18:00:00,2026-09-25T17:00:00Z,Card / Rewards,2026-09-25T17:00:00Z,,,0,0,https://www.ticketmaster.com/oprah-winfreys-aha-at-sphere-las-vegas-nevada-04-04-2027/event/1700652CD1DA1BCC,18589013,2026-09-29T22:38:20Z,2026-09-30T22:16:22Z
1AvjZ_3GkiLSFhf,Oprah Winfrey,Oprah Winfreys AHA at Sphere,K8vZ9171SG7,Sphere,KovZ917Atbr,Las Vegas,NV,14,2027-04-03,20:00:00,2026-09-25T17:00:00Z,Card / Rewards,2026-09-25T17:00:00Z,,,0,0,https://www.ticketmaster.com/oprah-winfreys-aha-at-sphere-las-vegas-nevada-04-03-2027/event/1700652B1FCC86D4,18589016,2026-09-29T22:38:20Z,2026-09-30T22:16:22Z
1AvjZ_3GkiO1zLZ,Oprah Winfrey,Oprah Winfreys AHA at Sphere,K8vZ9171SG7,Sphere,KovZ917Atbr,Las Vegas,NV,14,2027-04-04,12:00:00,2026-09-25T17:00:00Z,Card / Rewards,2026-09-25T17:00:00Z,,,0,0,https://www.ticketmaster.com/oprah-winfreys-aha-at-sphere-las-vegas-nevada-04-04-2027/event/1700652B202B87C0,18589013,2026-09-29T22:38:20Z,2026-09-30T22:16:22Z
1AvjZ_3GkirBzKT,Oprah Winfrey,Oprah Winfreys AHA at Sphere,K8vZ9171SG7,Sphere,KovZ917Atbr,Las Vegas,NV,14,2027-04-02,20:00:00,2026-09-25T17:00:00Z,Card / Rewards,2026-09-25T17:00:00Z,,,0,0,https://www.ticketmaster.com/oprah-winfreys-aha-at-sphere-las-vegas-nevada-04-02-2027/event/1700652B1EEB84FF,18589014,2026-09-29T22:38:20Z,2026-09-30T22:16:22Z
1AvjZ_KGkYvUp2Z,David Foster,An Intimate Evening with David Foster & Katharine McPhee,K8vZ917uFpV,The Event at Graton Resort & Casino,KovZpZAJ711A,Rohnert Park,CA,41,2027-02-19,20:00:00,2026-10-01T17:00:00Z,Card / Rewards,2026-10-02T17:00:00Z,,,0,0,https://www.ticketmaster.com/an-intimate-evening-with-david-foster-rohnert-park-california-02-19-2027/event/1700653C01D963C0,,,2026-10-01T13:14:51Z
1AxZkfUGkdWFF3Y,Hilary Duff,Hilary Duff: the lucky me tour,K8vZ9175rEf,Kia Center,KovZpZAEvEEA,Orlando,FL,17,2027-10-02,19:30:00,2026-10-01T14:00:00Z,Other,2026-10-02T14:00:00Z,,,0,0,https://www.ticketmaster.com/hilary-duff-the-lucky-me-tour-orlando-florida-10-02-2027/event/22006536FD2084B0,18613393,2026-09-29T22:38:20Z,2026-10-01T13:14:51Z
1AxZkfYGkdeBMQj,The Amy Winehouse Band,The Amy Winehouse Band,K8vZ917h5p0,Jacksonville Center for the Performing Arts - Moran Theater,KovZpZAE677A,Jacksonville,FL,25,2027-03-31,19:30:00,2026-09-30T14:00:00Z,Venue,2026-10-02T14:00:00Z,,,0,0,https://www.ticketmaster.com/the-amy-winehouse-band-jacksonville-florida-03-31-2027/event/22006530C2EB769C,18629694,2026-09-29T22:38:20Z,2026-10-01T13:14:51Z
1AxZkfYGkexMgrX,Hans Zimmer,HANS ZIMMER LIVE - THE NEXT LEVEL,K8vZ917ubK0,Kia Center,KovZpZAEvEEA,Orlando,FL,17,2027-03-11,19:30:00,2026-09-25T14:00:00Z,VIP,2026-09-25T14:00:00Z,,,0,0,https://www.ticketmaster.com/hans-zimmer-live-the-next-level-orlando-florida-03-11-2027/event/22006530A2DF57BE,18601931,2026-09-29T22:38:20Z,2026-09-30T22:16:22Z
1AxZkfgGkdmxEfX,NEEDTOBREATHE,NEEDTOBREATHE - The Long Surrender Tour,K8vZ917G1G7,Hard Rock Live Orlando,KovZpZAEkJeA,Orlando,FL,17,2027-03-14,19:00:00,2026-09-28T14:00:00Z,VIP,2026-10-02T14:00:00Z,,,0,0,https://www.ticketmaster.com/needtobreathe-the-long-surrender-tour-orlando-florida-03-14-2027/event/22006535EE8A753E,18621555,2026-09-29T22:38:20Z,2026-10-01T13:14:51Z
1AxZkfwGkeyNP6z,Fantasia,The Love of Soul Tour,K8vZ917Cgvf,VyStar Veterans Memorial Arena,KovZpZAE67AA,Jacksonville,FL,25,2027-04-16,20:00:00,2026-09-30T14:00:00Z,Promoter,2026-10-02T14:00:00Z,,,0,0,https://www.ticketmaster.com/the-love-of-soul-tour-jacksonville-florida-04-16-2027/event/22006532B98E51F8,18629294,2026-09-29T22:38:20Z,2026-10-01T13:14:51Z
1AxZkfyGkecW4ya,The Carole King & James Taylor Story,The Carole King & James Taylor Story,K8vZ917LkDV,Jacksonville Center for the Performing Arts - Terry Theater,KovZpZAEkJAA,Jacksonville,FL,25,2027-01-15,19:30:00,2026-10-01T14:00:00Z,Venue,2026-10-02T14:00:00Z,,,0,0,https://www.ticketmaster.com/the-carole-king-james-taylor-story-jacksonville-florida-01-15-2027/event/22006539ADF55E49,,2026-09-29T22:38:20Z,2026-10-01T13:14:51Z
1a9ZkfzZ84SZeGv,Clint Black,Clint Black,K8vZ9171F20,Westgate Las Vegas International Theater,KovZ917AOoO,Las Vegas ,NV,14,2027-03-06,19:00:00,2026-09-29T17:00:00Z,Artist,2026-10-02T17:00:00Z,,,0,1,https://www.ticketmaster.com/clint-black-las-vegas-nevada-03-06-2027/event/17006538010573B0,18629457,2026-09-29T22:38:20Z,2026-10-01T13:14:51Z
1aeZZ_KekboZdu2k,NEEDTOBREATHE,NEEDTOBREATHE: The Long Surrender Tour,K8vZ917G1G7,Steelhouse Omaha,KovZ917At_0,Omaha,NE,52,2027-02-18,19:00:00,2026-09-28T14:00:00Z,VIP,2026-10-02T15:00:00Z,,,0,0,https://www.ticketmaster.com/needtobreathe-the-long-surrender-tour-omaha-nebraska-02-18-2027/event/2000653086611CE5,18621525,2026-09-29T22:38:20Z,2026-10-01T13:14:51Z
1avfZ_KPwAxZdGCe,Kim Petras,Kim Petras: De-Tour,K8vZ917pWpV,Echostage,KovZpZAadt7A,Washington,DC,47,2026-12-02,20:00:00,2026-09-30T14:00:00Z,Artist,2026-10-02T14:00:00Z,,,0,0,https://www.ticketmaster.com/kim-petras-detour-washington-district-of-columbia-12-02-2026/event/1500653972162BD1,,2026-09-29T22:38:20Z,2026-10-01T13:14:51Z
1axZkfs-zZJZe28,Northlane,Northlane: THE ANEMOIA TOUR,K8vZ917ofc0,House of Blues Orlando,KovZpaFIme,Orlando,FL,17,2027-02-20,18:00:00,2026-09-29T16:00:00Z,Artist,2026-10-02T14:00:00Z,,,0,0,https://www.ticketmaster.com/northlane-the-anemoia-tour-orlando-florida-02-20-2027/event/22006531878026EF,,2026-09-29T22:38:20Z,2026-10-01T13:14:51Z
1kA8vPAFGA26PI0,Hot 99.5's Jingle Ball,Hot 99.5's Jingle Ball Presented By Capital One,K8vZ9178hRf,Capital One Arena,KovZpaKuJe,Washington,DC,47,2026-12-14,19:30:00,2026-09-29T14:00:00Z,Card / Rewards,2026-10-02T16:00:00Z,,,0,0,https://www.ticketmaster.com/hot-995s-jingle-ball-presented-by-washington-district-of-columbia-12-14-2026/event/150065148F1E5A24,,2026-09-29T22:38:20Z,2026-10-01T13:14:51Z
1kA8vPCFGA2v0_J,Michael Shannon & Jason Narducy,Michael Shannon & Jason Narducy and Friends play R.E.M.'s Document,K8vZ917qiZ7,9:30 CLUB,KovZpZA7knFA,Washington,DC,47,2027-02-28,18:00:00,2026-09-30T14:00:00Z,Artist,2026-10-02T14:00:00Z,,,0,0,https://www.ticketmaster.com/michael-shannon-jason-narducy-and-friends-washington-district-of-columbia-02-28-2027/event/150065388F064666,,2026-09-29T22:38:20Z,2026-10-01T13:14:51Z
1kA8vPCoGACqrVg,Lotus,Lotus - Remixed and Reimagined,K8vZ9175MB7,Baltimore Soundstage,KovZpa4fJe,Baltimore,MD,47,2026-12-31,21:00:00,2026-09-30T16:00:00Z,Other,2026-10-02T14:00:00Z,,,0,0,https://www.ticketmaster.com/lotus-remixed-and-reimagined-baltimore-maryland-12-31-2026/event/150065391E75ED35,,,2026-10-01T13:14:51Z
1kA8vPG9GA1o0A7,Northlane,Northlane: THE ANEMOIA TOUR,K8vZ917ofc0,Baltimore Soundstage,KovZpa4fJe,Baltimore,MD,47,2027-02-24,19:00:00,2026-09-29T16:00:00Z,Artist,2026-10-02T14:00:00Z,,,0,0,https://www.ticketmaster.com/northlane-the-anemoia-tour-baltimore-maryland-02-24-2027/event/150065317A464144,,2026-09-29T22:38:20Z,2026-10-01T13:14:51Z
1kA8vPuOGAuB0mR,Fantasia,The Love of Soul Tour,K8vZ917Cgvf,Capital One Arena,KovZpaKuJe,Washington,DC,47,2027-02-05,20:00:00,2026-09-30T14:00:00Z,Promoter,2026-10-02T14:00:00Z,,,0,0,https://www.ticketmaster.com/the-love-of-soul-tour-washington-district-of-columbia-02-05-2027/event/150065360DEA4BAF,18629248,2026-09-29T22:38:20Z,2026-10-01T13:14:51Z
1kA8vPuzGA2VV3q,it's murph,it's murph (NYW),K8vZ917hRP0,Echostage,KovZpZAadt7A,Washington,DC,47,2026-12-30,21:00:00,2026-09-30T14:00:00Z,Other,2026-10-01T14:00:00Z,,,0,0,https://www.ticketmaster.com/its-murph-nyw-washington-district-of-columbia-12-30-2026/event/150065378FD3449D,18631503,2026-09-29T22:38:20Z,2026-10-01T05:53:51Z
1kAOvPGtGAuok5Q,NEEDTOBREATHE,NEEDTOBREATHE: The Long Surrender Tour,K8vZ917G1G7,The Andrew J Brady Music Center,KovZ917APg3,Cincinnati,OH,4,2027-02-27,19:00:00,2026-09-28T14:00:00Z,VIP,2026-10-02T14:00:00Z,,,0,0,https://www.ticketmaster.com/needtobreathe-the-long-surrender-tour-cincinnati-ohio-02-27-2027/event/160065329D4462DA,18621538,2026-09-29T22:38:20Z,2026-10-01T13:14:51Z
1kAYvPa0GAu3-y4,Santana,SiriusXM Presents An Intimate Evening with SANTANA Greatest Hits Live,K8vZ91718pf,House of Blues Las Vegas ,KovZpZA7klAA,Las Vegas,NV,14,2027-01-30,19:00:00,2026-09-29T17:00:00Z,Citi,2026-10-02T17:00:00Z,,,0,0,https://www.ticketmaster.com/siriusxm-presents-an-intimate-evening-with-las-vegas-nevada-01-30-2027/event/170065264D4A1E55,18628831,2026-09-29T22:38:20Z,2026-10-01T13:14:51Z
1kAYvPa0GAu4vyt,Santana,SiriusXM Presents An Intimate Evening with SANTANA Greatest Hits Live,K8vZ91718pf,House of Blues Las Vegas ,KovZpZA7klAA,Las Vegas,NV,14,2027-05-12,19:00:00,2026-09-29T17:00:00Z,Citi,2026-10-02T17:00:00Z,,,0,0,https://www.ticketmaster.com/siriusxm-presents-an-intimate-evening-with-las-vegas-nevada-05-12-2027/event/170065264D541E69,18628833,2026-09-29T22:38:20Z,2026-10-01T13:14:51Z
1kAYvPa0GAu5vMo,Santana,SiriusXM Presents An Intimate Evening with SANTANA Greatest Hits Live,K8vZ91718pf,House of Blues Las Vegas ,KovZpZA7klAA,Las Vegas,NV,14,2027-01-20,19:00:00,2026-09-29T17:00:00Z,Citi,2026-10-02T17:00:00Z,,,0,0,https://www.ticketmaster.com/siriusxm-presents-an-intimate-evening-with-las-vegas-nevada-01-20-2027/event/170065264D2C1DD1,18628819,2026-09-29T22:38:20Z,2026-10-01T13:14:51Z
1kAYvPa0GAu8vzE,Santana,SiriusXM Presents An Intimate Evening with SANTANA Greatest Hits Live,K8vZ91718pf,House of Blues Las Vegas ,KovZpZA7klAA,Las Vegas,NV,14,2027-01-27,19:00:00,2026-09-29T17:00:00Z,Citi,2026-10-02T17:00:00Z,,,0,0,https://www.ticketmaster.com/siriusxm-presents-an-intimate-evening-with-las-vegas-nevada-01-27-2027/event/170065264D401E27,18628823,2026-09-29T22:38:20Z,2026-10-01T13:14:51Z
1kAYvPa0GAu9-yS,Santana,SiriusXM Presents An Intimate Evening with SANTANA Greatest Hits Live,K8vZ91718pf,House of Blues Las Vegas ,KovZpZA7klAA,Las Vegas,NV,14,2027-05-15,19:00:00,2026-09-29T17:00:00Z,Citi,2026-10-02T17:00:00Z,,,0,0,https://www.ticketmaster.com/siriusxm-presents-an-intimate-evening-with-las-vegas-nevada-05-15-2027/event/170065264D5E1E73,18628836,2026-09-29T22:38:20Z,2026-10-01T13:14:51Z
1kAYvPa0GAuCsz4,Santana,SiriusXM Presents An Intimate Evening with SANTANA Greatest Hits Live,K8vZ91718pf,House of Blues Las Vegas ,KovZpZA7klAA,Las Vegas,NV,14,2027-01-24,19:00:00,2026-09-29T17:00:00Z,Citi,2026-10-02T17:00:00Z,,,0,0,https://www.ticketmaster.com/siriusxm-presents-an-intimate-evening-with-las-vegas-nevada-01-24-2027/event/170065264D3B1E15,18628822,2026-09-29T22:38:20Z,2026-10-01T13:14:51Z
1kAYvPa0GAuGoMB,Santana,SiriusXM Presents An Intimate Evening with SANTANA Greatest Hits Live,K8vZ91718pf,House of Blues Las Vegas ,KovZpZA7klAA,Las Vegas,NV,14,2027-01-21,19:00:00,2026-09-29T17:00:00Z,Citi,2026-10-02T17:00:00Z,,,0,0,https://www.ticketmaster.com/siriusxm-presents-an-intimate-evening-with-las-vegas-nevada-01-21-2027/event/170065264D311DFA,18628820,2026-09-29T22:38:20Z,2026-10-01T13:14:51Z
1kAYvPa0GAuKsyx,Santana,SiriusXM Presents An Intimate Evening with SANTANA Greatest Hits Live,K8vZ91718pf,House of Blues Las Vegas ,KovZpZA7klAA,Las Vegas,NV,14,2027-01-31,19:00:00,2026-09-29T17:00:00Z,Citi,2026-10-02T17:00:00Z,,,0,0,https://www.ticketmaster.com/siriusxm-presents-an-intimate-evening-with-las-vegas-nevada-01-31-2027/event/170065264D4F1E62,18628832,2026-09-29T22:38:20Z,2026-10-01T13:14:51Z
1kAYvPa0GAuQ-B9,Santana,SiriusXM Presents An Intimate Evening with SANTANA Greatest Hits Live,K8vZ91718pf,House of Blues Las Vegas ,KovZpZA7klAA,Las Vegas,NV,14,2027-05-19,19:00:00,2026-09-29T17:00:00Z,Citi,2026-10-02T17:00:00Z,,,0,0,https://www.ticketmaster.com/siriusxm-presents-an-intimate-evening-with-las-vegas-nevada-05-19-2027/event/170065264D6A1E97,18628843,2026-09-29T22:38:20Z,2026-10-01T13:14:51Z
1kAYvPa0GAubsyW,Santana,SiriusXM Presents An Intimate Evening with SANTANA Greatest Hits Live,K8vZ91718pf,House of Blues Las Vegas ,KovZpZA7klAA,Las Vegas,NV,14,2027-05-16,19:00:00,2026-09-29T17:00:00Z,Citi,2026-10-02T17:00:00Z,,,0,0,https://www.ticketmaster.com/siriusxm-presents-an-intimate-evening-with-las-vegas-nevada-05-16-2027/event/170065264D631E7D,18628837,2026-09-29T22:38:20Z,2026-10-01T13:14:51Z
1kAYvPa0GAujvBi,Santana,SiriusXM Presents An Intimate Evening with SANTANA Greatest Hits Live,K8vZ91718pf,House of Blues Las Vegas ,KovZpZA7klAA,Las Vegas,NV,14,2027-05-20,19:00:00,2026-09-29T17:00:00Z,Citi,2026-10-02T17:00:00Z,,,0,0,https://www.ticketmaster.com/siriusxm-presents-an-intimate-evening-with-las-vegas-nevada-05-20-2027/event/170065264D701EAC,18628844,2026-09-29T22:38:20Z,2026-10-01T13:14:51Z
1kAYvPa0GAuoozw,Santana,SiriusXM Presents An Intimate Evening with SANTANA Greatest Hits Live,K8vZ91718pf,House of Blues Las Vegas ,KovZpZA7klAA,Las Vegas,NV,14,2027-01-28,19:00:00,2026-09-29T17:00:00Z,Citi,2026-10-02T17:00:00Z,,,0,0,https://www.ticketmaster.com/siriusxm-presents-an-intimate-evening-with-las-vegas-nevada-01-28-2027/event/170065264D451E32,18628824,2026-09-29T22:38:20Z,2026-10-01T13:14:51Z
1kAYvPa0GAupoyR,Santana,SiriusXM Presents An Intimate Evening with SANTANA Greatest Hits Live,K8vZ91718pf,House of Blues Las Vegas ,KovZpZA7klAA,Las Vegas,NV,14,2027-05-13,19:00:00,2026-09-29T17:00:00Z,Citi,2026-10-02T17:00:00Z,,,0,0,https://www.ticketmaster.com/siriusxm-presents-an-intimate-evening-with-las-vegas-nevada-05-13-2027/event/170065264D591E6F,18628834,2026-09-29T22:38:20Z,2026-10-01T13:14:51Z
1kAYvPa0GAuq-BB,Santana,SiriusXM Presents An Intimate Evening with SANTANA Greatest Hits Live,K8vZ91718pf,House of Blues Las Vegas ,KovZpZA7klAA,Las Vegas,NV,14,2027-05-22,19:00:00,2026-09-29T17:00:00Z,Card / Rewards,2026-10-02T17:00:00Z,,,0,0,https://www.ticketmaster.com/siriusxm-presents-an-intimate-evening-with-las-vegas-nevada-05-22-2027/event/170065264D761EBA,18628845,2026-09-29T22:38:20Z,2026-10-01T13:14:51Z
1kAYvPa0GAursDv,Santana,SiriusXM Presents An Intimate Evening with SANTANA Greatest Hits Live,K8vZ91718pf,House of Blues Las Vegas ,KovZpZA7klAA,Las Vegas,NV,14,2027-05-23,19:00:00,2026-09-29T17:00:00Z,Citi,2026-10-02T17:00:00Z,,,0,0,https://www.ticketmaster.com/siriusxm-presents-an-intimate-evening-with-las-vegas-nevada-05-23-2027/event/170065264D7B1EC1,18628846,2026-09-29T22:38:20Z,2026-10-01T13:14:51Z
1kAYvPa0GAuu-zk,Santana,SiriusXM Presents An Intimate Evening with SANTANA Greatest Hits Live,K8vZ91718pf,House of Blues Las Vegas ,KovZpZA7klAA,Las Vegas,NV,14,2027-01-23,19:00:00,2026-09-29T17:00:00Z,Citi,2026-10-02T17:00:00Z,,,0,0,https://www.ticketmaster.com/siriusxm-presents-an-intimate-evening-with-las-vegas-nevada-01-23-2027/event/170065264D361E06,18628821,2026-09-29T22:38:20Z,2026-10-01T13:14:51Z
1kF8vPuxGA2bmAV,Emerson Lake and Palmer,"Welcome Back My Friends - An Evening with Emerson, Lake & Palmer",K8vZ9171CV7,The Factory,KovZ917APwI,Saint Louis,MO,39,2027-02-26,19:30:00,2026-09-30T15:00:00Z,Venue,2026-10-02T15:00:00Z,,,0,0,https://www.ticketmaster.com/welcome-back-my-friends-an-evening-saint-louis-missouri-02-26-2027/event/210065362F62E174,,2026-09-29T22:38:20Z,2026-10-01T13:14:51Z
1kFOvPGdGA2huxQ,Daughtry,Daughtry - 20 Years Unplugged Tour,K8vZ917GZFf,Hard Rock Live Orlando,KovZpZAEkJeA,Orlando,FL,17,2027-01-27,19:00:00,2026-09-30T14:00:00Z,Other,2026-10-02T14:00:00Z,,,0,0,https://www.ticketmaster.com/daughtry-20-years-unplugged-tour-orlando-florida-01-27-2027/event/220065303F6CD89A,18632895,2026-09-29T22:38:20Z,2026-10-01T13:14:51Z
1kFZvPCFGA1x3oG,Roger Waters Presents LEGACY - A Pink Floyd Show,Roger Waters Presents LEGACY - A Pink Floyd Show,K8vZ917-lxV,VBC Mark C Smith Concert Hall,KovZpZAEkaJA,Huntsville,AL,1,2027-02-28,19:30:00,2026-09-29T15:00:00Z,VIP,2026-10-02T15:00:00Z,,,0,0,https://www.ticketmaster.com/roger-waters-presents-legacy-a-pink-huntsville-alabama-02-28-2027/event/200065388A89244C,,2026-09-29T22:38:20Z,2026-10-01T13:14:51Z
1kGZvPGaGA1LecY,Hans Zimmer,HANS ZIMMER LIVE - THE NEXT LEVEL,K8vZ917ubK0,Xfinity Mobile Arena,KovZ917AiMF,Philadelphia,PA,18,2027-02-23,19:30:00,2026-09-25T14:00:00Z,VIP,2026-09-25T14:00:00Z,,,0,0,https://www.ticketmaster.com/hans-zimmer-live-the-next-level-philadelphia-pennsylvania-02-23-2027/event/300065309A7C2B70,18601920,2026-09-29T22:38:20Z,2026-09-30T22:16:22Z
1kk8vPu_GACx0Xn,Dropkick Murphys,Dropkick Murphys,K8vZ9171h_V,Marquee Theatre,KovZpZAJk7eA,Tempe,AZ,36,2027-02-06,19:00:00,2026-09-30T17:00:00Z,Artist,2026-10-02T17:00:00Z,,,0,0,https://www.ticketmaster.com/dropkick-murphys-tempe-arizona-02-06-2027/event/190065359E8A4FAA,18633524,2026-09-29T22:38:20Z,2026-10-01T13:14:51Z
G5dIZ_3MPIS-k,Metallica,Metallica M72 World Tour,K8vZ9171G9V,Alamodome,KovZpZAEkIEA,San Antonio,TX,5;40;122,2027-05-22,18:00:00,2026-09-25T15:00:00Z,Citi,2026-09-25T15:00:00Z,,,0,0,https://www.ticketmaster.com/metallica-m72-world-tour-san-antonio-texas-05-22-2027/event/3A00652DE5A33846,18595099,2026-09-29T22:38:20Z,2026-09-30T22:16:22Z
G5dIZ_3Tn7JNl,Sons of Cream,Sons of Cream,K8vZ9172S_V,House of Blues Houston,KovZpZAE6k1A,Houston,TX,22,2027-01-29,19:00:00,2026-09-25T15:00:00Z,Citi,2026-09-25T15:00:00Z,,,0,0,https://www.ticketmaster.com/sons-of-cream-houston-texas-01-29-2027/event/3A00652FEA1268EB,18612692,2026-09-29T22:38:20Z,2026-09-30T22:16:22Z
G5dIZ_3r-JkHD,The Interrupters,The Interrupters,K8vZ917oanf,House of Blues Houston,KovZpZAE6k1A,Houston,TX,22,2027-03-24,18:00:00,2026-09-25T15:00:00Z,Citi,2026-09-25T15:00:00Z,,,0,0,https://www.ticketmaster.com/the-interrupters-houston-texas-03-24-2027/event/3A006527A1986F3B,18612693,2026-09-29T22:38:20Z,2026-09-30T22:16:22Z
G5dIZ_K1qabC1,Lizzy McAlpine,Lizzy McAlpine: The Over Country Tour,K8vZ917_p3V,Moody Center ATX,KovZ917ANwG,Austin,TX,40,2027-07-02,19:00:00,2026-09-30T15:00:00Z,Artist,2026-10-02T15:00:00Z,,,0,0,https://www.ticketmaster.com/lizzy-mcalpine-the-over-country-tour-austin-texas-07-02-2027/event/3A0065329D25838A,18619454,2026-09-29T22:38:20Z,2026-10-01T13:14:51Z
G5dIZ_K63VKyE,Trippie Redd,Trippie Redd - The Non-disclosure Agreement Tour,K8vZ917ppmf,Bayou Music Center,KovZpZAEkIIA,Houston,TX,22;123,2026-12-01,20:00:00,2026-09-25T15:00:00Z,VIP,2026-09-25T15:00:00Z,,,0,0,https://www.ticketmaster.com/trippie-redd-the-nondisclosure-agreement-tour-houston-texas-12-01-2026/event/3A006531D2D13E67,18617569,2026-09-29T22:38:20Z,2026-09-30T22:16:22Z
G5dIZ_KAuvDKs,Ha*Ash,Ha*Ash - No Me Hablen de Amor,K8vZ917CW60,Payne Arena,KovZpZAJJtIA,Hidalgo,TX,122,2027-05-15,20:00:00,2026-09-25T15:00:00Z,Citi,2026-09-25T15:00:00Z,,,0,0,https://www.ticketmaster.com/haash-no-me-hablen-de-amor-hidalgo-texas-05-15-2027/event/3A0065314D07B4F1,18608854,2026-09-29T22:38:20Z,2026-09-30T22:16:22Z
G5dIZ_KENCteP,Mei Semones,Mei Semones,K8vZ917hexf,White Oak Music Hall - Upstairs ,KovZ917Ai5U,Houston,TX,22,2027-04-16,19:00:00,2026-10-01T15:00:00Z,Artist,2026-10-02T15:00:00Z,,,0,0,https://www.ticketmaster.com/mei-semones-houston-texas-04-16-2027/event/3A006539E33A90A5,,,2026-10-01T13:14:51Z
G5dIZ_KENRa1D,Willi Carlisle,Willi Carlisle,K8vZ917_qH7,Antone's Nightclub,KovZpZAtv1nA,Austin,TX,40,2027-02-25,20:00:00,2026-10-01T16:00:00Z,Artist,2026-10-02T16:00:00Z,,,0,0,https://www.ticketmaster.com/willi-carlisle-austin-texas-02-25-2027/event/3A006539E3BC92BB,,,2026-10-01T13:14:51Z
G5dIZ_KEP9_0p,Old 97's,Old 97's w/ Buttercup,K8vZ9171mxf,Antone's Nightclub,KovZpZAtv1nA,Austin,TX,40,2027-01-01,20:00:00,2026-09-30T15:00:00Z,Artist,2026-10-01T15:00:00Z,,,0,0,https://www.ticketmaster.com/old-97s-w-buttercup-austin-texas-01-01-2027/event/3A006539E55D9916,18629458,2026-09-29T22:38:20Z,2026-09-30T22:16:22Z
G5dIZ_KG-Nr4N,James Marriott,James Marriott World Tour,K8vZ917hQP0,White Oak Music Hall - Downstairs,KovZ917AiGZ,Houston,TX,22,2027-03-07,18:30:00,2026-09-28T15:00:00Z,Artist,2026-10-02T14:00:00Z,,,0,0,https://www.ticketmaster.com/james-marriott-world-tour-houston-texas-03-07-2027/event/3A006533218DE563,18610286,2026-09-29T22:38:20Z,2026-10-01T13:14:51Z
G5dIZ_KGCuPO4,Terrian,Terrian - Mad Big World Tour,K8vZ917_dqf,White Oak Music Hall - Upstairs ,KovZ917Ai5U,Houston,TX,22,2027-04-24,19:00:00,2026-09-24T15:00:00Z,VIP,2026-09-25T15:00:00Z,,,0,0,https://www.ticketmaster.com/terrian-mad-big-world-tour-houston-texas-04-24-2027/event/3A0065330E365815,18611020,2026-09-29T22:38:20Z,2026-09-30T22:16:22Z
G5dIZ_KIZXfXn,La Firma,La Firma,K8vZ917CBQf,Arena Theatre,KovZpZAJJ7FA,Houston,TX,22;123,2027-02-13,20:00:00,2026-10-01T15:00:00Z,Venue,2026-10-02T15:00:00Z,,,0,0,https://www.ticketmaster.com/la-firma-houston-texas-02-13-2027/event/3A00653A00F94FAA,,2026-09-29T22:38:20Z,2026-10-01T13:14:51Z
G5dIZ_KJDVHi6,A Perfect Circle,A Perfect Circle,K8vZ9171rq0,The Cynthia Woods Mitchell Pavilion sponsored by Huntsman,KovZpZAE6k6A,The Woodlands,TX,22;123,2027-05-07,20:00:00,2026-09-30T15:00:00Z,Other,2026-10-02T15:00:00Z,,,0,0,https://www.ticketmaster.com/a-perfect-circle-the-woodlands-texas-05-07-2027/event/3A006539BBD3CB07,18632528,2026-09-29T22:38:20Z,2026-10-01T13:14:51Z
G5dIZ_KNeFXS7,Paco Versailles,Paco Versailles,K8vZ917hYDV,Antone's Nightclub,KovZpZAtv1nA,Austin,TX,40,2027-03-05,20:00:00,2026-10-01T14:00:00Z,Artist,2026-10-02T14:00:00Z,,,0,0,https://www.ticketmaster.com/paco-versailles-austin-texas-03-05-2027/event/3A006538C223ECC4,,,2026-10-01T13:14:51Z
G5dIZ_KNhZAXB,Hot Freaks,HOT FREAKS - SOFT BODY TOUR,K8vZ917QnGf,The Bronze Peacock at House of Blues Houston,KovZ917A58V,Houston,TX,22,2027-02-15,19:00:00,2026-09-29T15:00:00Z,Artist,2026-10-02T15:00:00Z,,,0,0,https://www.ticketmaster.com/hot-freaks-soft-body-tour-houston-texas-02-15-2027/event/3A006538DB005FBA,18631622,2026-09-29T22:38:20Z,2026-10-01T13:14:51Z
G5dIZ_KUEYGpp,Rusted Cage,"Grungefest - Feat: Rusted Cage, Alyson Chayns, And Lemon Yellow Sun",K8vZ9173767,Aztec Theatre,KovZpZAJEavA,San Antonio,TX,40,2027-01-30,19:00:00,2026-10-01T15:00:00Z,Live Nation,2026-10-02T15:00:00Z,,,0,0,https://www.ticketmaster.com/grungefest-feat-rusted-cage-alyson-chayns-san-antonio-texas-01-30-2027/event/3A00653DA7C0C596,,,2026-10-01T13:14:51Z
G5dIZ_KdeuTh4,Haiden Henderson,Haiden Henderson,K8vZ917jUef,The Bronze Peacock at House of Blues Houston,KovZ917A58V,Houston,TX,22,2027-04-09,19:00:00,2026-09-25T15:00:00Z,Citi,2026-09-25T15:00:00Z,,,0,0,https://www.ticketmaster.com/haiden-henderson-houston-texas-04-09-2027/event/3A006530C237F6D5,18613093,2026-09-29T22:38:20Z,2026-09-30T22:16:22Z
G5dIZ_Kh7A1ng,Hunxho,Hunxho - 2 Night Only Tour,K8vZ917QQw0,House of Blues Houston,KovZpZAE6k1A,Houston,TX,22,2026-12-23,19:00:00,2026-09-25T15:00:00Z,Citi,2026-09-25T15:00:00Z,,,0,0,https://www.ticketmaster.com/hunxho-2-night-only-tour-houston-texas-12-23-2026/event/3A006536C414AAB5,18617596,2026-09-29T22:38:20Z,2026-09-30T22:16:22Z
G5dIZ_Kh8LC6s,Hilary Duff,Hilary Duff: the lucky me tour,K8vZ9175rEf,Frost Bank Center,KovZpZAJJEdA,San Antonio,TX,40;51;122,2027-11-05,19:30:00,2026-10-01T15:00:00Z,Other,2026-10-02T15:00:00Z,,,0,1,https://www.ticketmaster.com/hilary-duff-the-lucky-me-tour-san-antonio-texas-11-05-2027/event/3A006536D07CE1F1,18613404,2026-09-29T22:38:20Z,2026-10-01T13:14:51Z
G5dIZ_KhdKQ9o,The Movement,THE MOVEMENT TOUR: WINTER 2027,K8vZ917GmFf,White Oak Music Hall - Downstairs,KovZ917AiGZ,Houston,TX,22,2027-03-06,19:00:00,2026-09-29T15:31:00Z,Artist,2026-10-02T16:00:00Z,,,0,0,https://www.ticketmaster.com/the-movement-tour-winter-2027-houston-texas-03-06-2027/event/3A006536C34DA5D1,,2026-09-29T22:38:20Z,2026-10-01T13:14:51Z
G5dIZ_KhpfRRG,Northlane,Northlane,K8vZ917ofc0,White Oak Music Hall - Downstairs,KovZ917AiGZ,Houston,TX,22,2027-02-18,18:00:00,2026-09-29T16:00:00Z,Artist,2026-10-02T15:00:00Z,,,0,0,https://www.ticketmaster.com/northlane-houston-texas-02-18-2027/event/3A006536D652FBCC,,2026-09-29T22:38:20Z,2026-10-01T13:14:51Z
G5dIZ_Kj4p1n0,Eric Benet,Eric Benet - You Do Tour,K8vZ91719TV,House of Blues Houston,KovZpZAE6k1A,Houston,TX,22,2026-12-03,19:00:00,2026-09-30T15:00:00Z,Citi,2026-10-02T15:00:00Z,,,0,0,https://www.ticketmaster.com/eric-benet-you-do-tour-houston-texas-12-03-2026/event/3A0065371558AAA4,,2026-09-29T22:38:20Z,2026-10-01T13:14:51Z
G5dIZ_KkBAWh-,NEEDTOBREATHE,NEEDTOBREATHE: The Long Surrender Tour!,K8vZ917G1G7,713 Music Hall,KovZ917APwH,Houston,TX,22,2027-03-20,19:00:00,2026-09-28T14:00:00Z,VIP,2026-10-02T15:00:00Z,,,0,0,https://www.ticketmaster.com/needtobreathe-the-long-surrender-tour-houston-texas-03-20-2027/event/3A006531BA17D6E1,18621563,2026-09-29T22:38:20Z,2026-10-01T13:14:51Z
G5dIZ_KkYGlDl,Ha*Ash,Ha*Ash - No Me Hablen de Amor,K8vZ917CW60,713 Music Hall,KovZ917APwH,Houston,TX,22,2027-05-16,20:00:00,2026-09-25T15:00:00Z,Citi,2026-09-25T15:00:00Z,,,0,0,https://www.ticketmaster.com/haash-no-me-hablen-de-amor-houston-texas-05-16-2027/event/3A006531B032BEEB,18608855,2026-09-29T22:38:20Z,2026-09-30T22:16:22Z
G5dIZ_Kko6pz2,Lizzy McAlpine,Lizzy McAlpine: The Over Country Tour,K8vZ917_p3V,713 Music Hall,KovZ917APwH,Houston,TX,22,2027-05-01,19:00:00,2026-09-30T19:00:00Z,Artist,2026-10-02T15:00:00Z,,,0,0,https://www.ticketmaster.com/lizzy-mcalpine-the-over-country-tour-houston-texas-05-01-2027/event/3A006531911D6E0F,18619416,2026-09-29T22:38:20Z,2026-10-01T13:14:51Z
G5dIZ_KpQma53,Trippie Redd,Trippie Redd - The Non-disclosure Agreement Tour,K8vZ917ppmf,Aztec Theatre,KovZpZAJEavA,San Antonio,TX,40,2026-12-22,20:00:00,2026-09-25T15:00:00Z,VIP,2026-09-25T15:00:00Z,,,0,0,https://www.ticketmaster.com/trippie-redd-the-nondisclosure-agreement-tour-san-antonio-texas-12-22-2026/event/3A0065359AB892D2,18618580,2026-09-29T22:38:20Z,2026-09-30T22:16:22Z
G5dIZ_Kw9qM3b,Twin Temple,Twin Temple: Doomed Lovers Tour,K8vZ9179Pt7,White Oak Music Hall - Downstairs,KovZ917AiGZ,Houston,TX,22,2027-03-13,19:00:00,2026-09-30T17:01:00Z,Other,2026-10-02T15:00:00Z,,,0,0,https://www.ticketmaster.com/twin-temple-doomed-lovers-tour-houston-texas-03-13-2027/event/3A00653C97777498,,,2026-10-01T13:14:51Z
G5dIZ_Kx0Z68q,Slipknot,Slipknot: (sic)est Stadium Tour,K8vZ9171Lz0,Daikin Park,KovZpZAJJAtA,Houston,TX,22;123,2027-08-06,18:00:00,2026-09-29T15:00:00Z,Artist,2026-10-02T15:00:00Z,,,0,0,https://www.ticketmaster.com/slipknot-sicest-stadium-tour-houston-texas-08-06-2027/event/3A006538A400741D,18626578,2026-09-29T22:38:20Z,2026-10-01T13:14:51Z
G5dIZ_KxUTltw,Daughtry,Daughtry - 20 Years Unplugged Tour,K8vZ917GZFf,Selena Auditorium,KovZpZAJnIIA,Corpus Christi,TX,122,2027-02-02,19:00:00,2026-09-30T15:00:00Z,Artist,2026-10-02T15:00:00Z,,,0,0,https://www.ticketmaster.com/daughtry-20-years-unplugged-tour-corpus-christi-texas-02-02-2027/event/3A006538B6FEBA72,18632905,2026-09-29T22:38:20Z,2026-10-01T13:14:51Z
G5dIZ_KxWqqCm,Daughtry,Daughtry - 20 Years Unplugged Tour,K8vZ917GZFf,Bayou Music Center,KovZpZAEkIIA,Houston,TX,22;123,2027-01-31,19:00:00,2026-09-30T15:00:00Z,Artist,2026-10-02T15:00:00Z,,,0,0,https://www.ticketmaster.com/daughtry-20-years-unplugged-tour-houston-texas-01-31-2027/event/3A006538BD75D3AE,18632897,2026-09-29T22:38:20Z,2026-10-01T13:14:51Z
G5dIZ_KxYR19R,Jack Kays,Jack Kays - Jack Kays And His Band,K8vZ917_x80,Scoot Inn,KovZpZAE6kIA,Austin,TX,40,2027-02-20,18:00:00,2026-09-30T15:00:00Z,Artist,2026-10-02T15:00:00Z,,,0,0,https://www.ticketmaster.com/jack-kays-jack-kays-and-his-austin-texas-02-20-2027/event/3A006538B0BCA5EF,18629583,2026-09-29T22:38:20Z,2026-10-01T13:14:51Z
G5dIZ_KxqS4DF,Roger Waters Presents LEGACY - A Pink Floyd Show,Roger Waters Presents LEGACY - A Pink Floyd Show,K8vZ917-lxV,Hobby Center,KovZpZAJJEaA,Houston,TX,22,2027-03-21,19:30:00,2026-09-29T15:00:00Z,VIP,2026-10-02T15:00:00Z,,,0,0,https://www.ticketmaster.com/roger-waters-presents-legacy-a-pink-houston-texas-03-21-2027/event/3A0065389DCD5EC8,,2026-09-29T22:38:20Z,2026-10-01T13:14:51Z
G5dYZ_KNm2dr5,All Time Low,"All Time Low presents So Wrong, It's Right: A 20 Year Celebration",K8vZ917G5gV,Radio City Music Hall,KovZpZAE7vdA,New York,NY,35;51;55;124,2027-02-19,20:00:00,2026-09-29T14:00:00Z,Artist,2026-10-02T14:00:00Z,,,0,0,https://www.ticketmaster.com/all-time-low-presents-so-wrong-new-york-new-york-02-19-2027/event/3C006538EE3C378B,18622124,2026-09-29T22:38:20Z,2026-10-01T13:14:51Z
G5dYZ_KNmKSr2,All Time Low,"All Time Low presents So Wrong, It's Right: A 20 Year Celebration",K8vZ917G5gV,Radio City Music Hall,KovZpZAE7vdA,New York,NY,35;51;55;124,2027-02-20,20:00:00,2026-09-30T13:45:00Z,Artist,2026-10-02T14:00:00Z,,,0,0,https://www.ticketmaster.com/all-time-low-presents-so-wrong-new-york-new-york-02-20-2027/event/3C006538EE4F378F,,2026-09-29T22:38:20Z,2026-10-01T13:14:51Z
G5dYZ_KeDN3Qx,Death Cab for Cutie,Death Cab for Cutie - I Built You A Tower Tour,K8vZ9171NGf,Radio City Music Hall,KovZpZAE7vdA,New York,NY,35;51;55;124,2027-04-13,20:00:00,2026-09-25T14:00:00Z,Card / Rewards,2026-09-25T14:00:00Z,,,0,0,https://www.ticketmaster.com/death-cab-for-cutie-i-built-new-york-new-york-04-13-2027/event/3C006530BB8D26A2,18603805,2026-09-29T22:38:20Z,2026-09-30T22:16:22Z
G5diZ_K7aBHDT,Shoshana Bean,"SHOSHANA BEAN: Live at the Beacon, One Night Only",K8vZ91749z0,Beacon Theatre,KovZpZAEAd6A,New York,NY,35;55;124,2026-12-14,19:30:00,2026-09-25T14:00:00Z,Card / Rewards,2026-09-25T14:00:00Z,,,0,0,https://www.ticketmaster.com/shoshana-bean-live-at-the-beacon-new-york-new-york-12-14-2026/event/3B00653109EBCEFF,18612823,2026-09-29T22:38:20Z,2026-09-30T22:16:22Z
G5diZ_Khn8JoE,Ryan Castro,RYAN CASTRO PRESENTS: LOS CHORROS CON RICHY TOUR,K8vZ917Q4fV,Madison Square Garden,KovZpZA7AAEA,New York,NY,35;51;55;124,2026-12-12,20:30:00,2026-09-30T17:00:00Z,Card / Rewards,2026-09-30T17:00:00Z,,,0,0,https://www.ticketmaster.com/ryan-castro-presents-los-chorros-con-new-york-new-york-12-12-2026/event/3B006536EA426467,18624611,2026-09-29T22:38:20Z,2026-10-01T13:14:51Z
G5diZ_Kr8E3Se,Lizzy McAlpine,Lizzy McAlpine: The Over Country Tour,K8vZ917_p3V,Madison Square Garden,KovZpZA7AAEA,New York,NY,35;51;55;124,2027-06-24,19:00:00,2026-09-30T14:00:00Z,Artist,2026-10-02T14:00:00Z,,,0,0,https://www.ticketmaster.com/lizzy-mcalpine-the-over-country-tour-new-york-new-york-06-24-2027/event/3B006537909D2CC2,18619444,2026-09-29T22:38:20Z,2026-10-01T13:14:51Z
G5eVZ_358-NQ0,Jeremy’s Ten,Jeremy's Ten: The Pearl Jam Tribute,K8vZ917p1ZV,House of Blues Myrtle Beach,KovZpZAEkeIA,North Myrtle Beach,SC,38;121,2026-12-04,19:00:00,2026-09-25T14:00:00Z,Citi,2026-09-25T14:00:00Z,,,0,0,https://www.ticketmaster.com/jeremys-ten-the-pearl-jam-tribute-north-myrtle-beach-south-carolina-12-04-2026/event/2D006522D08636A4,,2026-09-29T22:38:20Z,2026-09-30T22:16:22Z
G5eVZ_35jh4XA,Pandora's Box Tribute to Aerosmith,Pandora's Box - The Ultimate Aerosmith Tribute,K8vZ917fF_7,House of Blues Myrtle Beach,KovZpZAEkeIA,North Myrtle Beach,SC,38;121,2026-12-29,19:00:00,2026-09-30T14:00:00Z,Citi,2026-10-02T14:00:00Z,,,0,0,https://www.ticketmaster.com/pandoras-box-the-ultimate-aerosmith-tribute-north-myrtle-beach-south-carolina-12-29-2026/event/2D006522DC6D5F85,,2026-09-29T22:38:20Z,2026-10-01T13:14:51Z
G5eVZ_35p00tW,Jason Aldean Tribute,Big Green Tractor: Nashville's Tribute To The Music Of Jason Aldean,K8vZ917Kvpf,House of Blues Myrtle Beach,KovZpZAEkeIA,North Myrtle Beach,SC,38;121,2026-11-20,19:00:00,2026-09-25T14:00:00Z,Citi,2026-09-25T14:00:00Z,,,0,0,https://www.ticketmaster.com/big-green-tractor-nashvilles-tribute-to-north-myrtle-beach-south-carolina-11-20-2026/event/2D006522D6924A7D,,2026-09-29T22:38:20Z,2026-09-30T22:16:22Z
G5eVZ_3C19bfO,Kenny Chesney,Kenny Chesney: The Original Vibe Room Tour with Eric Church,K8vZ9171f30,Bank of America Stadium,KovZpa3hje,Charlotte,NC,2;121,2027-08-21,16:30:00,2026-09-25T14:00:00Z,VIP,2026-09-25T14:00:00Z,,,0,0,https://www.ticketmaster.com/kenny-chesney-the-original-vibe-room-charlotte-north-carolina-08-21-2027/event/2D0065238A5D8520,18592015,2026-09-29T22:38:20Z,2026-09-30T22:16:22Z
G5eVZ_3H3LwH3,Hans Zimmer,HANS ZIMMER LIVE - THE NEXT LEVEL,K8vZ917ubK0,Spectrum Center,KovZpZA6AEIA,Charlotte,NC,2;51;121,2027-03-09,19:30:00,2026-09-25T14:00:00Z,VIP,2026-09-25T14:00:00Z,,,0,0,https://www.ticketmaster.com/hans-zimmer-live-the-next-level-charlotte-north-carolina-03-09-2027/event/2D00652F127F2F12,18601932,2026-09-29T22:38:20Z,2026-09-30T22:16:22Z
G5eVZ_3XSt3ZV,Braxton Keith,Braxton Keith,K8vZ917QTV0,The Senate,KovZ917AxrJ,Columbia,SC,121,2027-04-08,19:00:00,2026-09-25T14:00:00Z,VIP,2026-09-25T14:00:00Z,,,0,0,https://www.ticketmaster.com/braxton-keith-columbia-south-carolina-04-08-2027/event/2D00652FB3A52034,18610344,2026-09-29T22:38:20Z,2026-09-30T22:16:22Z
G5eVZ_3nrNcXJ,Valley,Valley,K8vZ9174mN7,The Underground,KovZpZAIIvEA,Charlotte,NC,2,2027-03-13,20:00:00,2026-09-25T14:00:00Z,VIP,2026-09-25T14:00:00Z,,,0,0,https://www.ticketmaster.com/valley-charlotte-north-carolina-03-13-2027/event/2D00652A9E8EDFA6,18606490,2026-09-29T22:38:20Z,2026-09-30T22:16:22Z
G5eVZ_K10gLlg,Face 2 Face,Face 2 Face - A Tribute To Elton John & Billy Joel,K8vZ917ura7,Greenfield Lake Amphitheater,KovZ917A2qV,Wilmington,NC,38,2027-05-22,19:00:00,2026-09-25T15:00:00Z,Card / Rewards,2026-09-25T14:00:00Z,,,0,0,https://www.ticketmaster.com/face-2-face-a-tribute-to-wilmington-north-carolina-05-22-2027/event/2D006532A4D5FAF5,18609769,2026-09-29T22:38:20Z,2026-09-30T22:16:22Z
G5eVZ_K14Klik,Riley Green,Riley Green: That's Just Me Tour,K8vZ9173IbV,Bon Secours Wellness Arena ,KovZpZAJEInA,Greenville,SC,2;121,2027-05-01,19:00:00,2026-09-29T14:00:00Z,Venue,2026-10-02T14:00:00Z,,,0,0,https://www.ticketmaster.com/riley-green-thats-just-me-tour-greenville-south-carolina-05-01-2027/event/2D006532954EBB06,18626515,2026-09-29T22:38:20Z,2026-10-01T13:14:51Z
G5eVZ_K79lk7n,Northlane,Northlane: THE ANEMOIA TOUR,K8vZ917ofc0,The Underground,KovZpZAIIvEA,Charlotte,NC,2,2027-02-23,19:00:00,2026-09-29T16:00:00Z,Artist,2026-10-02T14:00:00Z,,,0,0,https://www.ticketmaster.com/northlane-the-anemoia-tour-charlotte-north-carolina-02-23-2027/event/2D00653117AC612A,,2026-09-29T22:38:20Z,2026-10-01T13:14:51Z
G5eVZ_K7koqsD,Haiden Henderson,Haiden Henderson,K8vZ917jUef,The Underground,KovZpZAIIvEA,Charlotte,NC,2,2027-04-18,20:00:00,2026-09-25T14:00:00Z,VIP,2026-09-25T14:00:00Z,,,0,0,https://www.ticketmaster.com/haiden-henderson-charlotte-north-carolina-04-18-2027/event/2D0065310645DC7B,18613118,2026-09-29T22:38:20Z,2026-09-30T22:16:22Z
G5eVZ_KEGrK_p,Surfer Girl,Surfer Girl: The Midnight Tour,K8vZ917QE6V,Neighborhood Theatre Tap Room,KovZ917ASM4,Charlotte,NC,2,2027-02-20,20:00:00,2026-09-30T16:00:00Z,Artist,2026-10-02T14:00:00Z,,,0,0,https://www.ticketmaster.com/surfer-girl-the-midnight-tour-charlotte-north-carolina-02-20-2027/event/2D006539CC793656,,2026-09-29T22:38:20Z,2026-10-01T13:14:51Z
G5eVZ_KEQ1PIM,Get the Led Out,Get the Led Out,K8vZ917GEfV,Harrah's Cherokee Center - Asheville,KovZpZAJvnIA,Asheville,NC,2;31;46;121,2026-12-03,19:00:00,2026-10-01T14:00:00Z,Other,2026-10-02T14:00:00Z,,,0,0,https://www.ticketmaster.com/get-the-led-out-asheville-north-carolina-12-03-2026/event/2D006539DA2A5A37,18629464,2026-09-29T22:38:20Z,2026-10-01T13:14:51Z
G5eVZ_KElMFRY,Matthew West,Matthew West: The Jesus Is King Tour,K8vZ917Gn3f,Martin Marietta Center for the Performing Arts,KovZpZAFF1nA,Raleigh,NC,38;121,2027-05-08,19:00:00,2026-09-30T14:00:00Z,Other,2026-10-05T14:00:00Z,,,0,0,https://www.ticketmaster.com/matthew-west-the-jesus-is-king-raleigh-north-carolina-05-08-2027/event/2D006539EBDC8BF0,18629804,2026-09-29T22:38:20Z,2026-10-01T13:14:51Z
G5eVZ_KEoC7ae,Daughtry,Daughtry - 20 Years Unplugged Tour,K8vZ917GZFf,The Charleston Music Hall,KovZpZA1vt6A,Charleston,SC,2;121,2027-03-05,19:00:00,2026-09-30T14:00:00Z,Artist,2026-10-02T14:00:00Z,,,0,0,https://www.ticketmaster.com/daughtry-20-years-unplugged-tour-charleston-south-carolina-03-05-2027/event/2D006539D1384242,18632937,2026-09-29T22:38:20Z,2026-10-01T13:14:51Z
G5eVZ_KL904YH,Billy and The Jets,Billy and The Jets - The Ultimate Billy Joel / Elton John Experience,K8vZpZAaaIFk,House of Blues Myrtle Beach,KovZpZAEkeIA,North Myrtle Beach,SC,38;121,2026-12-27,19:00:00,2026-09-30T14:00:00Z,Citi,2026-10-02T14:00:00Z,,,0,0,https://www.ticketmaster.com/billy-and-the-jets-the-ultimate-north-myrtle-beach-south-carolina-12-27-2026/event/2D006537D7915C3C,18629701,2026-09-29T22:38:20Z,2026-10-01T13:14:51Z
G5eVZ_KLLJEQL,Lizzy McAlpine,Lizzy McAlpine: The Over Country Tour,K8vZ917_p3V,DPAC,KovZpa2X8e,Durham,NC,38,2027-05-04,19:00:00,2026-09-30T14:00:00Z,Artist,2026-10-02T14:00:00Z,,,0,0,https://www.ticketmaster.com/lizzy-mcalpine-the-over-country-tour-durham-north-carolina-05-04-2027/event/2D006537DF9A769F,18619418,2026-09-29T22:38:20Z,2026-10-01T13:14:51Z
G5eVZ_KM3z71j,Michael Shannon & Jason Narducy,Michael Shannon & Jason Narducy and Friends play R.E.M.'s Document,K8vZ917qiZ7,The Orange Peel,KovZpa3hYe,Asheville,NC,121,2027-05-13,19:00:00,2026-09-30T14:00:00Z,Artist,2026-10-02T14:00:00Z,,,0,0,https://www.etix.com/ticket/p/68747539/michael-shannon-jason-narducy-and-friends-play-rems-document-asheville-the-orange-peel,,2026-09-29T22:38:20Z,2026-10-01T13:14:51Z
G5eVZ_KM8WdE9,Cory Wong,Cory Wong featuring dodie with special guest PREP,K8vZ917pxl0,The Orange Peel,KovZpa3hYe,Asheville,NC,121,2027-02-24,20:00:00,2026-09-30T14:00:00Z,Artist,2026-10-02T14:00:00Z,,,0,0,https://www.etix.com/ticket/p/94389193/cory-wong-featuring-dodie-with-special-guest-prep-asheville-the-orange-peel,,2026-09-29T22:38:20Z,2026-10-01T13:14:51Z
G5eVZ_KMoYSwA,Twin Temple,Twin Temple,K8vZ9179Pt7,The Orange Peel,KovZpa3hYe,Asheville,NC,121,2027-03-10,20:00:00,2026-09-30T17:00:00Z,Other,2026-10-02T14:00:00Z,,,0,0,https://www.etix.com/ticket/p/83961261/twin-temple-asheville-the-orange-peel,,,2026-10-01T13:14:51Z
G5eVZ_KO14w8h,Tell Me Lies - The Fleetwood Mac Experience,Tell Me Lies - A Tribute to Fleetwood Mac,K8vZ917jZ3f,Piedmont Hall,KovZ917AOU7,Greensboro,NC,38,2027-01-09,20:00:00,2026-09-30T14:00:00Z,Live Nation,2026-10-02T14:00:00Z,,,0,0,https://www.ticketmaster.com/tell-me-lies-a-tribute-to-greensboro-north-carolina-01-09-2027/event/2D0065380A57241B,,2026-09-29T22:38:20Z,2026-10-01T13:14:51Z
G5eVZ_KQU8hmT,Roger Waters Presents LEGACY - A Pink Floyd Show,Roger Waters Presents Legacy,K8vZ917-lxV,Ovens Auditorium,KovZpZAEkA6A,Charlotte,NC,2;121,2027-04-20,19:30:00,2026-09-29T14:00:00Z,VIP,2026-10-02T14:00:00Z,,,0,0,https://www.ticketmaster.com/roger-waters-presents-legacy-charlotte-north-carolina-04-20-2027/event/2D006536B641BBBF,,2026-09-29T22:38:20Z,2026-10-01T13:14:51Z
G5eVZ_Kd9sQW9,NEEDTOBREATHE,NEEDTOBREATHE: The Long Surrender Tour,K8vZ917G1G7,Harrah's Cherokee Center - Asheville,KovZpZAJvnIA,Asheville,NC,2;31;46;121,2027-03-11,19:00:00,2026-09-28T14:00:00Z,VIP,2026-10-02T14:00:00Z,,,0,0,https://www.ticketmaster.com/needtobreathe-the-long-surrender-tour-asheville-north-carolina-03-11-2027/event/2D006530D7C5AF57,18621552,2026-09-29T22:38:20Z,2026-10-01T13:14:51Z
G5eVZ_Ke-2cfW,Riley Green,Riley Green: That's Just Me Tour,K8vZ9173IbV,Coastal Credit Union Music Park at Walnut Creek,KovZpZAEkeaA,Raleigh,NC,38;121,2027-04-29,19:00:00,2026-09-29T14:00:00Z,Venue,2026-10-02T14:00:00Z,,,0,0,https://www.ticketmaster.com/riley-green-thats-just-me-tour-raleigh-north-carolina-04-29-2027/event/2D006530A13ED53D,18626510,2026-09-29T22:38:20Z,2026-10-01T13:14:51Z
G5eVZ_Keg9N5v,Ninajirachi,Ninajirachi's I Love My Computer and It Loves Me Tour,K8vZ917hOe7,The Fillmore Charlotte,KovZpaFEre,Charlotte,NC,2;121,2027-01-15,20:00:00,2026-09-24T14:00:00Z,VIP,2026-09-24T14:00:00Z,,,0,0,https://www.ticketmaster.com/ninajirachis-i-love-my-computer-and-charlotte-north-carolina-01-15-2027/event/2D006530B55E32C1,18609062,2026-09-29T22:38:20Z,2026-09-29T22:38:20Z
G5eVZ_Khc4kmz,NEEDTOBREATHE,NEEDTOBREATHE - The Long Surrender Tour,K8vZ917G1G7,DPAC,KovZpa2X8e,Durham,NC,38,2027-03-09,19:00:00,2026-09-28T14:00:00Z,VIP,2026-10-02T14:00:00Z,,,0,1,https://www.ticketmaster.com/needtobreathe-the-long-surrender-tour-durham-north-carolina-03-09-2027/event/2D006536ED546BB8,18621551,2026-09-29T22:38:20Z,2026-10-01T13:14:51Z
G5eVZ_Khh8NNV,Hunxho,Hunxho,K8vZ917QQw0,The Fillmore Charlotte,KovZpaFEre,Charlotte,NC,2;121,2026-11-29,19:00:00,2026-09-24T14:00:00Z,VIP,2026-09-25T14:00:00Z,,,0,0,https://www.ticketmaster.com/hunxho-charlotte-north-carolina-11-29-2026/event/2D006536DB4238F4,18617858,2026-09-29T22:38:20Z,2026-09-30T22:16:22Z
G5eVZ_Kj8b4gY,A Perfect Circle,A Perfect Circle,K8vZ9171rq0,Truliant Amphitheater,KovZpZAEkeJA,Charlotte,NC,2;121,2027-05-04,19:30:00,2026-09-30T14:00:00Z,Other,2026-10-02T14:00:00Z,,,0,0,https://www.ticketmaster.com/a-perfect-circle-charlotte-north-carolina-05-04-2027/event/2D00653710615D70,18632524,2026-09-29T22:38:20Z,2026-10-01T13:14:51Z
G5eVZ_KjBnXaR,Toy Factory Project,Toy Factory Project,K8vZ917rMJV,Spartanburg Memorial Auditorium,KovZpZAEkAEA,Spartanburg,SC,2;121,2026-12-30,19:30:00,2026-09-30T14:00:00Z,Artist,2026-10-02T14:00:00Z,,,0,0,https://www.ticketmaster.com/toy-factory-project-spartanburg-south-carolina-12-30-2026/event/2D0065373AABE26F,,2026-09-29T22:38:20Z,2026-10-01T13:14:51Z
G5eVZ_KkRgfDA,Braxton Keith,Braxton Keith + special guests,K8vZ917QTV0,Greenfield Lake Amphitheater,KovZ917A2qV,Wilmington,NC,38,2027-04-15,18:00:00,2026-09-25T14:00:00Z,VIP,2026-09-25T14:00:00Z,,,0,0,https://www.ticketmaster.com/braxton-keith-special-guests-wilmington-north-carolina-04-15-2027/event/2D006531AFD54EC5,18609763,2026-09-29T22:38:20Z,2026-09-30T22:16:22Z
G5eVZ_KkUPpJ_,NEEDTOBREATHE,NEEDTOBREATHE - The Long Surrender Tour,K8vZ917G1G7,Township Auditorium,KovZpZAEkkeA,Columbia,SC,2;121,2027-03-13,20:00:00,2026-09-28T14:00:00Z,VIP,2026-10-02T14:00:00Z,,,0,0,https://www.ticketmaster.com/needtobreathe-the-long-surrender-tour-columbia-south-carolina-03-13-2027/event/2D006531B6956999,18621554,2026-09-29T22:38:20Z,2026-10-01T13:14:51Z
G5eVZ_KkyR93L,Braxton Keith,Braxton Keith,K8vZ917QTV0,The Ritz,KovZpZAJIedA,Raleigh,NC,38;121,2027-04-09,19:00:00,2026-09-25T14:00:00Z,Citi,2026-09-25T14:00:00Z,,,0,0,https://www.ticketmaster.com/braxton-keith-raleigh-north-carolina-04-09-2027/event/2D006531B9BD749F,18609801,2026-09-29T22:38:20Z,2026-09-30T22:16:22Z
G5eVZ_Kpqg6lj,Hilary Duff,Hilary Duff: the lucky me tour,K8vZ9175rEf,Lenovo Center,KovZpZAdakJA,Raleigh,NC,38;121,2027-10-04,19:30:00,2026-10-01T14:00:00Z,Other,2026-10-02T14:00:00Z,,,0,0,https://www.ticketmaster.com/hilary-duff-the-lucky-me-tour-raleigh-north-carolina-10-04-2027/event/2D0065359DD47ADC,18613392,2026-09-29T22:38:20Z,2026-10-01T13:14:51Z
G5eVZ_Kw0Ky6m,Michael Shannon & Jason Narducy,Michael Shannon & Jason Narducy and Friends Play R.E.M.,K8vZ917qiZ7,The Ritz,KovZpZAJIedA,Raleigh,NC,38;121,2027-05-14,18:00:00,2026-09-30T14:00:00Z,Artist,2026-10-02T14:00:00Z,,,0,0,https://www.ticketmaster.com/michael-shannon-jason-narducy-and-friends-raleigh-north-carolina-05-14-2027/event/2D00653CA44F91EE,,2026-09-29T22:38:20Z,2026-10-01T13:14:51Z
G5eVZ_KwE-a0J,Matthew West,Matthew West: Jesus Is King Tour,K8vZ917Gn3f,Palmetto Pointe Church,KovZ917AIhx,Myrtle Beach,SC,121,2027-04-08,19:00:00,2026-09-30T14:00:00Z,Artist,2026-10-05T14:00:00Z,,,0,0,https://www.ticketmaster.com/matthew-west-jesus-is-king-tour-myrtle-beach-south-carolina-04-08-2027/event/2D00653CA7849926,18632099,2026-09-29T22:38:20Z,2026-10-01T13:14:51Z
G5eVZ_Kx4nbzB,Fantasia,The Love of Soul Tour,K8vZ917Cgvf,Lenovo Center,KovZpZAdakJA,Raleigh,NC,38;121,2027-05-08,20:00:00,2026-09-30T14:00:00Z,Venue,2026-10-02T14:00:00Z,,,0,0,https://www.ticketmaster.com/the-love-of-soul-tour-raleigh-north-carolina-05-08-2027/event/2D00653895A98E3A,18629230,2026-09-29T22:38:20Z,2026-10-01T13:14:51Z
G5eVZ_KxHzmzY,Chicago,Chicago,K8vZ9171u0V,DPAC,KovZpa2X8e,Durham,NC,38,2027-02-04,19:30:00,2026-09-29T14:00:00Z,Artist,2026-10-02T14:00:00Z,,,0,1,https://www.ticketmaster.com/chicago-durham-north-carolina-02-04-2027/event/2D006538BCE2EE30,18629503,2026-09-29T22:38:20Z,2026-10-01T13:14:51Z
G5eVZ_oXpya4d,Chicago,Chicago,K8vZ9171u0V,Township Auditorium,KovZpZAEkkeA,Columbia,SC,2;121,2027-02-02,19:30:00,2026-09-29T14:00:00Z,Artist,2026-10-02T14:00:00Z,,,0,0,https://www.ticketmaster.com/chicago-columbia-south-carolina-02-02-2027/event/2D00651F96E49543,18629446,2026-09-29T22:38:20Z,2026-10-01T13:14:51Z
G5vVZ_3EkJcjI,Dylan Scott,Dylan Scott Dear Big City Tour,K8vZ917Kr-f,Toyota Oakdale Theatre,KovZpZAEkFtA,Wallingford,CT,11;33;35;124,2027-02-05,19:30:00,2026-09-25T14:00:00Z,Citi,2026-09-25T14:00:00Z,,,0,0,https://www.ticketmaster.com/dylan-scott-dear-big-city-tour-wallingford-connecticut-02-05-2027/event/1D006529C69AD728,18600781,2026-09-29T22:38:20Z,2026-09-30T22:16:22Z
G5vVZ_8mNGpOh,Foxwoods Beerfest,Foxwoods Beerfest: Battle of the Brews,K8vZ917b0Rf,Rainmaker Expo Center,KovZ917AIW3,Mashantucket,CT,124,2026-11-21,14:00:00,2026-08-14T16:00:00Z,Other,2026-10-12T04:01:00Z,,,0,0,https://www.ticketmaster.com/foxwoods-beerfest-battle-of-the-brews-mashantucket-connecticut-11-21-2026/event/1D00650BA331681B,,2026-09-29T22:38:20Z,2026-10-01T13:14:51Z
G5vVZ_K1MLk2M,John Lodge,A Tribute to John Lodge: An Evening of Moody Blues Magic,K8vZ9174IS0,The Vogel at Count Basie Center for the Arts,KovZ917AxIJ,Red Bank,NJ,55,2026-12-01,19:30:00,2026-09-25T14:00:00Z,VIP,2026-09-25T14:00:00Z,,,0,0,https://www.ticketmaster.com/a-tribute-to-john-lodge-an-red-bank-new-jersey-12-01-2026/event/1D006532B77C63F7,18610359,2026-09-29T22:38:20Z,2026-09-30T22:16:22Z
G5vVZ_K5DwnJz,Hilary Duff,Hilary Duff: the lucky me tour,K8vZ9175rEf,Mohegan Sun Arena,KovZpZA6taIA,Uncasville,CT,11;33;35;124,2027-10-08,19:30:00,2026-10-01T14:00:00Z,Artist,2026-10-02T14:00:00Z,,,0,0,https://www.ticketmaster.com/hilary-duff-the-lucky-me-tour-uncasville-connecticut-10-08-2027/event/1D006532FBCAA9B8,18613390,2026-09-29T22:38:20Z,2026-10-01T13:14:51Z
G5vVZ_K6ZHAcV,Trippie Redd,Trippie Redd - The Non-disclosure Agreement Tour,K8vZ917ppmf,Dome at Toyota Oakdale Theatre,KovZpZAE6eFA,Wallingford,CT,11;33;35;124,2026-11-15,20:00:00,2026-09-25T14:00:00Z,Citi,2026-09-25T14:00:00Z,,,0,0,https://www.ticketmaster.com/trippie-redd-the-nondisclosure-agreement-tour-wallingford-connecticut-11-15-2026/event/1D006531C0F05B74,18617585,2026-09-29T22:38:20Z,2026-09-30T22:16:22Z
G5vVZ_K75rnur,The Waterboys,12th JH Friends: Fishermans Blues Revue -The Waterboys ft. Steve Earle,K8vZ9171FGV,The Capitol Theatre,KovZ917Ax6H,Port Chester,NY,35,2026-12-11,20:00:00,2026-09-25T14:00:00Z,Card / Rewards,2026-09-25T14:00:00Z,,,0,0,https://www.ticketmaster.com/12th-jh-friends-fishermans-blues-revue-port-chester-new-york-12-11-2026/event/1D0065310B7AA35E,18617599,2026-09-29T22:38:20Z,2026-09-30T22:16:22Z
G5vVZ_KCI8xEi,Slipknot,Slipknot: (sic)est Stadium Tour,K8vZ9171Lz0,Citi Field,KovZpZAalvtA,Queens,NY,35;55;124,2027-07-18,18:00:00,2026-09-29T14:00:00Z,Artist,2026-10-02T14:00:00Z,,,0,0,https://www.ticketmaster.com/slipknot-sicest-stadium-tour-queens-new-york-07-18-2027/event/1D006533A84229EC,18626576,2026-09-29T22:38:20Z,2026-10-01T13:14:51Z
G5vVZ_KEN_B9D,Deana Martin,A Musical Evening with DEANA MARTIN & MICHAEL MARTOCCI,K8vZ917Glb0,Hackensack Meridian Health Theatre at the Count Basie Center ,KovZ917A8C7,Red Bank,NJ,55,2027-04-03,19:30:00,2026-09-29T14:00:00Z,Other,2026-10-02T14:00:00Z,,,0,0,https://www.ticketmaster.com/a-musical-evening-with-deana-martin-red-bank-new-jersey-04-03-2027/event/1D006539E367A5FB,18629706,2026-09-29T22:38:20Z,2026-10-01T13:14:51Z
G5vVZ_KG9t6qy,Jefferson Starship,Jefferson Starship and John Waite,K8vZ91712df,Premier Theater at Foxwoods Resort Casino,KovZpZAE6e6A,Mashantucket,CT,11;33;35;124,2027-04-02,20:00:00,2026-10-01T14:00:00Z,VIP,2026-10-02T14:00:00Z,,,0,0,https://www.ticketmaster.com/jefferson-starship-and-john-waite-mashantucket-connecticut-04-02-2027/event/1D00653317A47779,,2026-09-29T22:38:20Z,2026-10-01T13:14:51Z
G5vVZ_KLQzIOW,Tinsley Ellis,Tinsley Ellis,K8vZ9171fm0,The Vogel at Count Basie Center for the Arts,KovZ917AxIJ,Red Bank,NJ,55,2026-11-19,19:30:00,2026-09-29T14:00:00Z,Other,2026-10-02T14:00:00Z,,,0,0,https://www.ticketmaster.com/tinsley-ellis-red-bank-new-jersey-11-19-2026/event/1D006537DAE2883D,18632086,2026-09-29T22:38:20Z,2026-10-01T13:14:51Z
G5vVZ_KN4LkYJ,Get the Led Out,Get the Led Out,K8vZ917GEfV,The Capitol Theatre,KovZ917Ax6H,Port Chester,NY,35,2026-12-19,20:00:00,2026-09-29T14:00:00Z,Card / Rewards,2026-10-02T14:00:00Z,,,0,0,https://www.ticketmaster.com/get-the-led-out-port-chester-new-york-12-19-2026/event/1D006538D57C6C26,18629525,2026-09-29T22:38:20Z,2026-10-01T13:14:51Z
G5vVZ_KertUQU,Damien Escobar,Damien Escobar: The Art of the Gentleman Tour,K8vZ917f8P7,The Vogel at Count Basie Center for the Arts,KovZ917AxIJ,Red Bank,NJ,55,2026-12-19,19:30:00,2026-10-01T14:00:00Z,Artist,2026-10-02T14:00:00Z,,,0,0,https://www.ticketmaster.com/damien-escobar-the-art-of-the-red-bank-new-jersey-12-19-2026/event/1D0065309EA766B6,,2026-09-30T05:32:38Z,2026-10-01T13:14:51Z
G5vVZ_KhQ_FXg,A Perfect Circle,A Perfect Circle,K8vZ9171rq0,Mohegan Sun Arena,KovZpZA6taIA,Uncasville,CT,11;33;35;124,2027-04-28,19:30:00,2026-09-30T14:00:00Z,Other,2026-10-02T14:00:00Z,,,0,0,https://www.ticketmaster.com/a-perfect-circle-uncasville-connecticut-04-28-2027/event/1D006536DA648FB5,18632520,2026-09-29T22:38:20Z,2026-10-01T13:14:51Z
G5vVZ_Khs0B9A,Gov't Mule,Gov't Mule,K8vZ9175Sn0,The Capitol Theatre,KovZ917Ax6H,Port Chester,NY,35,2026-12-28,20:00:00,2026-09-29T16:00:00Z,Venue,2026-10-02T16:00:00Z,,,0,0,https://www.ticketmaster.com/govt-mule-port-chester-new-york-12-28-2026/event/1D006536F193A5C5,18619490,2026-09-29T22:38:20Z,2026-10-01T13:14:51Z
G5vVZ_KhsJ19u,Gov't Mule,Gov't Mule,K8vZ9175Sn0,The Capitol Theatre,KovZ917Ax6H,Port Chester,NY,35,2026-12-29,20:00:00,2026-09-29T16:00:00Z,Venue,2026-10-02T16:00:00Z,,,0,0,https://www.ticketmaster.com/govt-mule-port-chester-new-york-12-29-2026/event/1D006536F198A5CD,18619492,2026-09-29T22:38:20Z,2026-10-01T13:14:51Z
G5vVZ_Ki1sF3R,Roger Waters Presents LEGACY - A Pink Floyd Show,Roger Waters Presents LEGACY - A Pink Floyd Show,K8vZ917-lxV,Premier Theater at Foxwoods Resort Casino,KovZpZAE6e6A,Mashantucket,CT,11;33;35;124,2027-04-10,19:00:00,2026-10-08T14:00:00Z,Venue,2026-10-09T14:00:00Z,,,0,0,https://www.ticketmaster.com/roger-waters-presents-legacy-a-pink-mashantucket-connecticut-04-10-2027/event/1D00653B0AC484AF,,2026-09-29T22:38:20Z,2026-10-01T13:14:51Z
G5vVZ_Kx-SKxh,Brandi Carlile,Brandi Carlile: Burn The Setlist (The All Request Tour),K8vZ9175z3V,The Capitol Theatre,KovZ917Ax6H,Port Chester,NY,35,2026-12-15,20:00:00,2026-09-29T14:00:00Z,Other,2026-10-02T14:00:00Z,,,0,0,https://www.ticketmaster.com/brandi-carlile-burn-the-setlist-the-port-chester-new-york-12-15-2026/event/1D006538A1CD389B,18626674,2026-09-29T22:38:20Z,2026-10-01T13:14:51Z
G5vVZ_Kx-VNxL,Brandi Carlile,Brandi Carlile: Burn The Setlist (The All Request Tour),K8vZ9175z3V,The Capitol Theatre,KovZ917Ax6H,Port Chester,NY,35,2026-12-16,20:00:00,2026-09-29T14:00:00Z,Other,2026-10-02T14:00:00Z,,,0,0,https://www.ticketmaster.com/brandi-carlile-burn-the-setlist-the-port-chester-new-york-12-16-2026/event/1D006538A1D2389F,18626676,2026-09-29T22:38:20Z,2026-10-01T13:14:51Z
G5vVZ_Kx-gSxN,Brandi Carlile,Brandi Carlile: Burn The Setlist (The All Request Tour),K8vZ9175z3V,The Capitol Theatre,KovZ917Ax6H,Port Chester,NY,35,2026-12-17,20:00:00,2026-09-29T14:00:00Z,Other,2026-10-02T14:00:00Z,,,0,0,https://www.ticketmaster.com/brandi-carlile-burn-the-setlist-the-port-chester-new-york-12-17-2026/event/1D006538A1D738A3,18626680,2026-09-29T22:38:20Z,2026-10-01T13:14:51Z
G5vYZ_32UcFLK,Hans Zimmer,HANS ZIMMER LIVE - THE NEXT LEVEL,K8vZ917ubK0,Chase Center,KovZ917Ah1H,San Francisco,CA,41,2027-04-04,19:30:00,2026-09-25T17:00:00Z,Card / Rewards,2026-09-25T17:00:00Z,,,0,0,https://www.ticketmaster.com/hans-zimmer-live-the-next-level-san-francisco-california-04-04-2027/event/1C006523F6B487D3,18601947,2026-09-29T22:38:20Z,2026-09-30T22:16:22Z
G5vYZ_3TCSeIv,Gnarls Barkley,Gnarls Barkley: To Whom It Still Concerns Tour,K8vZ9175Hz7,The Masonic,KovZpZAJ6nlA,San Francisco,CA,41,2026-11-05,20:00:00,2026-09-24T17:00:00Z,Citi,2026-09-24T17:00:00Z,,,0,0,https://www.ticketmaster.com/gnarls-barkley-to-whom-it-still-san-francisco-california-11-05-2026/event/1C00652FCECC2A01,18604536,2026-09-29T22:38:20Z,2026-09-29T22:38:20Z
G5vYZ_3nNPQVC,Hans Zimmer,HANS ZIMMER LIVE - THE NEXT LEVEL,K8vZ917ubK0,Golden 1 Center,KovZpZAEF76A,Sacramento,CA,41,2027-04-05,19:30:00,2026-09-25T17:00:00Z,VIP,2026-09-25T17:00:00Z,,,0,0,https://www.ticketmaster.com/hans-zimmer-live-the-next-level-sacramento-california-04-05-2027/event/1C00652AA395AD0E,18601953,2026-09-29T22:38:20Z,2026-09-30T22:16:22Z
G5vYZ_8bK7kMe,Steve Lacy,Steve Lacy: Oh yeah? Tour,K8vZ9174s67,Bill Graham Civic Auditorium,KovZpaKope,San Francisco,CA,41,2026-11-25,20:00:00,2026-09-25T17:00:00Z,Card / Rewards,2026-09-25T17:00:00Z,,,0,0,https://www.ticketmaster.com/steve-lacy-oh-yeah-tour-san-francisco-california-11-25-2026/event/1C00650613106DC2,18613496,2026-09-29T22:38:20Z,2026-09-30T22:16:22Z
G5vYZ_K0525-J,Dark Star Orchestra,2-DAY TICKET - Dark Star Orchestra,K8vZ9171IA0,Fox Theater - Oakland,KovZpaKoXe,Oakland,CA,41,2027-02-12,,2026-09-30T17:00:00Z,Artist,2026-10-02T17:00:00Z,,,0,0,https://www.ticketmaster.com/2day-ticket-dark-star-orchestra-oakland-california-02-12-2027/event/1C0065390B3CB866,,2026-09-29T22:38:20Z,2026-10-01T13:14:51Z
G5vYZ_K0Fc1ij,Dark Star Orchestra,Dark Star Orchestra - 2/13,K8vZ9171IA0,Fox Theater - Oakland,KovZpaKoXe,Oakland,CA,41,2027-02-13,19:30:00,2026-09-30T17:00:00Z,Artist,2026-10-02T17:00:00Z,,,0,0,https://www.ticketmaster.com/dark-star-orchestra-213-oakland-california-02-13-2027/event/1C00653908B4AB1C,,2026-09-29T22:38:20Z,2026-10-01T13:14:51Z
G5vYZ_K0kD1GQ,Dark Star Orchestra,Dark Star Orchestra - 2/12,K8vZ9171IA0,Fox Theater - Oakland,KovZpaKoXe,Oakland,CA,41,2027-02-12,19:30:00,2026-09-30T17:00:00Z,Artist,2026-10-02T17:00:00Z,,,0,0,https://www.ticketmaster.com/dark-star-orchestra-212-oakland-california-02-12-2027/event/1C00653906ECA31A,,2026-09-29T22:38:20Z,2026-10-01T13:14:51Z
G5vYZ_K55sUmI,Brandi Carlile,Brandi Carlile: Burn The Setlist (The All Request Tour),K8vZ9175z3V,Fox Theater - Oakland,KovZpaKoXe,Oakland,CA,41,2026-11-07,20:00:00,2026-09-29T17:00:00Z,Other,2026-10-02T17:00:00Z,,,0,0,https://www.ticketmaster.com/brandi-carlile-burn-the-setlist-the-oakland-california-11-07-2026/event/1C006532CBC76BA8,18626662,2026-09-29T22:38:20Z,2026-10-01T13:14:51Z
G5vYZ_K5AhPqF,James Marriott,James Marriott,K8vZ917hQP0,August Hall,KovZ917ALXF,San Francisco,CA,41,2027-02-28,19:30:00,2026-09-21T15:00:00Z,Card / Rewards,2026-10-02T16:00:00Z,,,0,0,https://www.ticketmaster.com/james-marriott-san-francisco-california-02-28-2027/event/1C006532C56E5748,18609825,2026-09-29T22:38:20Z,2026-10-01T13:14:51Z
G5vYZ_K60Xnfe,Daughtry,Daughtry - 20 Years Unplugged Tour,K8vZ917GZFf,Channel 24,KovZ917AYe5,Sacramento,CA,41,2027-02-08,19:00:00,2026-09-30T17:00:00Z,Artist,2026-10-02T17:00:00Z,,,0,0,https://www.ticketmaster.com/daughtry-20-years-unplugged-tour-sacramento-california-02-08-2027/event/1C006531E4FAA502,18632909,2026-09-29T22:38:20Z,2026-10-01T13:14:51Z
G5vYZ_K60vQat,Four Tops,Four Tops,K8vZ91718k0,Uptown Theatre Napa,KovZpZAFktdA,Napa,CA,41,2027-01-15,19:30:00,2026-09-25T17:00:00Z,VIP,2026-09-25T17:00:00Z,,,0,0,https://www.ticketmaster.com/four-tops-napa-california-01-15-2027/event/1C006531E405A269,18609780,2026-09-29T22:38:20Z,2026-09-30T22:16:22Z
G5vYZ_K6tphZ4,Lizzy McAlpine,Lizzy McAlpine: The Over Country Tour,K8vZ917_p3V,Chase Center,KovZ917Ah1H,San Francisco,CA,41,2027-07-13,19:00:00,2026-09-30T21:00:00Z,Artist,2026-10-02T17:00:00Z,,,0,0,https://www.ticketmaster.com/lizzy-mcalpine-the-over-country-tour-san-francisco-california-07-13-2027/event/1C006531E959B015,18619460,2026-09-29T22:38:20Z,2026-10-01T13:14:51Z
G5vYZ_K6wiGg_,Ha*Ash,Ha*Ash - No Me Hablen de Amor,K8vZ917CW60,San Jose Civic,KovZpZAJk71A,San Jose,CA,41,2027-05-06,20:00:00,2026-09-25T17:00:00Z,Citi,2026-09-25T17:00:00Z,,,0,0,https://www.ticketmaster.com/haash-no-me-hablen-de-amor-san-jose-california-05-06-2027/event/1C006531F2B0CD59,18608844,2026-09-29T22:38:20Z,2026-09-30T22:16:22Z
G5vYZ_K8mVUHv,Common Kings,Common Kings & The Green with Fortunate Youth and Through The Roots,K8vZ9172bgf,The Venue at Thunder Valley Casino Resort,KovZ917AtFi,Lincoln,CA,41,2027-01-30,19:00:00,2026-09-30T21:15:00Z,Artist,2026-10-02T17:00:00Z,,,0,0,https://www.ticketmaster.com/common-kings-the-green-with-fortunate-lincoln-california-01-30-2027/event/1C0065342ED36F01,,,2026-10-01T13:14:51Z
G5vYZ_K9cOB9X,Northlane,Northlane: THE ANEMOIA TOUR,K8vZ917ofc0,Ace of Spades,KovZpZAJ6lvA,Sacramento,CA,41,2027-02-12,18:00:00,2026-09-29T16:00:00Z,Artist,2026-10-02T17:00:00Z,,,0,0,https://www.ticketmaster.com/northlane-the-anemoia-tour-sacramento-california-02-12-2027/event/1C006535ED83A5FE,,2026-09-29T22:38:20Z,2026-10-01T13:14:51Z
G5vYZ_K9foJar,Dropkick Murphys,Dropkick Murphys: St. Patrick's Day 2027 Tour,K8vZ9171h_V,Channel 24,KovZ917AYe5,Sacramento,CA,41,2027-02-10,19:00:00,2026-09-30T17:00:00Z,Artist,2026-10-02T17:00:00Z,,,0,0,https://www.ticketmaster.com/dropkick-murphys-st-patricks-day-2027-sacramento-california-02-10-2027/event/1C006535D446625E,18633527,2026-09-29T22:38:20Z,2026-10-01T13:14:51Z
G5vYZ_KEb8uOu,Santa Rave,Santa Rave 18+,K8vZ917rmMf,Ace of Spades,KovZpZAJ6lvA,Sacramento,CA,41,2026-12-04,20:00:00,2026-09-28T17:00:00Z,Artist,2026-10-02T17:00:00Z,,,0,0,https://www.ticketmaster.com/santa-rave-18-sacramento-california-12-04-2026/event/1C006539D840D80D,18629669,2026-09-29T22:38:20Z,2026-10-01T13:14:51Z
G5vYZ_KIA6n57,Primus,2-DAY TICKET - PRIMUS - Here Come The Grizz,K8vZ9171FBf,Fox Theater - Oakland,KovZpaKoXe,Oakland,CA,41,2026-12-30,,2026-09-30T17:00:00Z,Artist,2026-10-02T17:00:00Z,,,0,0,https://www.ticketmaster.com/2day-ticket-primus-here-come-the-oakland-california-12-30-2026/event/1C00653A051EA2C4,,2026-09-29T22:38:20Z,2026-10-01T13:14:51Z
G5vYZ_KIDAWCA,Louie TheSinger,Louie TheSinger,K8vZ917jLS0,Ace of Spades,KovZpZAJ6lvA,Sacramento,CA,41,2026-11-29,19:00:00,2026-09-29T17:00:00Z,Live Nation,2026-10-02T17:00:00Z,,,0,0,https://www.ticketmaster.com/louie-thesinger-sacramento-california-11-29-2026/event/1C00653A3B17D385,18629668,2026-09-29T22:38:20Z,2026-10-01T13:14:51Z
G5vYZ_KIZgFjn,Primus,PRIMUS - Here Come The Grizz - 12/30,K8vZ9171FBf,Fox Theater - Oakland,KovZpaKoXe,Oakland,CA,41,2026-12-30,20:00:00,2026-09-30T17:00:00Z,Artist,2026-10-02T17:00:00Z,,,0,0,https://www.ticketmaster.com/primus-here-come-the-grizz-1230-oakland-california-12-30-2026/event/1C00653A00D4872A,,2026-09-29T22:38:20Z,2026-10-01T13:14:51Z
G5vYZ_KIe4td1,Primus,PRIMUS - Here Come The Grizz - 12/31,K8vZ9171FBf,Fox Theater - Oakland,KovZpaKoXe,Oakland,CA,41,2026-12-31,21:00:00,2026-09-30T17:00:00Z,Artist,2026-10-02T17:00:00Z,,,0,0,https://www.ticketmaster.com/primus-here-come-the-grizz-1231-oakland-california-12-31-2026/event/1C00653A025690CA,,2026-09-29T22:38:20Z,2026-10-01T13:14:51Z
G5vYZ_KJwW4Q0,Wasia Project,Wasia Project - Nocturne Live 2027,K8vZ917hjg0,The Castro Theatre,KovZpaF_me,San Francisco,CA,41,2027-03-02,20:00:00,2026-10-01T17:00:00Z,Artist,2026-10-02T17:00:00Z,,,0,0,https://www.ticketmaster.com/wasia-project-nocturne-live-2027-san-francisco-california-03-02-2027/event/1C006539B2F556A4,,2026-09-29T22:38:20Z,2026-10-01T13:14:51Z
G5vYZ_KM9ZwwU,"Our House: The Music Of Crosby, Stills, Nash & Young","Our House: The Music Of Crosby, Stills, Nash & Young",K8vZ917jtRf,Uptown Theatre Napa,KovZpZAFktdA,Napa,CA,41,2027-01-22,20:00:00,2026-10-01T17:00:00Z,Venue,2026-10-02T17:00:00Z,,,0,0,https://www.ticketmaster.com/our-house-the-music-of-crosby-napa-california-01-22-2027/event/1C00653DD7032CB6,,,2026-10-01T13:14:51Z
G5vYZ_KMpj3ls,AJ McLean,AJ McLean presents Alexander James : The Better Man Tour,K8vZ917f1-0,Ace of Spades,KovZpZAJ6lvA,Sacramento,CA,41,2027-01-14,19:00:00,2026-10-01T17:00:00Z,Live Nation,2026-10-02T17:30:00Z,,,0,0,https://www.ticketmaster.com/aj-mclean-presents-alexander-james-the-sacramento-california-01-14-2027/event/1C00653DD6712AF1,,,2026-10-01T13:14:51Z
G5vYZ_KNr5HpR,Michael Shannon & Jason Narducy,Michael Shannon & Jason Narducy and Friends play R.E.M.'s Document,K8vZ917qiZ7,The Fillmore,KovZpZAE6eeA,San Francisco,CA,41,2027-02-12,20:00:00,2026-09-30T17:00:00Z,Artist,2026-10-02T17:00:00Z,,,0,0,https://www.ticketmaster.com/michael-shannon-jason-narducy-and-friends-san-francisco-california-02-12-2027/event/1C006538DE2FC5AF,,2026-09-29T22:38:20Z,2026-10-01T13:14:51Z
G5vYZ_KNrGHpT,Michael Shannon & Jason Narducy,Michael Shannon & Jason Narducy and Friends play R.E.M.'s Document,K8vZ917qiZ7,The Fillmore,KovZpZAE6eeA,San Francisco,CA,41,2027-02-13,20:00:00,2026-09-30T17:00:00Z,Artist,2026-10-02T17:00:00Z,,,0,0,https://www.ticketmaster.com/michael-shannon-jason-narducy-and-friends-san-francisco-california-02-13-2027/event/1C006538DE33C5BF,,2026-09-29T22:38:20Z,2026-10-01T13:14:51Z
G5vYZ_KPCUhIT,Louie TheSinger,Louie TheSinger,K8vZ917jLS0,August Hall,KovZ917ALXF,San Francisco,CA,41,2026-11-10,20:00:00,2026-09-28T18:00:00Z,Card / Rewards,2026-10-02T17:00:00Z,,,0,0,https://www.ticketmaster.com/louie-thesinger-san-francisco-california-11-10-2026/event/1C0065394ED9BA3F,18629713,2026-09-29T22:38:20Z,2026-10-01T13:14:51Z
G5vYZ_KQJKr_k,Grateful Shred,Grateful Shred,K8vZ917p6T0,The Fillmore,KovZpZAE6eeA,San Francisco,CA,41,2027-04-02,20:00:00,2026-09-30T17:00:00Z,Artist,2026-10-02T17:00:00Z,,,0,0,https://www.ticketmaster.com/grateful-shred-san-francisco-california-04-02-2027/event/1C006536A64DE646,,2026-09-29T22:38:20Z,2026-10-01T13:14:51Z
G5vYZ_KQJfX_X,Grateful Shred,Grateful Shred,K8vZ917p6T0,The Fillmore,KovZpZAE6eeA,San Francisco,CA,41,2027-04-03,20:00:00,2026-09-30T17:00:00Z,Artist,2026-10-02T17:00:00Z,,,0,0,https://www.ticketmaster.com/grateful-shred-san-francisco-california-04-03-2027/event/1C006536A653E67E,,2026-09-29T22:38:20Z,2026-10-01T13:14:51Z
G5vYZ_KQJpCQr,Grateful Shred,Grateful Shred 2-Day Ticket,K8vZ917p6T0,The Fillmore,KovZpZAE6eeA,San Francisco,CA,41,2026-04-02,,2026-09-30T17:00:00Z,Artist,2026-10-02T17:00:00Z,,,0,0,https://www.ticketmaster.com/grateful-shred-2day-ticket-san-francisco-california-04-02-2026/event/1C006536A658E69E,,2026-09-29T22:38:20Z,2026-10-01T13:14:51Z
G5vYZ_KQV9wUY,Liberace & Liza: A Tribute,Liberace & Liza: A Tribute,K8vZ917Lwjf,Uptown Theatre Napa,KovZpZAFktdA,Napa,CA,41,2027-02-12,20:00:00,2026-09-30T17:00:00Z,Venue,2026-10-02T17:00:00Z,,,0,0,https://www.ticketmaster.com/liberace-liza-a-tribute-napa-california-02-12-2027/event/1C006536B45F2DB0,18629653,2026-09-29T22:38:20Z,2026-10-01T13:14:51Z
G5vYZ_KSG-6ey,Bad Suns,Disappear Here: A Ten Year Celebration,K8vZ9172nbf,August Hall,KovZ917ALXF,San Francisco,CA,41,2027-01-25,20:00:00,2026-09-30T21:00:00Z,Card / Rewards,2026-09-30T19:00:00Z,,,0,0,https://www.ticketmaster.com/disappear-here-a-ten-year-celebration-san-francisco-california-01-25-2027/event/1C00653CCC8470B9,,,2026-10-01T13:14:51Z
G5vYZ_KVSzURN,AJ McLean,Alexander James: The Better Man Tour,K8vZ917f1-0,August Hall,KovZ917ALXF,San Francisco,CA,41,2027-01-13,20:00:00,2026-09-30T17:30:00Z,Card / Rewards,2026-10-02T17:30:00Z,,,0,0,https://www.ticketmaster.com/alexander-james-the-better-man-tour-san-francisco-california-01-13-2027/event/1C00653D33E36BE3,,,2026-10-01T13:14:51Z
G5vYZ_KYXOckk,Mei Semones,Mei Semones,K8vZ917hexf,The Castro Theatre,KovZpaF_me,San Francisco,CA,41,2027-04-24,20:00:00,2026-10-01T17:00:00Z,Artist,2026-10-02T17:00:00Z,,,0,0,https://www.ticketmaster.com/mei-semones-san-francisco-california-04-24-2027/event/1C00653C3E82D186,,,2026-10-01T13:14:51Z
G5vYZ_Kh8Ba7d,Hunxho,Hunxho,K8vZ917QQw0,August Hall,KovZ917ALXF,San Francisco,CA,41,2026-12-14,20:00:00,2026-09-25T17:00:00Z,Card / Rewards,2026-09-25T17:00:00Z,,,0,0,https://www.ticketmaster.com/hunxho-san-francisco-california-12-14-2026/event/1C006536D0E89103,18618015,2026-09-29T22:38:20Z,2026-09-30T22:16:22Z
G5vYZ_KhSbRlP,Slipknot,Slipknot: (sic)est Tour at Golden Gate Park,K8vZ9171Lz0,Golden Gate Park,KovZpaKFJe,San Francisco,CA,41,2027-08-15,16:00:00,2026-09-29T17:00:00Z,Artist,2026-10-02T17:00:00Z,,,0,0,https://www.ticketmaster.com/slipknot-sicest-tour-at-golden-gate-san-francisco-california-08-15-2027/event/1C006536F362FAE5,18626586,2026-09-29T22:38:20Z,2026-10-01T13:14:51Z
G5vYZ_Kj0LtB6,ILLENIUM,ILLENIUM (18+),K8vZ9173V70,Bill Graham Civic Auditorium,KovZpaKope,San Francisco,CA,41,2026-12-30,20:00:00,2026-09-29T17:00:00Z,Card / Rewards,2026-10-01T17:00:00Z,,,0,0,https://www.ticketmaster.com/illenium-18-san-francisco-california-12-30-2026/event/1C006537247E9E87,18620724,2026-09-29T22:38:20Z,2026-10-01T13:14:51Z
G5vYZ_KjPaQe2,ILLENIUM,ILLENIUM (18+),K8vZ9173V70,Bill Graham Civic Auditorium,KovZpaKope,San Francisco,CA,41,2026-12-31,20:00:00,2026-09-29T17:00:00Z,Card / Rewards,2026-10-01T17:00:00Z,,,0,0,https://www.ticketmaster.com/illenium-18-san-francisco-california-12-31-2026/event/1C0065372525A08F,18621414,2026-09-29T22:38:20Z,2026-10-01T13:14:51Z
G5vYZ_KkYWvfV,Braxton Keith,Braxton Keith - Told You Once Tour,K8vZ917QTV0,Ace of Spades,KovZpZAJ6lvA,Sacramento,CA,41,2027-03-06,19:00:00,2026-09-25T17:00:00Z,Citi,2026-09-25T17:00:00Z,,,0,0,https://www.ticketmaster.com/braxton-keith-told-you-once-tour-sacramento-california-03-06-2027/event/1C006531B0F41534,18609795,2026-09-29T22:38:20Z,2026-09-30T22:16:22Z
G5vYZ_KpNxjb1,Adam Ant,Adam Ant - Live 2026,K8vZ9171FqV,Uptown Theatre Napa,KovZpZAFktdA,Napa,CA,41,2026-11-07,20:00:00,2026-09-25T17:00:00Z,VIP,2026-09-25T17:00:00Z,,,0,0,https://www.ticketmaster.com/adam-ant-live-2026-napa-california-11-07-2026/event/1C006535A389C60A,18617897,2026-09-29T22:38:20Z,2026-09-30T22:16:22Z
G5vYZ_KqsBPGJ,Wailin' Jennys,Wailin' Jennys,K8vZ9175rWf,Uptown Theatre Napa,KovZpZAFktdA,Napa,CA,41,2027-02-24,20:00:00,2026-09-30T17:00:00Z,Venue,2026-10-02T17:00:00Z,,,0,0,https://www.ticketmaster.com/wailin-jennys-napa-california-02-24-2027/event/1C00653771EA5326,18629651,2026-09-29T22:38:20Z,2026-10-01T13:14:51Z
G5vYZ_KrM2Pgs,La Roux,La Roux - The Old Flames Tour,K8vZ917G930,The Castro Theatre,KovZpaF_me,San Francisco,CA,41,2027-02-20,20:00:00,2026-09-30T17:00:00Z,Artist,2026-10-02T17:00:00Z,,,0,0,https://www.ticketmaster.com/la-roux-the-old-flames-tour-san-francisco-california-02-20-2027/event/1C006537B73E5D71,18626708,2026-09-29T22:38:20Z,2026-10-01T13:14:51Z
G5vYZ_Krz5JAF,Fantasia,The Love of Soul Tour,K8vZ917Cgvf,Oakland Arena,KovZpZAJe6nA,Oakland,CA,41,2027-03-06,20:00:00,2026-09-30T17:00:00Z,Promoter,2026-10-02T17:00:00Z,,,0,0,https://www.ticketmaster.com/the-love-of-soul-tour-oakland-california-03-06-2027/event/1C006537B82E6148,18629244,2026-09-29T22:38:20Z,2026-10-01T13:14:51Z
G5vYZ_KsMKPKH,Father John Misty,Father John Misty,K8vZ9172jSV,Uptown Theatre Napa,KovZpZAFktdA,Napa,CA,41,2026-12-15,20:00:00,2026-09-30T17:00:00Z,Artist,2026-09-30T18:45:00Z,,,0,0,https://www.ticketmaster.com/father-john-misty-napa-california-12-15-2026/event/1C00653C774E54FC,18633217,2026-09-29T22:38:20Z,2026-10-01T13:14:51Z
G5vYZ_KsYyVh4,The Mavericks,The Mavericks,K8vZ9171FbV,Uptown Theatre Napa,KovZpZAFktdA,Napa,CA,41,2027-02-21,20:00:00,2026-09-30T17:00:00Z,Artist,2026-10-02T17:00:00Z,,,0,0,https://www.ticketmaster.com/the-mavericks-napa-california-02-21-2027/event/1C00653C70E746D5,,2026-09-29T22:38:20Z,2026-10-01T13:14:51Z
G5vYZ_KwFsETp,A Perfect Circle,A Perfect Circle,K8vZ9171rq0,Cow Palace,KovZpZAFktvA,Daly City,CA,41,2027-06-04,20:00:00,2026-09-30T17:00:00Z,Other,2026-10-02T17:00:00Z,,,0,0,https://www.ticketmaster.com/a-perfect-circle-daly-city-california-06-04-2027/event/1C00653C88C67FD6,18632551,2026-09-29T22:38:20Z,2026-10-01T13:14:51Z
G5vYZ_KxWsAtF,Paco Versailles,Paco Versailles: The Azúcar Tour 2027,K8vZ917hYDV,The Fillmore,KovZpZAE6eeA,San Francisco,CA,41,2027-01-23,20:00:00,2026-10-01T14:00:00Z,Artist,2026-10-02T14:00:00Z,,,0,0,https://www.ticketmaster.com/paco-versailles-the-azucar-tour-2027-san-francisco-california-01-23-2027/event/1C006538BDC45A48,,,2026-10-01T13:14:51Z
G5viZ_3BVgQ-A,Death Cab for Cutie,Death Cab for Cutie - I Built You A Tower Tour,K8vZ9171NGf,The Truth,KovZ917ASBh,Nashville,TN,31,2027-03-11,20:00:00,2026-09-25T15:00:00Z,Citi,2026-09-25T15:00:00Z,,,0,0,https://www.ticketmaster.com/death-cab-for-cutie-i-built-nashville-tennessee-03-11-2027/event/1B00652EB4D5A845,18604169,2026-09-29T22:38:20Z,2026-09-30T22:16:22Z
G5viZ_3PZFVFC,Hans Zimmer,HANS ZIMMER LIVE - THE NEXT LEVEL,K8vZ917ubK0,Bridgestone Arena,KovZpZA6taAA,Nashville,TN,31;51,2027-03-17,19:30:00,2026-09-25T15:00:00Z,VIP,2026-09-25T15:00:00Z,,,0,0,https://www.ticketmaster.com/hans-zimmer-live-the-next-level-nashville-tennessee-03-17-2027/event/1B0065294023420E,18601967,2026-09-29T22:38:20Z,2026-09-30T22:16:22Z
G5viZ_3R9L7s7,Riley Green,Riley Green: That's Just Me Tour,K8vZ9173IbV,Lafayette Cajundome,KovZpZAEkFAA,Lafayette,LA,34,2027-05-22,19:00:00,2026-09-29T15:00:00Z,Venue,2026-10-02T15:00:00Z,,,0,0,https://www.ticketmaster.com/riley-green-thats-just-me-tour-lafayette-louisiana-05-22-2027/event/1B00652BD77C4C44,18626529,2026-09-29T22:38:20Z,2026-10-01T13:14:51Z
G5viZ_3RrqUu4,Valley,Valley - Do You Need To Be Entertained? The Tour,K8vZ9174mN7,Brooklyn Bowl Nashville,KovZ917APep,Nashville,TN,31,2027-03-10,20:00:00,2026-09-25T15:00:00Z,VIP,2026-09-25T15:00:00Z,,,0,0,https://www.ticketmaster.com/valley-do-you-need-to-be-nashville-tennessee-03-10-2027/event/1B00652BDE776355,18606526,2026-09-29T22:38:20Z,2026-09-30T22:16:22Z
G5viZ_3T3qKQr,Riley Green,Riley Green: That's Just Me Tour,K8vZ9173IbV,Brandon Amphitheater,KovZ917AQ6V,Brandon,MS,34,2027-06-03,19:00:00,2026-09-29T15:00:00Z,Venue,2026-10-02T15:00:00Z,,,0,0,https://www.ticketmaster.com/riley-green-thats-just-me-tour-brandon-mississippi-06-03-2027/event/1B00652FD275369E,18626534,2026-09-29T22:38:20Z,2026-10-01T13:14:51Z
G5viZ_3TPkkro,The Red Clay Strays,The Red Clay Strays,K8vZ917bop0,Regions Arena,KovZpZAFkEvA,Mobile,AL,25,2027-03-26,19:00:00,2026-09-25T15:00:00Z,VIP,2026-09-25T15:00:00Z,,,0,0,https://www.ticketmaster.com/the-red-clay-strays-mobile-alabama-03-26-2027/event/1B00652FE5186791,18609522,2026-09-29T22:38:20Z,2026-09-30T22:16:22Z
G5viZ_3TrsgbL,Drew & Ellie Holcomb,Drew & Ellie Holcomb's Neighborly Christmas,K8vZ917_JAV,The Orpheum Theatre Memphis,KovZpZAF6etA,Memphis,TN,29,2026-12-22,19:30:00,2026-09-29T15:00:00Z,Artist,2026-10-02T15:00:00Z,,,0,0,https://www.ticketmaster.com/drew-ellie-holcombs-neighborly-christmas-memphis-tennessee-12-22-2026/event/1B00652FDEC7561F,18622140,2026-09-29T22:38:20Z,2026-10-01T13:14:51Z
G5viZ_3WIe3-P,Riley Green,Riley Green: That's Just Me Tour,K8vZ9173IbV,Food City Center,KovZpZA1eE1A,Knoxville,TN,31,2027-04-30,19:00:00,2026-09-29T14:00:00Z,Venue,2026-10-02T14:00:00Z,,,0,0,https://www.ticketmaster.com/riley-green-thats-just-me-tour-knoxville-tennessee-04-30-2027/event/1B00652F68092865,18626513,2026-09-29T22:38:20Z,2026-10-01T13:14:51Z
G5viZ_FUO1aHK,Donald Harrison,DONALD HARRISON NEW JAM BAND INITIATIVE,K8vZ9175kd7,New Orleans Jazz Market,KovZ917AaR7,New Orleans,LA,34,2027-01-27,13:30:00,2026-04-13T18:00:00Z,Other,2026-10-01T15:00:00Z,,,0,0,https://www.ticketmaster.com/donald-harrison-new-jam-band-initiative-new-orleans-louisiana-01-27-2027/event/1B00648DA0289F13,18176485,2026-09-29T22:38:20Z,2026-10-01T13:14:51Z
G5viZ_FUqianP,Kermit Ruffins,Kermit Ruffins and the Barbecue Swingers,K8vZ9175dT0,New Orleans Jazz Market,KovZ917AaR7,New Orleans,LA,34,2027-01-26,13:30:00,2026-04-13T18:00:00Z,Other,2026-10-01T15:00:00Z,,,0,0,https://www.ticketmaster.com/kermit-ruffins-and-the-barbecue-swingers-new-orleans-louisiana-01-26-2027/event/1B00648D9DB09AA5,18176484,2026-09-29T22:38:20Z,2026-10-01T13:14:51Z
G5viZ_K14DQeS,The Red Clay Strays,The Red Clay Strays,K8vZ917bop0,Regions Arena,KovZpZAFkEvA,Mobile,AL,25,2027-03-27,19:00:00,2026-09-25T15:00:00Z,VIP,2026-09-25T15:00:00Z,,,0,0,https://www.ticketmaster.com/the-red-clay-strays-mobile-alabama-03-27-2027/event/1B00653295EDA0B3,18612577,2026-09-29T22:38:20Z,2026-09-30T22:16:22Z
G5viZ_K1KUycs,The Red Clay Strays,The Red Clay Strays,K8vZ917bop0,Regions Arena,KovZpZAFkEvA,Mobile,AL,25,2027-03-25,19:00:00,2026-09-25T15:00:00Z,VIP,2026-09-25T15:00:00Z,,,0,0,https://www.ticketmaster.com/the-red-clay-strays-mobile-alabama-03-25-2027/event/1B00653293DB9B71,18617428,2026-09-29T22:38:20Z,2026-09-30T22:16:22Z
G5viZ_K1fJ_UK,Jefferson Starship,Jefferson Starship & John Waite,K8vZ91712df,Hard Rock Live Bristol,KovZ917ARpX,Bristol,VA,46,2027-02-19,20:00:00,2026-10-01T14:00:00Z,Other,2026-10-02T14:00:00Z,,,0,0,https://www.ticketmaster.com/jefferson-starship-john-waite-bristol-virginia-02-19-2027/event/1B00653294999D93,,2026-09-29T22:38:20Z,2026-10-01T13:14:51Z
G5viZ_K1t4cqS,NEEDTOBREATHE,NEEDTOBREATHE: The Long Surrender Tour,K8vZ917G1G7,Satellite Music Hall,KovZ917ASsA,Memphis,TN,29,2027-03-17,18:00:00,2026-09-28T14:00:00Z,VIP,2026-10-02T15:00:00Z,,,0,0,https://www.ticketmaster.com/needtobreathe-the-long-surrender-tour-memphis-tennessee-03-17-2027/event/1B006532A956D773,18621556,2026-09-29T22:38:20Z,2026-10-01T13:14:51Z
G5viZ_K1tpWrF,NEEDTOBREATHE,NEEDTOBREATHE: The Long Surrender Tour,K8vZ917G1G7,Satellite Music Hall,KovZ917ASsA,Memphis,TN,29,2027-03-18,18:00:00,2026-09-28T14:00:00Z,VIP,2026-10-02T15:00:00Z,,,0,0,https://www.ticketmaster.com/needtobreathe-the-long-surrender-tour-memphis-tennessee-03-18-2027/event/1B006532A95BD788,18621561,2026-09-29T22:38:20Z,2026-10-01T13:14:51Z
G5viZ_K26Z3Ab,Yacht Rock Revue,CANN PRESENTS: YACHT ROCK REVUE - PRIMETIME,K8vZ917uZ6V,The Truth,KovZ917ASBh,Nashville,TN,31,2027-03-13,20:00:00,2026-09-25T15:00:00Z,Citi,2026-09-25T15:00:00Z,,,0,0,https://www.ticketmaster.com/cann-presents-yacht-rock-revue-primetime-nashville-tennessee-03-13-2027/event/1B006533C7012158,18613250,2026-09-29T22:38:20Z,2026-09-30T22:16:22Z
G5viZ_K5ItlVP,Riley Green,Riley Green: That's Just Me Tour,K8vZ9173IbV,The Wharf Amphitheater,KovZpZAFkEaA,Orange Beach,AL,25,2027-06-05,19:00:00,2026-10-01T15:00:00Z,Venue,2026-10-02T15:00:00Z,,,0,0,https://www.ticketmaster.com/riley-green-thats-just-me-tour-orange-beach-alabama-06-05-2027/event/1B006532E8A6BD25,,,2026-10-01T13:14:51Z
G5viZ_K5ft6hv,Riley Green,Riley Green: That's Just Me Tour,K8vZ9173IbV,Walmart AMP,KovZpZAEeIlA,Rogers,AR,29,2027-05-08,19:00:00,2026-09-29T15:00:00Z,Venue,2026-10-02T15:00:00Z,,,0,0,https://www.ticketmaster.com/riley-green-thats-just-me-tour-rogers-arkansas-05-08-2027/event/1B006532D4A476C1,18626524,2026-09-29T22:38:20Z,2026-10-01T13:14:51Z
G5viZ_K62JKpX,CBDB,CBDB,K8vZ9178mgV,Brooklyn Bowl Nashville,KovZ917APep,Nashville,TN,31,2027-04-23,20:00:00,2026-09-25T15:00:00Z,Card / Rewards,2026-09-25T15:00:00Z,,,0,0,https://www.ticketmaster.com/cbdb-nashville-tennessee-04-23-2027/event/1B006531CF9935BE,18613148,2026-09-29T22:38:20Z,2026-09-30T22:16:22Z
G5viZ_K6CsS2K,Fantasia,The Love of Soul Tour,K8vZ917Cgvf,Smoothie King Center,KovZpZAJAJAA,New Orleans,LA,34;51,2027-02-19,20:00:00,2026-09-30T15:00:00Z,Venue,2026-10-02T15:00:00Z,,,0,0,https://www.ticketmaster.com/the-love-of-soul-tour-new-orleans-louisiana-02-19-2027/event/1B006531CEC733D3,18629243,2026-09-29T22:38:20Z,2026-10-01T13:14:51Z
G5viZ_KEG-pvR,Roger Waters Presents LEGACY - A Pink Floyd Show,Roger Waters Presents LEGACY - A Pink Floyd Show,K8vZ917-lxV,The Truth,KovZ917ASBh,Nashville,TN,31,2027-02-27,20:00:00,2026-09-29T15:00:00Z,VIP,2026-10-02T15:00:00Z,,,0,0,https://www.ticketmaster.com/roger-waters-presents-legacy-a-pink-nashville-tennessee-02-27-2027/event/1B006539CC85606F,,2026-09-29T22:38:20Z,2026-10-01T13:14:51Z
G5viZ_KJGQIYX,Rod Stewart,Rod Stewart,K8vZ917135f,Mississippi Coast Coliseum,KovZpZAEkFFA,Biloxi,MS,34,2027-03-10,19:30:00,2026-09-29T15:00:00Z,Artist,2026-10-02T15:00:00Z,,,0,0,https://www.ticketmaster.com/rod-stewart-biloxi-mississippi-03-10-2027/event/1B0065398C6A8C3E,18626760,2026-09-29T22:38:20Z,2026-10-01T13:14:51Z
G5viZ_KJvkpSj,Drew & Ellie Holcomb,Drew & Ellie Holcomb's Neighborly Christmas,K8vZ917_JAV,Schermerhorn Symphony Center,KovZpZAEvF7A,Nashville,TN,31,2026-12-11,19:30:00,2026-09-29T15:00:00Z,Artist,2026-10-02T15:00:00Z,,,0,0,https://tickets.nashvillesymphony.org/10639/10640,18622073,2026-09-29T22:38:20Z,2026-10-01T13:14:51Z
G5viZ_KL9Hgzz,Jingle Ball,107.5 The River's Jingle Ball Presented by Capital One,K8vZ9171Q8f,Bridgestone Arena,KovZpZA6taAA,Nashville,TN,31;51,2026-12-17,19:30:00,2026-09-29T15:00:00Z,Card / Rewards,2026-10-02T17:00:00Z,,,0,0,https://www.ticketmaster.com/1075-the-rivers-jingle-ball-presented-nashville-tennessee-12-17-2026/event/1B006537D7F35E38,18621893,2026-09-29T22:38:20Z,2026-10-01T13:14:51Z
G5viZ_KLS5l1q,Frank Foster,Frank Foster,K8vZ91723C0,Brooklyn Bowl Nashville,KovZ917APep,Nashville,TN,31,2027-02-20,20:00:00,2026-09-30T15:00:00Z,Live Nation,2026-10-02T15:00:00Z,,,0,0,https://www.ticketmaster.com/frank-foster-nashville-tennessee-02-20-2027/event/1B006537F32EB29D,18632079,2026-09-29T22:38:20Z,2026-10-01T13:14:51Z
G5viZ_KMCHMjG,Kevin Scott,Kevin Scott's ZAMBI-Ween,K8vZ917Ljn0,The Joy Theater,KovZpa3tGe,New Orleans,LA,34,2026-10-31,00:30:00,2026-10-01T15:00:00Z,Venue,2026-10-02T15:00:00Z,,,0,0,https://www.ticketmaster.com/kevin-scotts-zambiween-new-orleans-louisiana-10-31-2026/event/1B00653DCEF3770C,,,2026-10-01T13:14:51Z
G5viZ_KMx5hm4,AJ McLean,AJ McLean presents Alexander James: The Better Man Tour,K8vZ917f1-0,House of Blues New Orleans ,KovZpZAE6vtA,New Orleans,LA,34,2027-01-31,19:00:00,2026-10-01T15:00:00Z,Citi,2026-10-02T17:30:00Z,,,0,0,https://www.ticketmaster.com/aj-mclean-presents-alexander-james-the-new-orleans-louisiana-01-31-2027/event/1B00653DE22DBB95,,,2026-10-01T13:14:51Z
G5viZ_KN4ZMWh,Red Worship,Red Worship: The Witness Tour,K8vZ917Lpx0,Minglewood Hall,KovZpaCWke,Memphis,TN,29,2027-04-16,19:30:00,2026-09-25T17:00:00Z,Other,2026-10-09T15:00:00Z,,,0,0,https://www.ticketmaster.com/red-worship-the-witness-tour-memphis-tennessee-04-16-2027/event/1B006538D5037F5B,,2026-09-29T22:38:20Z,2026-10-01T13:14:51Z
G5viZ_KNA5fdw,Michael Shannon & Jason Narducy,Michael Shannon & Jason Narducy and Friends play R.E.M.'s Document,K8vZ917qiZ7,Ryman Auditorium,KovZpa61Ge,Nashville,TN,31,2027-03-09,19:00:00,2026-09-30T15:00:00Z,Artist,2026-10-02T15:00:00Z,,,0,0,https://www.axs.com/events/1629559/michael-shannon-jason-narducy-and-friends-play-rems-document-tickets?skin=ryman,,2026-09-29T22:38:20Z,2026-10-01T13:14:51Z
G5viZ_KNTIekc,QDP,Boo!DP: A QDP Halloween,K8vZ917hbRV,Brooklyn Bowl Nashville,KovZ917APep,Nashville,TN,31,2026-10-31,21:00:00,2026-09-28T17:00:00Z,Card / Rewards,2026-09-28T17:00:00Z,,,0,0,https://www.ticketmaster.com/boodp-a-qdp-halloween-nashville-tennessee-10-31-2026/event/1B006538FFA021AD,18632080,2026-09-29T22:38:20Z,2026-10-01T13:14:51Z
G5viZ_KNjkaLN,A Perfect Circle,A Perfect Circle,K8vZ9171rq0,Bridgestone Arena,KovZpZA6taAA,Nashville,TN,31;51,2027-05-15,20:00:00,2026-09-30T15:00:00Z,Other,2026-10-02T15:00:00Z,,,0,0,https://www.ticketmaster.com/a-perfect-circle-nashville-tennessee-05-15-2027/event/1B006538DC1897E3,18632533,2026-09-29T22:38:20Z,2026-10-01T13:14:51Z
G5viZ_KQWrTlB,Hunxho,Hunxho - 2Night Only Tour,K8vZ917QQw0,Brooklyn Bowl Nashville,KovZ917APep,Nashville,TN,31,2026-11-28,20:00:00,2026-09-25T15:00:00Z,VIP,2026-09-25T15:00:00Z,,,0,0,https://www.ticketmaster.com/hunxho-2night-only-tour-nashville-tennessee-11-28-2026/event/1B006536BD7BFAFA,,2026-09-29T22:38:20Z,2026-09-30T22:16:22Z
G5viZ_KQuOMZv,Drew & Ellie Holcomb,Drew & Ellie Holcomb: Rain or Shine Tour,K8vZ917_JAV,Tennessee Theatre,KovZpZAJF7AA,Knoxville,TN,31,2027-02-13,20:00:00,2026-09-29T14:00:00Z,Artist,2026-10-02T14:00:00Z,,,0,0,https://www.ticketmaster.com/drew-ellie-holcomb-rain-or-shine-knoxville-tennessee-02-13-2027/event/1B0065368D837001,18622141,2026-09-29T22:38:20Z,2026-10-01T13:14:51Z
G5viZ_KSBnt-6,Daughtry,Daughtry - 20 Years Unplugged Tour,K8vZ917GZFf,Hard Rock Live Biloxi,KovZpZA6taaA,Biloxi,MS,34,2027-01-30,20:00:00,2026-09-30T15:00:00Z,Artist,2026-10-02T15:00:00Z,,,0,0,https://www.ticketmaster.com/daughtry-20-years-unplugged-tour-biloxi-mississippi-01-30-2027/event/1B00653CFAAA9847,18632898,2026-09-29T22:38:20Z,2026-10-01T13:14:51Z
G5viZ_KSKLeqe,Boosie BadAzz,Masterclass Trap Orchestra ft. Boosie,K8vZ917pkB0,Thalia Mara Hall,KovZpapOie,Jackson,MS,34,2026-11-27,20:00:00,2026-09-29T15:00:00Z,Other,2026-10-01T15:00:00Z,,,0,0,https://www.ticketmaster.com/masterclass-trap-orchestra-ft-boosie-jackson-mississippi-11-27-2026/event/1B00653CD37C2742,,2026-09-29T22:38:20Z,2026-09-30T22:16:22Z
G5viZ_KUESrer,Judith Owen,Harry Shearer and Judith Owen's Christmas Without Tears,K8vZ917GpHV,Orpheum Theater,KovZpZAa11tA,New Orleans,LA,34,2026-12-16,20:00:00,2026-10-01T15:00:00Z,Other,2026-10-02T15:00:00Z,,,0,0,https://www.ticketmaster.com/harry-shearer-and-judith-owens-christmas-new-orleans-louisiana-12-16-2026/event/1B00653DA7CDE09E,,,2026-10-01T13:14:51Z
G5viZ_KUItmaw,Slipknot,Slipknot: (sic)est Stadium Tour,K8vZ9171Lz0,FirstBank Stadium,KovZpa9-be,Nashville,TN,31,2027-08-03,18:00:00,2026-09-29T15:00:00Z,Artist,2026-10-02T15:00:00Z,,,0,0,https://vucommodores.evenue.net/events/SLIPKNOT,18626599,2026-09-29T22:38:20Z,2026-10-01T13:14:51Z
G5viZ_KUwX2M3,AJ McLean,AJ McLean presents Alexander James : The Better Man Tour,K8vZ917f1-0,Satellite Music Hall,KovZ917ASsA,Memphis,TN,29,2027-01-29,19:00:00,2026-10-01T15:00:00Z,Live Nation,2026-10-02T17:30:00Z,,,0,0,https://www.ticketmaster.com/aj-mclean-presents-alexander-james-the-memphis-tennessee-01-29-2027/event/1B00653DB2F8FDD2,,,2026-10-01T13:14:51Z
G5viZ_KYUgJQo,Daughtry,Daughtry - 20 Years Unplugged Tour,K8vZ917GZFf,Saracen Casino Resort,KovZ917ASBV,Pine Bluff,AR,29,2027-01-23,20:00:00,2026-09-30T15:00:00Z,Artist,2026-10-02T15:00:00Z,,,0,0,https://www.ticketmaster.com/daughtry-20-years-unplugged-tour-pine-bluff-arkansas-01-23-2027/event/1B00653C36D66691,18632893,2026-09-29T22:38:20Z,2026-10-01T13:14:51Z
G5viZ_KYasGKi,moe.,moe.,K8vZ9171jX0,Civic Theatre,KovZpZAEeA7A,New Orleans,LA,34,2027-04-30,21:00:00,2026-09-30T15:00:00Z,Artist,2026-10-02T15:00:00Z,,,0,0,https://www.ticketmaster.com/moe-new-orleans-louisiana-04-30-2027/event/1B00653C09C4C4EC,18632681,2026-09-29T22:38:20Z,2026-10-01T13:14:51Z
G5viZ_KZxbE-N,Kansas,Kansas,K8vZ9171C-f,Pensacola Saenger Theatre,KovZpZAFkJlA,Pensacola,FL,25,2027-01-31,19:00:00,2026-09-25T14:00:00Z,VIP,2026-09-25T14:00:00Z,,,0,0,https://www.ticketmaster.com/kansas-pensacola-florida-01-31-2027/event/1B00653022627863,18609842,2026-09-29T22:38:20Z,2026-09-30T22:16:22Z
G5viZ_Kd9UILU,Sammy Rae & The Friends,Sammy Rae & The Friends - the GET DOWN!,K8vZ917hu8V,House of Blues New Orleans ,KovZpZAE6vtA,New Orleans,LA,34,2027-03-14,19:00:00,2026-09-25T15:00:00Z,Citi,2026-09-25T15:00:00Z,,,0,0,https://www.ticketmaster.com/sammy-rae-the-friends-the-get-new-orleans-louisiana-03-14-2027/event/1B006530D7DA87F6,18612832,2026-09-29T22:38:20Z,2026-09-30T22:16:22Z
G5viZ_Kdc1rAQ,Trippie Redd,Trippie Redd: The NDA Tour,K8vZ917ppmf,The Fillmore New Orleans,KovZ917ALJx,New Orleans,LA,34,2026-11-30,19:00:00,2026-09-25T15:00:00Z,VIP,2026-09-25T15:00:00Z,,,0,0,https://www.ticketmaster.com/trippie-redd-the-nda-tour-new-orleans-louisiana-11-30-2026/event/1B006530ED29E15A,18618941,2026-09-29T22:38:20Z,2026-09-30T22:16:22Z
G5viZ_KeDXsJu,Dixie National Rodeo,Dixie National Rodeo Featuring Braxton Keith,K8vZ917fo7V,Mississippi Coliseum,KovZpZA6takA,Jackson,MS,34,2027-02-12,19:00:00,2026-10-01T15:00:00Z,Venue,2026-10-09T15:00:00Z,,,0,0,https://www.ticketmaster.com/dixie-national-rodeo-featuring-braxton-keith-jackson-mississippi-02-12-2027/event/1B006530BBFB198D,,2026-09-29T22:38:20Z,2026-10-01T13:14:51Z
G5viZ_KeDwvNB,Braxton Keith,Braxton Keith: Told You Once Tour with Caden Gillard,K8vZ917QTV0,Texas Club,KovZpZAEkFkA,Baton Rouge,LA,34,2027-02-13,20:00:00,2026-09-25T15:00:00Z,VIP,2026-09-25T15:00:00Z,,,0,0,https://www.ticketmaster.com/braxton-keith-told-you-once-tour-baton-rouge-louisiana-02-13-2027/event/1B006530BBC818FA,18609739,2026-09-29T22:38:20Z,2026-09-30T22:16:22Z
G5viZ_KeH1-IN,Dixie National Rodeo,Dixie National Rodeo Featuring Emily Ann Roberts,K8vZ917fo7V,Mississippi Coliseum,KovZpZA6takA,Jackson,MS,34,2027-02-20,14:00:00,2026-10-01T15:00:00Z,Venue,2026-10-09T15:00:00Z,,,0,0,https://www.ticketmaster.com/dixie-national-rodeo-featuring-emily-ann-jackson-mississippi-02-20-2027/event/1B006530BC2A1A23,,2026-09-29T22:38:20Z,2026-10-01T13:14:51Z
G5viZ_KeH6vEm,Dixie National Rodeo,Dixie National Rodeo featuring Ole 60,K8vZ917fo7V,Mississippi Coliseum,KovZpZA6takA,Jackson,MS,34,2027-02-19,19:00:00,2026-10-01T15:00:00Z,Venue,2026-10-09T15:00:00Z,,,0,0,https://www.ticketmaster.com/dixie-national-rodeo-featuring-ole-60-jackson-mississippi-02-19-2027/event/1B006530BC1C19EE,,2026-09-29T22:38:20Z,2026-10-01T13:14:51Z
G5viZ_KeH7vEF,Dixie National Rodeo,Dixie National Rodeo Featuring Blake Whiten,K8vZ917fo7V,Mississippi Coliseum,KovZpZA6takA,Jackson,MS,34,2027-02-17,19:00:00,2026-10-01T15:00:00Z,Venue,2026-10-09T15:00:00Z,,,0,0,https://www.ticketmaster.com/dixie-national-rodeo-featuring-blake-whiten-jackson-mississippi-02-17-2027/event/1B006530BC1019C8,,2026-09-29T22:38:20Z,2026-10-01T13:14:51Z
G5viZ_KeHA-Er,Dixie National Rodeo,Dixie National Rodeo Featuring Chris Janson,K8vZ917fo7V,Mississippi Coliseum,KovZpZA6takA,Jackson,MS,34,2027-02-18,19:00:00,2026-10-01T15:00:00Z,Venue,2026-10-09T15:00:00Z,,,0,0,https://www.ticketmaster.com/dixie-national-rodeo-featuring-chris-janson-jackson-mississippi-02-18-2027/event/1B006530BC1619DE,,2026-09-29T22:38:20Z,2026-10-01T13:14:51Z
G5viZ_KeHFsIk,Dixie National Rodeo,Dixie National Rodeo Featuring Emily Ann Roberts,K8vZ917fo7V,Mississippi Coliseum,KovZpZA6takA,Jackson,MS,34,2027-02-20,19:00:00,2026-10-01T15:00:00Z,Venue,2026-10-09T15:00:00Z,,,0,0,https://www.ticketmaster.com/dixie-national-rodeo-featuring-emily-ann-jackson-mississippi-02-20-2027/event/1B006530BC231A06,,2026-09-29T22:38:20Z,2026-10-01T13:14:51Z
G5viZ_KeHZoJ4,Dixie National Rodeo,Dixie National Rodeo Featuring Zach John King,K8vZ917fo7V,Mississippi Coliseum,KovZpZA6takA,Jackson,MS,34,2027-02-13,19:00:00,2026-10-01T15:00:00Z,Venue,2026-10-09T15:00:00Z,,,0,0,https://www.ticketmaster.com/dixie-national-rodeo-featuring-zach-john-jackson-mississippi-02-13-2027/event/1B006530BC011995,,2026-09-29T22:38:20Z,2026-10-01T13:14:51Z
G5viZ_KeHesJM,Dixie National Rodeo,Dixie National Rodeo Featuring Deana Carter,K8vZ917fo7V,Mississippi Coliseum,KovZpZA6takA,Jackson,MS,34,2027-02-14,14:00:00,2026-10-01T15:00:00Z,Venue,2026-10-09T15:00:00Z,,,0,0,https://www.ticketmaster.com/dixie-national-rodeo-featuring-deana-carter-jackson-mississippi-02-14-2027/event/1B006530BC0B19B7,,2026-09-29T22:38:20Z,2026-10-01T13:14:51Z
G5viZ_KeHv-J0,Dixie National Rodeo,Dixie National Rodeo Featuring Zach John King,K8vZ917fo7V,Mississippi Coliseum,KovZpZA6takA,Jackson,MS,34,2027-02-13,14:00:00,2026-10-01T15:00:00Z,Venue,2026-10-09T15:00:00Z,,,0,0,https://www.ticketmaster.com/dixie-national-rodeo-featuring-zach-john-jackson-mississippi-02-13-2027/event/1B006530BC0619A4,,2026-09-29T22:38:20Z,2026-10-01T13:14:51Z
G5viZ_KepFQ3L,NEEDTOBREATHE,NEEDTOBREATHE: The Long Surrender Tour,K8vZ917G1G7,Soldiers and Sailors Memorial Auditorium,KovZpZAIEdlA,Chattanooga,TN,31,2027-03-12,19:00:00,2026-09-28T14:00:00Z,VIP,2026-10-02T14:00:00Z,,,0,1,https://www.ticketmaster.com/needtobreathe-the-long-surrender-tour-chattanooga-tennessee-03-12-2027/event/1B0065309621A49F,18621553,2026-09-29T22:38:20Z,2026-10-01T13:14:51Z
G5viZ_KgUufxX,Congress the Band,Congress the Band,K8vZ917rsb0,House of Blues New Orleans ,KovZpZAE6vtA,New Orleans,LA,34,2026-10-29,19:00:00,2026-09-30T15:00:00Z,Citi,2026-09-30T15:00:00Z,,,0,0,https://www.ticketmaster.com/congress-the-band-new-orleans-louisiana-10-29-2026/event/1B00653D763548BE,,2026-09-29T22:38:20Z,2026-10-01T13:14:51Z
G5viZ_Kh2LVAN,The Amy Winehouse Band,The Amy Winehouse Band,K8vZ917h5p0,Pensacola Saenger Theatre,KovZpZAFkJlA,Pensacola,FL,25,2027-04-06,19:30:00,2026-09-30T15:00:00Z,Venue,2026-10-02T15:00:00Z,,,0,0,https://www.ticketmaster.com/the-amy-winehouse-band-pensacola-florida-04-06-2027/event/1B006536CF7F4163,18629771,2026-09-29T22:38:20Z,2026-10-01T13:14:51Z
G5viZ_Kh2kKTb,Hunxho,Hunxho - 2Night Only,K8vZ917QQw0,House of Blues New Orleans ,KovZpZAE6vtA,New Orleans,LA,34,2026-12-19,20:00:00,2026-09-25T15:00:00Z,Citi,2026-09-25T15:00:00Z,,,0,0,https://www.ticketmaster.com/hunxho-2night-only-new-orleans-louisiana-12-19-2026/event/1B006536CF193FD8,18618012,2026-09-29T22:38:20Z,2026-09-30T22:16:22Z
G5viZ_KhE5bFt,Lucero,Lucero Family Christmas with Son Volt & The Narrows,K8vZ917GcKf,Minglewood Hall,KovZpaCWke,Memphis,TN,29,2026-12-12,19:00:00,2026-09-24T16:00:00Z,VIP,2026-09-25T15:00:00Z,,,0,0,https://www.ticketmaster.com/lucero-family-christmas-with-son-volt-memphis-tennessee-12-12-2026/event/1B006536E72D8229,18620772,2026-09-29T22:38:20Z,2026-09-30T22:16:22Z
G5viZ_KhOsEA-,Daughtry,Daughtry - 20 Years Unplugged Tour,K8vZ917GZFf,The Truth,KovZ917ASBh,Nashville,TN,31,2027-03-06,19:00:00,2026-09-30T15:00:00Z,Citi,2026-10-02T15:00:00Z,,,0,0,https://www.ticketmaster.com/daughtry-20-years-unplugged-tour-nashville-tennessee-03-06-2027/event/1B006536E0C67161,18632939,2026-09-29T22:38:20Z,2026-10-01T13:14:51Z
G5viZ_Khhfp8w,Chicago,Chicago,K8vZ9171u0V,Pensacola Saenger Theatre,KovZpZAFkJlA,Pensacola,FL,25,2027-01-29,20:00:00,2026-09-29T15:00:00Z,Artist,2026-10-02T15:00:00Z,,,0,0,https://www.ticketmaster.com/chicago-pensacola-florida-01-29-2027/event/1B006536DB516432,18629772,2026-09-29T22:38:20Z,2026-10-01T13:14:51Z
G5viZ_KjEXVtC,Donald Harrison,DONALD HARRISON'S QUANTUM LEAP MUSIC FESTIVAL- HORNUCOPIA II,K8vZ9175kd7,New Orleans Jazz Market,KovZ917AaR7,New Orleans,LA,34,2026-10-30,19:00:00,2026-09-29T14:00:00Z,Other,2026-09-30T14:00:00Z,,,0,0,https://www.ticketmaster.com/donald-harrisons-quantum-leap-music-festival-new-orleans-louisiana-10-30-2026/event/1B00653727FB4A4E,18621072,2026-09-29T22:38:20Z,2026-09-30T12:34:27Z
G5viZ_Kjif43j,Berkley The Artist,Berkley The Artist,name:berkley the artist,New Orleans Jazz Market,KovZ917AaR7,New Orleans,LA,34,2027-01-16,19:30:00,2026-09-29T14:00:00Z,Other,2026-09-30T14:00:00Z,,,0,0,https://www.ticketmaster.com/berkley-the-artist-new-orleans-louisiana-01-16-2027/event/1B0065372C51549C,,2026-09-29T22:38:20Z,2026-09-30T12:34:27Z
G5viZ_KjnfVT3,The Chuck Brown Band,DONALD HARRISON'S QUANTUM LEAP MUSIC FESTIVAL-CHUCK BROWN BAND,K8vZ9173f5f,New Orleans Jazz Market,KovZ917AaR7,New Orleans,LA,34,2026-10-31,19:00:00,2026-09-28T14:00:00Z,Other,2026-09-30T14:00:00Z,,,0,0,https://www.ticketmaster.com/donald-harrisons-quantum-leap-music-festivalchuck-new-orleans-louisiana-10-31-2026/event/1B0065372A534FD2,,2026-09-29T22:38:20Z,2026-09-30T12:34:27Z
G5viZ_KkfBbEo,Drew & Ellie Holcomb,Drew & Ellie Holcomb: Rain or Shine Tour,K8vZ917_JAV,Tivoli Theatre,KovZpZA1navA,Chattanooga,TN,31,2027-02-11,19:30:00,2026-09-29T14:00:00Z,Artist,2026-10-02T14:00:00Z,,,0,0,https://www.ticketmaster.com/drew-ellie-holcomb-rain-or-shine-chattanooga-tennessee-02-11-2027/event/1B00653194E989D1,18622294,2026-09-29T22:38:20Z,2026-10-01T13:14:51Z
G5viZ_KlXcHSS,The Band Memo,The Band Memo,K8vZ917L-Y0,1884 Lounge,KovZ917AI6i,Memphis,TN,29,2026-11-07,20:00:00,2026-09-30T15:00:00Z,Venue,2026-10-01T15:00:00Z,,,0,0,https://www.ticketmaster.com/the-band-memo-memphis-tennessee-11-07-2026/event/1B00653AFEB7CCF3,,2026-09-29T22:38:20Z,2026-09-30T22:16:22Z
G5viZ_KqSM0Og,Lizzy McAlpine,Lizzy McAlpine: The Over Country Tour,K8vZ917_p3V,Bridgestone Arena,KovZpZA6taAA,Nashville,TN,31;51,2027-06-16,19:00:00,2026-09-30T15:00:00Z,Artist,2026-10-02T15:00:00Z,,,0,0,https://www.ticketmaster.com/lizzy-mcalpine-the-over-country-tour-nashville-tennessee-06-16-2027/event/1B00653773DE4835,18619440,2026-09-29T22:38:20Z,2026-10-01T13:14:51Z
G5viZ_Krb7nuQ,Fantasia,The Love of Soul Tour,K8vZ917Cgvf,Landers Center ,KovZpZA6ta6A,Southaven,MS,29,2027-04-10,20:00:00,2026-09-30T15:00:00Z,Promoter,2026-10-02T15:00:00Z,,,0,0,https://www.ticketmaster.com/the-love-of-soul-tour-southaven-mississippi-04-10-2027/event/1B0065379812A35A,18629435,2026-09-29T22:38:20Z,2026-10-01T13:14:51Z
G5viZ_KvcNSVM,Riley Green,Riley Green: That's Just Me Tour,K8vZ9173IbV,The Wharf Amphitheater,KovZpZAFkEaA,Orange Beach,AL,25,2027-06-04,19:00:00,2026-09-29T15:00:00Z,Venue,2026-10-02T15:00:00Z,,,0,0,https://www.ticketmaster.com/riley-green-thats-just-me-tour-orange-beach-alabama-06-04-2027/event/1B0065306D8F3D37,18626535,2026-09-29T22:38:20Z,2026-10-01T13:14:51Z
G5viZ_KwBZqK4,Matthew West,Matthew West: Jesus Is King Tour,K8vZ917Gn3f,Knoxville Civic Auditorium,KovZpZA1JJ7A,Knoxville,TN,31,2027-05-07,19:00:00,2026-09-30T14:00:00Z,Other,2026-10-05T14:00:00Z,,,0,0,https://www.ticketmaster.com/matthew-west-jesus-is-king-tour-knoxville-tennessee-05-07-2027/event/1B00653CBA01D4D5,18629224,2026-09-29T22:38:20Z,2026-10-01T13:14:51Z
G5viZ_KwEZnnm,Michael Shannon & Jason Narducy,Michael Shannon & Jason Narducy and Friends play R.E.M's Document,K8vZ917qiZ7,The Joy Theater,KovZpa3tGe,New Orleans,LA,34,2027-05-05,19:00:00,2026-09-30T15:00:00Z,Artist,2026-10-02T15:00:00Z,,,0,0,https://www.ticketmaster.com/michael-shannon-jason-narducy-and-friends-new-orleans-louisiana-05-05-2027/event/1B00653CA702AAAE,,2026-09-29T22:38:20Z,2026-10-01T13:14:51Z
G5viZ_Kx-FGjS,Roger Waters Presents LEGACY - A Pink Floyd Show,Roger Waters Presents LEGACY - A Pink Floyd Show,K8vZ917-lxV,Knoxville Civic Auditorium,KovZpZA1JJ7A,Knoxville,TN,31,2027-03-10,19:30:00,2026-09-29T14:00:00Z,VIP,2026-10-02T14:00:00Z,,,0,0,https://www.ticketmaster.com/roger-waters-presents-legacy-a-pink-knoxville-tennessee-03-10-2027/event/1B006538A120C733,,2026-09-29T22:38:20Z,2026-10-01T13:14:51Z
G5viZ_KxNNiSu,Bronwyn Keith-Hynes,WDVX Presents Tennessee Shines & Station Birthday Bash,K8vZ917rhUV,Bijou Theatre,KovZpaF5Ge,Knoxville,TN,31,2026-11-04,19:00:00,2026-09-30T14:00:00Z,Venue,2026-10-02T14:00:00Z,,,0,0,https://www.ticketmaster.com/wdvx-presents-tennessee-shines-station-birthday-knoxville-tennessee-11-04-2026/event/1B006538A38ECCCD,,2026-09-29T22:38:20Z,2026-10-01T13:14:51Z
G5viZ_KxQl59w,Scott Miller,WDVX Presents Scott Miller,K8vZ91749Bf,Bijou Theatre,KovZpaF5Ge,Knoxville,TN,31,2027-01-22,20:00:00,2026-09-30T14:00:00Z,Venue,2026-10-02T14:00:00Z,,,0,0,https://www.ticketmaster.com/wdvx-presents-scott-miller-knoxville-tennessee-01-22-2027/event/1B0065389AACB5F2,,2026-09-29T22:38:20Z,2026-10-01T13:14:51Z
G5viZ_KxaVMMA,"Loft and TriStar Club Premium Seating - April 30, 2027","Loft and TriStar Club Premium Seating - April 30, 2027",name:loft and tristar club premium seating april 30 2027,Food City Center,KovZpZA1eE1A,Knoxville,TN,31,2027-04-30,19:00:00,2026-09-28T14:00:00Z,Other,2026-10-02T14:00:00Z,,,0,0,https://www.ticketmaster.com/loft-and-tristar-club-premium-seating-knoxville-tennessee-04-30-2027/event/1B00653889D37DC5,,2026-09-29T22:38:20Z,2026-10-01T13:14:51Z
G5viZ_KxokyJj,Fantasia,The Love of Soul Tour,K8vZ917Cgvf,Mississippi Coast Coliseum,KovZpZAEkFFA,Biloxi,MS,34,2027-02-20,20:00:00,2026-09-30T15:00:00Z,Other,2026-10-02T15:00:00Z,,,0,0,https://www.ticketmaster.com/the-love-of-soul-tour-biloxi-mississippi-02-20-2027/event/1B006538911B999C,18629249,2026-09-29T22:38:20Z,2026-10-01T13:14:51Z
G5viZ_Kxryiki,Dailey & Vincent,Dailey & Vincent: Candy Canes & Coal Christmas Tour,K8vZ917GI_0,Bijou Theatre,KovZpaF5Ge,Knoxville,TN,31,2026-12-05,20:00:00,2026-09-30T14:00:00Z,Venue,2026-10-02T14:00:00Z,,,0,0,https://www.ticketmaster.com/dailey-vincent-candy-canes-coal-christmas-knoxville-tennessee-12-05-2026/event/1B0065389EE6C1AC,,2026-09-29T22:38:20Z,2026-10-01T13:14:51Z
G5viZ_oCXA2ai,NEEDTOBREATHE,NEEDTOBREATHE: The Long Surrender Tour,K8vZ917G1G7,The Fillmore New Orleans,KovZ917ALJx,New Orleans,LA,34,2027-03-19,18:00:00,2026-09-28T14:00:00Z,Artist,2026-10-02T15:00:00Z,,,0,0,https://www.ticketmaster.com/needtobreathe-the-long-surrender-tour-new-orleans-louisiana-03-19-2027/event/1B006513BE14F26C,18621562,2026-09-29T22:38:20Z,2026-10-01T13:14:51Z
G5viZ_om30aTL,Metallica,Metallica M72 World Tour,K8vZ9171G9V,Donald W. Reynolds Razorback Stadium,KovZpZA77IeA,Fayetteville,AR,29,2027-05-26,18:00:00,2026-09-25T15:00:00Z,VIP,2026-09-25T15:00:00Z,,,0,0,https://www.ticketmaster.com/metallica-m72-world-tour-fayetteville-arkansas-05-26-2027/event/1B00651B92909FDF,18595089,2026-09-29T22:38:20Z,2026-09-30T22:16:22Z
G5vzZ_3BNVU2b,Valley,Valley - Do You Need to Be Entertained Tour,K8vZ9174mN7,The Depot,KovZpZAJk7IA,Salt Lake City,UT,45,2027-03-05,19:00:00,2026-09-25T16:00:00Z,Citi,2026-09-25T16:00:00Z,,,0,0,https://www.ticketmaster.com/valley-do-you-need-to-be-salt-lake-city-utah-03-05-2027/event/1E00652EA3D363D8,18606235,2026-09-29T22:38:20Z,2026-09-30T22:16:22Z
G5vzZ_3Hepr-9,Metallica,Metallica M72 World Tour,K8vZ9171G9V,Rice-Eccles Stadium,KovZpZAdEt6A,Salt Lake City,UT,45,2027-06-19,18:00:00,2026-09-21T16:00:00Z,VIP,2026-09-25T16:00:00Z,,,0,0,https://www.ticketmaster.com/metallica-m72-world-tour-salt-lake-city-utah-06-19-2027/event/1E00652F0259E857,18595107,2026-09-29T22:38:20Z,2026-09-30T22:16:22Z
G5vzZ_3K6u08y,Kenny Chesney,Kenny Chesney: The Original Vibe Room Tour with Eric Church,K8vZ9171f30,Empower Field At Mile High,KovZpa3Wne,Denver,CO,6,2027-07-17,16:30:00,2026-09-25T16:00:00Z,VIP,2026-09-25T16:00:00Z,,,0,0,https://www.ticketmaster.com/kenny-chesney-the-original-vibe-room-denver-colorado-07-17-2027/event/1E006524C7364439,18592005,2026-09-29T22:38:20Z,2026-09-30T22:16:22Z
G5vzZ_3XKm7PK,La Roux,La Roux - The Old Flames Tour,K8vZ917G930,The Depot,KovZpZAJk7IA,Salt Lake City,UT,45,2027-02-13,19:00:00,2026-09-30T16:00:00Z,Citi,2026-10-02T16:00:00Z,,,0,0,https://www.ticketmaster.com/la-roux-the-old-flames-tour-salt-lake-city-utah-02-13-2027/event/1E00652F93B84953,18626710,2026-09-29T22:38:20Z,2026-10-01T13:14:51Z
G5vzZ_3mO5E82,Dylan Scott,Dylan Scott,K8vZ917Kr-f,Kiva Auditorium at the Albuquerque Convention Center,KovZpZAanJtA,Albuquerque,NM,8,2027-02-25,19:30:00,2026-09-25T16:00:00Z,VIP,2026-09-25T16:00:00Z,,,0,0,https://www.ticketmaster.com/dylan-scott-albuquerque-new-mexico-02-25-2027/event/1E00652BA02E740F,18600938,2026-09-29T22:38:20Z,2026-09-30T22:16:22Z
G5vzZ_3nsybUv,The Interrupters,The Interrupters,K8vZ917oanf,The Union,KovZ917A-HC,Salt Lake City,UT,45,2027-04-24,18:30:00,2026-09-25T16:00:00Z,VIP,2026-09-25T16:00:00Z,,,0,0,https://www.ticketmaster.com/the-interrupters-salt-lake-city-utah-04-24-2027/event/1E00652AB1E58D81,18613135,2026-09-29T22:38:20Z,2026-09-30T22:16:22Z
G5vzZ_K-Hbdky,Surfer Girl,Surfer Girl,K8vZ917QE6V,Ophelia's Electric Soapbox,KovZ917Aai0,Denver,CO,6,2027-03-04,20:00:00,2026-09-30T17:00:00Z,Artist,2026-10-02T16:00:00Z,,,0,0,https://www.ticketmaster.com/surfer-girl-denver-colorado-03-04-2027/event/1E0065387C6031B9,,2026-09-29T22:38:20Z,2026-10-01T13:14:51Z
G5vzZ_K12JkdN,James Marriott,James Marriott World Tour,K8vZ917hQP0,Summit Music Hall,KovZpZAFFt1A,Denver,CO,6,2027-02-21,18:30:00,2026-09-28T15:00:00Z,Artist,2026-10-02T15:00:00Z,,,0,0,https://www.ticketmaster.com/james-marriott-world-tour-denver-colorado-02-21-2027/event/1E0065328F9860E3,18609787,2026-09-29T22:38:20Z,2026-10-01T13:14:51Z
G5vzZ_K1IxueD,Trippie Redd,Trippie Redd - The Non-disclosure Agreement Tour,K8vZ917ppmf,Fillmore Auditorium (Denver),KovZpZAE6eJA,Denver,CO,6,2026-12-07,19:00:00,2026-09-25T16:00:00Z,Citi,2026-09-25T16:00:00Z,,,0,0,https://www.ticketmaster.com/trippie-redd-the-nondisclosure-agreement-tour-denver-colorado-12-07-2026/event/1E006532A888D0BB,18617430,2026-09-29T22:38:20Z,2026-09-30T22:16:22Z
G5vzZ_K1t3qaq,Ha*Ash,Ha*Ash - No Me Hablen de Amor,K8vZ917CW60,Paramount Theatre,KovZpZAFa1nA,Denver,CO,6,2027-04-25,20:00:00,2026-09-25T16:00:00Z,Citi,2026-09-25T16:00:00Z,,,0,0,https://www.ticketmaster.com/haash-no-me-hablen-de-amor-denver-colorado-04-25-2027/event/1E006532A949D25D,18608841,2026-09-29T22:38:20Z,2026-09-30T22:16:22Z
G5vzZ_K5LkPaQ,Terrian,Terrian - Mad Big World Tour,K8vZ917_dqf,Marquis,KovZpZAJeFkA,Denver,CO,6,2027-05-08,18:00:00,2026-09-25T16:00:00Z,Citi,2026-09-25T16:00:00Z,,,0,0,https://www.ticketmaster.com/terrian-mad-big-world-tour-denver-colorado-05-08-2027/event/1E006532DF1A525A,18609646,2026-09-29T22:38:20Z,2026-09-30T22:16:22Z
G5vzZ_K65H5m-,Sungazer,Sungazer,K8vZ917Q-Gf,Summit Music Hall,KovZpZAFFt1A,Denver,CO,6,2027-03-06,19:00:00,2026-09-29T16:00:00Z,Citi,2026-09-29T16:00:00Z,,,0,0,https://www.ticketmaster.com/sungazer-denver-colorado-03-06-2027/event/1E006531CBF0BBA1,,2026-09-29T22:38:20Z,2026-10-01T13:14:51Z
G5vzZ_K6ituWy,Bresh,BRESH - 18+,K8vZ917_4H0,Summit Music Hall,KovZpZAFFt1A,Denver,CO,6,2026-12-05,20:30:00,2026-09-30T18:00:00Z,Citi,2026-09-30T18:00:00Z,,,0,0,https://www.ticketmaster.com/bresh-18-denver-colorado-12-05-2026/event/1E006531ECA4DF79,18609788,2026-09-29T22:38:20Z,2026-10-01T13:14:51Z
G5vzZ_KM6culI,Riff Raff,Riff Raff,K8vZ917Gn-0,Marquis,KovZpZAJeFkA,Denver,CO,6,2026-11-08,19:00:00,2026-09-30T18:00:00Z,Citi,2026-10-02T16:00:00Z,,,0,0,https://www.ticketmaster.com/riff-raff-denver-colorado-11-08-2026/event/1E00653DC7B4DAE8,,,2026-10-01T13:14:51Z
G5vzZ_KMNmvqg,Roger Waters Presents LEGACY - A Pink Floyd Show,Roger Waters Presents LEGACY - A Pink Floyd Show,K8vZ917-lxV,The Buell Theatre,KovZpapEke,Denver,CO,6,2027-09-19,19:00:00,2026-09-30T16:00:00Z,Live Nation,2026-10-02T16:00:00Z,,,0,0,https://www.axs.com/events/1631721/roger-waters-presents-legacy-a-pink-floyd-show-tickets,,2026-09-29T22:38:20Z,2026-10-01T13:14:51Z
G5vzZ_KNIrwoi,Louie TheSinger,Louie TheSinger,K8vZ917jLS0,Summit Music Hall,KovZpZAFFt1A,Denver,CO,6,2026-11-05,19:00:00,2026-09-28T17:01:00Z,Citi,2026-10-02T17:00:00Z,,,0,0,https://www.ticketmaster.com/louie-thesinger-denver-colorado-11-05-2026/event/1E006538E87B246C,18629660,2026-09-29T22:38:20Z,2026-10-01T13:14:51Z
G5vzZ_KNZYqBr,Daughtry,Daughtry - 20 Years Unplugged Tour,K8vZ917GZFf,Paramount Theatre,KovZpZAFa1nA,Denver,CO,6,2027-02-10,19:00:00,2026-09-30T16:00:00Z,Citi,2026-10-02T16:00:00Z,,,0,0,https://www.ticketmaster.com/daughtry-20-years-unplugged-tour-denver-colorado-02-10-2027/event/1E006538C0C1DE9E,18632910,2026-09-29T22:38:20Z,2026-10-01T13:14:51Z
G5vzZ_KOfJM9P,Slipknot,Slipknot: (sic)est Stadium Tour,K8vZ9171Lz0,DICK'S Sporting Goods Park,KovZpZAE7aJA,Commerce City,CO,6,2027-08-09,18:00:00,2026-09-29T16:00:00Z,Artist,2026-10-02T16:00:00Z,,,0,0,https://www.ticketmaster.com/slipknot-sicest-stadium-tour-commerce-city-colorado-08-09-2027/event/1E006538149B75E5,18626584,2026-09-29T22:38:20Z,2026-10-01T13:14:51Z
G5vzZ_KQsLBsj,Youth Fountain,Youth Fountain,K8vZ917bGe0,Marquis,KovZpZAJeFkA,Denver,CO,6,2027-03-04,19:00:00,2026-09-30T17:00:00Z,Citi,2026-10-02T17:00:00Z,,,0,0,https://www.ticketmaster.com/youth-fountain-denver-colorado-03-04-2027/event/1E006536B17FAC5C,,2026-09-29T22:38:20Z,2026-10-01T13:14:51Z
G5vzZ_KRy2fKw,Louie TheSinger,Louie TheSinger - The Texican Tour,K8vZ917jLS0,Revolution Concert House & Event Center,KovZ917AJuV,Garden City,ID,45,2026-11-07,20:00:00,2026-09-30T16:00:00Z,Artist,2026-10-02T16:00:00Z,,,0,0,https://www.ticketmaster.com/louie-thesinger-the-texican-tour-garden-city-idaho-11-07-2026/event/1E00653BF93D44F2,18631414,2026-09-29T22:38:20Z,2026-10-01T13:14:51Z
G5vzZ_KSnNSNF,Jack Kays,Jack Kays,K8vZ917_x80,Oriental Theater,KovZpaprpe,Denver,CO,6,2027-03-07,19:30:00,2026-09-30T16:00:00Z,Artist,2026-10-02T16:00:00Z,,,0,0,https://theorientaltheater.holdmyticket.com/tickets-preview/5fd5efc2352ebe36ebfc714f48f9d076,18629576,2026-09-29T22:38:20Z,2026-10-01T13:14:51Z
G5vzZ_KdartS6,Hairball,Hairball,K8vZ917GfO0,Paramount Theatre,KovZpZAFa1nA,Denver,CO,6,2027-01-14,20:00:00,2026-09-29T16:00:00Z,Venue,2026-10-02T16:00:00Z,,,0,0,https://www.ticketmaster.com/hairball-denver-colorado-01-14-2027/event/1E006530C97A9CC7,18629688,2026-09-29T22:38:20Z,2026-10-01T13:14:51Z
G5vzZ_KeKa0YE,Northlane,Northlane: THE ANEMOIA TOUR,K8vZ917ofc0,Summit Music Hall,KovZpZAFFt1A,Denver,CO,6,2027-03-09,18:00:00,2026-09-29T16:00:00Z,Artist,2026-10-02T16:00:00Z,,,0,0,https://www.ticketmaster.com/northlane-the-anemoia-tour-denver-colorado-03-09-2027/event/1E00653093264C27,,2026-09-29T22:38:20Z,2026-10-01T13:14:51Z
G5vzZ_KeilE5w,Hans Zimmer,HANS ZIMMER LIVE - THE NEXT LEVEL,K8vZ917ubK0,Ball Arena,KovZpZAFaJeA,Denver,CO,6;51,2027-03-25,19:30:00,2026-09-25T16:00:00Z,VIP,2026-09-25T16:00:00Z,,,0,0,https://www.ticketmaster.com/hans-zimmer-live-the-next-level-denver-colorado-03-25-2027/event/1E006530ACAE72F2,18601943,2026-09-29T22:38:20Z,2026-09-30T22:16:22Z
G5vzZ_Kk2w7Ui,A Perfect Circle,A Perfect Circle,K8vZ9171rq0,Canyon View Credit Union Stage at Maverik Center,KovZ917AVFB,West Valley City,UT,45,2027-05-28,19:30:00,2026-09-30T16:00:00Z,Other,2026-10-02T16:00:00Z,,,0,0,https://www.ticketmaster.com/a-perfect-circle-west-valley-city-utah-05-28-2027/event/1E0065318FC84DAC,18632545,2026-09-29T22:38:20Z,2026-10-01T13:14:51Z
G5vzZ_KkRpbyy,Hilary Duff,Hilary Duff: the lucky me tour,K8vZ9175rEf,Ball Arena,KovZpZAFaJeA,Denver,CO,6;51,2027-11-17,19:30:00,2026-10-01T16:00:00Z,Other,2026-10-02T16:00:00Z,,,0,0,https://www.ticketmaster.com/hilary-duff-the-lucky-me-tour-denver-colorado-11-17-2027/event/1E006531AF598E79,18613419,2026-09-29T22:38:20Z,2026-10-01T13:14:51Z
G5vzZ_Kkf1PnR,Too Many Zooz,Too Many Zooz: Audio Lipstick Tour,K8vZ917fQi7,Summit Music Hall,KovZpZAFFt1A,Denver,CO,6,2027-03-19,19:00:00,2026-09-25T16:00:00Z,Citi,2026-09-25T16:00:00Z,,,0,0,https://www.ticketmaster.com/too-many-zooz-audio-lipstick-tour-denver-colorado-03-19-2027/event/1E006531942A5AAF,18612771,2026-09-29T22:38:20Z,2026-09-30T22:16:22Z
G5vzZ_KrF-gZ2,Stan Society,Stan Society Presents Olivia Rodrigo Night - 18+,K8vZ917qDOf,Summit Music Hall,KovZpZAFFt1A,Denver,CO,6,2026-11-07,20:30:00,2026-09-25T18:00:00Z,Citi,2026-09-25T18:00:00Z,,,0,0,https://www.ticketmaster.com/stan-society-presents-olivia-rodrigo-night-denver-colorado-11-07-2026/event/1E0065378887500F,18622189,2026-09-29T22:38:20Z,2026-09-30T22:16:22Z
G5vzZ_KrlwlaH,Chevel Shepherd,Chevel Shepherd- Sponsored by The Salvation Army,K8vZ917bu67,Kiva Auditorium at the Albuquerque Convention Center,KovZpZAanJtA,Albuquerque,NM,8,2026-10-30,19:30:00,2026-09-25T15:00:00Z,VIP,2026-09-25T18:00:00Z,,,0,0,https://www.ticketmaster.com/chevel-shepherd-sponsored-by-the-salvation-albuquerque-new-mexico-10-30-2026/event/1E006537ABCAB27C,18620857,2026-09-29T22:38:20Z,2026-09-30T22:16:22Z
G5vzZ_Kx0WbMS,Dark Star Orchestra,Dark Star Orchestra,K8vZ9171IA0,Fillmore Auditorium (Denver),KovZpZAE6eJA,Denver,CO,6,2027-01-30,19:00:00,2026-09-30T16:00:00Z,Artist,2026-10-02T16:00:00Z,,,0,0,https://www.ticketmaster.com/dark-star-orchestra-denver-colorado-01-30-2027/event/1E006538A4F58DF3,,2026-09-29T22:38:20Z,2026-10-01T13:14:51Z
G5vzZ_Kxn5yWx,Dark Star Orchestra,Dark Star Orchestra: 2-DAY Ticket,K8vZ9171IA0,Fillmore Auditorium (Denver),KovZpZAE6eJA,Denver,CO,6,2027-01-29,,2026-09-30T16:00:00Z,Artist,2026-10-02T16:00:00Z,,,0,0,https://www.ticketmaster.com/dark-star-orchestra-2day-ticket-denver-colorado-01-29-2027/event/1E006538AA2F9F62,,2026-09-29T22:38:20Z,2026-10-01T13:14:51Z
G5vzZ_Kxw2hjN,Michael Shannon & Jason Narducy,Michael Shannon & Jason Narducy and Friends play R.E.M.'s Document,K8vZ917qiZ7,Summit Music Hall,KovZpZAFFt1A,Denver,CO,6,2027-02-03,18:00:00,2026-09-30T14:00:00Z,Citi,2026-10-02T16:00:00Z,,,0,0,https://www.ticketmaster.com/michael-shannon-jason-narducy-and-friends-denver-colorado-02-03-2027/event/1E006538B23DB723,,2026-09-29T22:38:20Z,2026-10-01T13:14:51Z
G5vzZ_KxwzhJ7,The Piano Guys,The Piano Guys,K8vZ9178z90,Morrison Center for the Performing Arts,KovZpZAE7IFA,Boise,ID,32;45,2027-02-02,19:00:00,2026-09-30T16:00:00Z,Artist,2026-10-02T16:00:00Z,,,0,0,https://www.ticketmaster.com/the-piano-guys-boise-idaho-02-02-2027/event/1E006538B2E1B984,,2026-09-29T22:38:20Z,2026-10-01T13:14:51Z
G5vzZ_KxxKbNP,Dark Star Orchestra,Dark Star Orchestra,K8vZ9171IA0,Fillmore Auditorium (Denver),KovZpZAE6eJA,Denver,CO,6,2027-01-29,19:00:00,2026-09-30T16:00:00Z,Artist,2026-10-02T16:00:00Z,,,0,0,https://www.ticketmaster.com/dark-star-orchestra-denver-colorado-01-29-2027/event/1E006538A24D88E5,,2026-09-29T22:38:20Z,2026-10-01T13:14:51Z
k7v17_KJoG7I1WL,Guitars & Stars,WBEE's Guitars & Stars,K8vZ917Ck7f,West Herr Auditorium Theatre at West Herr Performing Arts Center,KovZpaowGe,Rochester,NY,44,2026-11-11,19:30:00,2026-10-01T14:00:00Z,Venue,2026-10-02T14:00:00Z,,,0,0,https://www.ticketmaster.com/wbees-guitars-stars-rochester-new-york-11-11-2026/event/0000653991A0AF5F,,2026-09-29T22:38:20Z,2026-10-01T13:14:51Z
k7v17_Kr_G7IbrI,Get the Led Out,Get the Led Out,K8vZ917GEfV,The Paramount in concert with Northwell,KovZpZAEAEtA,Huntington,NY,35;124,2026-12-26,20:00:00,2026-09-29T14:00:00Z,Citi,2026-10-02T14:00:00Z,,,0,0,https://www.ticketmaster.com/get-the-led-out-huntington-new-york-12-26-2026/event/0000653799A187A8,18631025,2026-09-29T22:38:20Z,2026-10-01T13:14:51Z
k7v17_Kr_G7tIrY,Get the Led Out,Get the Led Out,K8vZ917GEfV,The Paramount in concert with Northwell,KovZpZAEAEtA,Huntington,NY,35;124,2026-12-27,20:00:00,2026-09-29T14:00:00Z,Citi,2026-10-02T14:00:00Z,,,0,0,https://www.ticketmaster.com/get-the-led-out-huntington-new-york-12-27-2026/event/0000653799A687B0,18631026,2026-09-29T22:38:20Z,2026-10-01T13:14:51Z
k7v1Ak39PeZA8GAea,Great White,Great White (Ages 21 & Over),K8vZ9171CDV,del Lago Resort & Casino,KovZ917A2-0,Waterloo,NY,44,2027-01-22,20:00:00,2026-09-29T12:00:00Z,Citi,2026-10-02T14:00:00Z,,,0,0,https://www.ticketmaster.com/great-white-ages-21-over-waterloo-new-york-01-22-2027/event/00006497942FB418,18631692,2026-09-29T22:38:20Z,2026-10-01T13:14:51Z
k7v1Ako_v_ZA5CGCC,Sting,STING 3.0 Tour,K8vZ91712w7,Brooklyn Paramount,KovZpZA77ldA,Brooklyn,NY,35,2026-11-21,19:00:00,2026-09-29T14:00:00Z,Artist,2026-10-02T14:00:00Z,,,0,0,https://www.ticketmaster.com/sting-30-tour-brooklyn-new-york-11-21-2026/event/00006459059ADBDD,18626604,2026-09-29T22:38:20Z,2026-10-01T13:14:51Z
k7v1Ako_v_ZACCG27,Sting,STING 3.0 Tour,K8vZ91712w7,Brooklyn Paramount,KovZpZA77ldA,Brooklyn,NY,35,2026-11-20,19:00:00,2026-09-29T14:00:00Z,Artist,2026-10-02T14:00:00Z,,,0,0,https://www.ticketmaster.com/sting-30-tour-brooklyn-new-york-11-20-2026/event/00006459059DDBE3,18626602,2026-09-29T22:38:20Z,2026-10-01T13:14:51Z
k7v1kvPC_-7Z7u16k,Winter Enchanted - A Magical West End Christmas Story,Winter Enchanted - A Magical West End Christmas Story,name:winter enchanted a magical west end christmas story,The Palace Theatre Albany,KovZpZAdJalA,Albany,NY,35;44;124,2026-12-14,19:00:00,2026-10-01T14:00:00Z,Other,2026-10-02T14:00:00Z,,,0,0,https://www.ticketmaster.com/winter-enchanted-a-magical-west-end-albany-new-york-12-14-2026/event/000065399844C965,,2026-09-29T22:38:20Z,2026-10-01T13:14:51Z
k7vGF_3Cwtd0z,Kenny Chesney,Kenny Chesney: The Original Vibe Room Tour with Eric Church,K8vZ9171f30,MetLife Stadium,KovZpakS7e,East Rutherford,NJ,35;55;124,2027-08-07,16:30:00,2026-09-25T14:00:00Z,VIP,2026-09-25T14:00:00Z,,,0,0,https://www.ticketmaster.com/kenny-chesney-the-original-vibe-room-east-rutherford-new-jersey-08-07-2027/event/00006523B2A43938,18592014,2026-09-29T22:38:20Z,2026-09-30T22:16:22Z
k7vGF_3cB94mt,Midland,Midland (Ages 21 & Over),K8vZ9174taV,del Lago Resort & Casino,KovZ917A2-0,Waterloo,NY,44,2026-12-18,20:00:00,2026-09-29T14:00:00Z,Citi,2026-10-02T14:00:00Z,,,0,1,https://www.ticketmaster.com/midland-ages-21-over-waterloo-new-york-12-18-2026/event/0000652B7A5D5BA9,18631691,2026-09-29T22:38:20Z,2026-10-01T13:14:51Z
k7vGF_3xgaHhY,Games We Play,"Games We Play - ""I Wish I Never Quit"" US Tour",K8vZ917Q197,Gramercy Theatre,KovZpZAEAdaA,New York,NY,35;55;124,2027-03-16,19:00:00,2026-09-25T14:00:00Z,Citi,2026-09-25T14:00:00Z,,,0,0,https://www.ticketmaster.com/games-we-play-i-wish-i-new-york-new-york-03-16-2027/event/00006528B527C6F0,18605913,2026-09-29T22:38:20Z,2026-09-30T22:16:22Z
k7vGF_K-CXQw3,Tommy James and the Shondells,Tommy James and the Shondells,K8vZ917ujyV,Flagstar at Westbury Music Fair,KovZpZAEAEaA,Westbury,NY,35;55;124,2027-04-10,20:00:00,2026-09-29T14:00:00Z,Citi,2026-10-02T14:00:00Z,,,0,1,https://www.ticketmaster.com/tommy-james-and-the-shondells-westbury-new-york-04-10-2027/event/000065384EF9AC92,18629246,2026-09-29T22:38:20Z,2026-10-01T13:14:51Z
k7vGF_K1rWXJY,Riley Green,Riley Green: That's Just Me Tour,K8vZ9173IbV,Empower Federal Credit Union Amphitheater at Lakeview,KovZpZAEAEIA,Syracuse,NY,44,2027-07-15,19:00:00,2026-09-29T14:00:00Z,Venue,2026-10-02T14:00:00Z,,,0,0,https://www.ticketmaster.com/riley-green-thats-just-me-tour-syracuse-new-york-07-15-2027/event/000065329EF7E9B0,18626571,2026-09-29T22:38:20Z,2026-10-01T13:14:51Z
k7vGF_K4Bz3Um,James Marriott,James Marriott World Tour,K8vZ917hQP0,Irving Plaza Powered By Verizon 5G,KovZpaFPje,New York,NY,35;55;124,2027-02-11,18:30:00,2026-09-28T13:00:00Z,Artist,2026-10-02T13:00:00Z,,,0,0,https://www.ticketmaster.com/james-marriott-world-tour-new-york-new-york-02-11-2027/event/000065357AE12DAE,18609861,2026-09-29T22:38:20Z,2026-10-01T13:14:51Z
k7vGF_K51c5-y,Devon Gabriella,Devon Gabriella,K8vZ917hxc7,Mercury Lounge,KovZpZAJAkAA,New York,NY,35;124,2026-12-09,18:00:00,2026-09-23T14:00:00Z,VIP,2026-09-25T14:00:00Z,,,0,0,https://www.ticketmaster.com/devon-gabriella-new-york-new-york-12-09-2026/event/00006532CAB4B879,18612869,2026-09-29T22:38:20Z,2026-09-30T22:16:22Z
k7vGF_K5KFcyU,TOMORA,TOMORA,K8vZ917L-hV,Brooklyn Paramount,KovZpZA77ldA,Brooklyn,NY,35,2027-03-24,19:00:00,2026-09-25T14:00:00Z,Citi,2026-09-25T14:00:00Z,,,0,0,https://www.ticketmaster.com/tomora-brooklyn-new-york-03-24-2027/event/00006532D322DE76,18610228,2026-09-29T22:38:20Z,2026-09-30T22:16:22Z
k7vGF_K5YHBaG,Almost Queen,Almost Queen: A tribute to Queen  w/ The Super 70's Rock Show,K8vZ9175zP7,Gramercy Theatre,KovZpZAEAdaA,New York,NY,35;55;124,2027-01-15,19:00:00,2026-09-25T16:00:00Z,Citi,2026-09-25T16:00:00Z,,,0,0,https://www.ticketmaster.com/almost-queen-a-tribute-to-queen-new-york-new-york-01-15-2027/event/00006532F0F3A24C,18609534,2026-09-29T22:38:20Z,2026-09-30T22:16:22Z
k7vGF_K5g7j_g,Northlane,Northlane: THE ANEMOIA TOUR,K8vZ917ofc0,Irving Plaza Powered By Verizon 5G,KovZpaFPje,New York,NY,35;55;124,2027-02-27,18:00:00,2026-09-29T16:00:00Z,Artist,2026-10-02T14:00:00Z,,,0,0,https://www.ticketmaster.com/northlane-the-anemoia-tour-new-york-new-york-02-27-2027/event/00006532F511C675,,2026-09-29T22:38:20Z,2026-10-01T13:14:51Z
k7vGF_K6Y5uWc,The Interrupters,The Interrupters,K8vZ917oanf,Brooklyn Paramount,KovZpZA77ldA,Brooklyn,NY,35,2027-04-04,18:00:00,2026-09-25T14:00:00Z,Citi,2026-09-25T14:00:00Z,,,0,0,https://www.ticketmaster.com/the-interrupters-brooklyn-new-york-04-04-2027/event/00006531F02CDF6D,18613085,2026-09-29T22:38:20Z,2026-09-30T22:16:22Z
k7vGF_K9HKKyV,Danny Brown,Danny Brown,K8vZ917uLh7,Irving Plaza Powered By Verizon 5G,KovZpaFPje,New York,NY,35;55;124,2026-11-19,19:00:00,2026-09-24T14:00:00Z,Citi,2026-09-24T14:00:00Z,,,0,0,https://www.ticketmaster.com/danny-brown-new-york-new-york-11-19-2026/event/00006535FC4D3E74,18612879,2026-09-29T22:38:20Z,2026-09-29T22:38:20Z
k7vGF_K9Pms1B,Haiden Henderson,Haiden Henderson,K8vZ917jUef,Irving Plaza Powered By Verizon 5G,KovZpaFPje,New York,NY,35;55;124,2027-04-23,19:00:00,2026-09-25T14:00:00Z,Citi,2026-09-25T14:00:00Z,,,0,0,https://www.ticketmaster.com/haiden-henderson-new-york-new-york-04-23-2027/event/00006535E5BB12BA,18612878,2026-09-29T22:38:20Z,2026-09-30T22:16:22Z
k7vGF_K9fcrbS,House of Heavy,HOUSE OF HEAVY - Nu Metal + Metalcore Night,K8vZ917L-fV,Brooklyn Bowl,KovZpZAIetFA,Brooklyn,NY,35,2026-10-24,23:30:00,2026-09-30T14:00:00Z,Venue,2026-10-02T16:00:00Z,,,0,0,https://www.ticketmaster.com/house-of-heavy-nu-metal-metalcore-brooklyn-new-york-10-24-2026/event/00006535D4B5E633,,2026-09-29T22:38:20Z,2026-10-01T13:14:51Z
k7vGF_K9lboi8,Hilary Duff,Hilary Duff: the lucky me tour,K8vZ9175rEf,KeyBank Center,KovZpZAaFEaA,Buffalo,NY,44,2027-10-11,19:30:00,2026-10-01T14:00:00Z,Other,2026-10-02T14:00:00Z,,,0,0,https://www.ticketmaster.com/hilary-duff-the-lucky-me-tour-buffalo-new-york-10-11-2027/event/00006535EB611B10,18613395,2026-09-29T22:38:20Z,2026-10-01T13:14:51Z
k7vGF_KC2QANB,Ha*Ash,Ha*Ash - No Me Hablen de Amor,K8vZ917CW60,United Palace,KovZpZAaadEA,New York,NY,35;55;124,2027-05-19,20:00:00,2026-09-25T14:00:00Z,Citi,2026-09-25T14:00:00Z,,,0,0,https://www.ticketmaster.com/haash-no-me-hablen-de-amor-new-york-new-york-05-19-2027/event/000065338F6858FA,18608856,2026-09-29T22:38:20Z,2026-09-30T22:16:22Z
k7vGF_KCmLQLI,Emo Night Brooklyn,Emo Night Brooklyn 21+ Event,K8vZ9174hJ7,The Stone Pony,KovZpZAdt7AA,Asbury Park,NJ,35;55;124,2026-10-24,21:00:00,2026-09-30T14:00:00Z,Live Nation,2026-10-02T16:00:00Z,,,0,0,https://www.ticketmaster.com/emo-night-brooklyn-21-event-asbury-park-new-jersey-10-24-2026/event/00006533AE7DA7E8,,2026-09-29T22:38:20Z,2026-10-01T13:14:51Z
k7vGF_KE2muse,Jack Kays,Jack Kays - Jack Kays And His Band,K8vZ917_x80,Irving Plaza Powered By Verizon 5G,KovZpaFPje,New York,NY,35;55;124,2027-03-20,18:30:00,2026-09-30T14:00:00Z,Artist,2026-10-02T14:00:00Z,,,0,0,https://www.ticketmaster.com/jack-kays-jack-kays-and-his-new-york-new-york-03-20-2027/event/00006539CFB8DC42,18629808,2026-09-29T22:38:20Z,2026-10-01T13:14:51Z
k7vGF_KEKAXDB,Roger Waters Presents LEGACY - A Pink Floyd Show,Roger Waters Presents LEGACY - A Pink Floyd Show,K8vZ917-lxV,The Palace Theatre Albany,KovZpZAdJalA,Albany,NY,35;44;124,2027-04-14,19:30:00,2026-09-30T14:00:00Z,Other,2026-10-02T14:00:00Z,,,0,0,https://www.ticketmaster.com/roger-waters-presents-legacy-a-pink-albany-new-york-04-14-2027/event/00006539D317EEFA,,2026-09-29T22:38:20Z,2026-10-01T13:14:51Z
k7vGF_KEUr62b,Roger Waters Presents LEGACY - A Pink Floyd Show,Roger Waters Presents LEGACY - A Pink Floyd Show,K8vZ917-lxV,New Jersey Performing Arts Center,KovZpa6Vxe,Newark,NJ,35;55;124,2027-04-16,20:00:00,2026-09-30T14:00:00Z,Other,2026-10-02T14:00:00Z,,,0,0,https://www.ticketmaster.com/roger-waters-presents-legacy-a-pink-newark-new-jersey-04-16-2027/event/00006539F67873D8,,2026-09-29T22:38:20Z,2026-10-01T13:14:51Z
k7vGF_KEe8t1W,Yacht Lobsters,Yacht Lobsters-Soft Rock of the 70's & 80'S,K8vZ917hiK0,Gramercy Theatre,KovZpZAEAdaA,New York,NY,35;55;124,2026-12-05,19:00:00,2026-09-29T14:00:00Z,Citi,2026-10-02T16:00:00Z,,,0,0,https://www.ticketmaster.com/yacht-lobsterssoft-rock-of-the-70s-new-york-new-york-12-05-2026/event/00006539C24292BD,18629305,2026-09-29T22:38:20Z,2026-10-01T13:14:51Z
k7vGF_KErKgwD,Night Lovell,Night Lovell,K8vZ917fKr0,Warsaw,KovZpZAdJtAA,Brooklyn,NY,35;44;55;124,2026-12-16,19:00:00,2026-09-30T14:00:00Z,Artist,2026-10-02T14:00:00Z,,,0,0,https://www.ticketmaster.com/night-lovell-brooklyn-new-york-12-16-2026/event/00006539DE4F5CBB,18629708,2026-09-29T22:38:20Z,2026-10-01T13:14:51Z
k7vGF_KEt5CvI,Paco Versailles,Paco Versailles,K8vZ917hYDV,Sony Hall,KovZ917Ah5Q,New York,NY,35,2027-03-20,20:00:00,2026-10-01T14:00:00Z,Artist,2026-10-02T14:00:00Z,,,0,0,https://www.ticketmaster.com/paco-versailles-new-york-new-york-03-20-2027/event/00006539E92CE068,,,2026-10-01T13:14:51Z
k7vGF_KFHD0lI,Braxton Keith,Braxton Keith,K8vZ917QTV0,Irving Plaza Powered By Verizon 5G,KovZpaFPje,New York,NY,35;55;124,2027-02-05,18:00:00,2026-09-25T14:00:00Z,Citi,2026-09-25T14:00:00Z,,,0,0,https://www.ticketmaster.com/braxton-keith-new-york-new-york-02-05-2027/event/000065323CEE4AE8,18609862,2026-09-29T22:38:20Z,2026-09-30T22:16:22Z
k7vGF_KJ-umcj,The Princess Proms Concert,The Princess Proms Concert,K8vZ917LhV7,New Jersey Performing Arts Center,KovZpa6Vxe,Newark,NJ,35;55;124,2027-03-30,15:30:00,2026-09-30T14:00:00Z,Other,2026-10-02T14:00:00Z,,,0,0,https://www.ticketmaster.com/the-princess-proms-concert-newark-new-jersey-03-30-2027/event/00006539A136EB5C,18629433,2026-09-29T22:38:20Z,2026-10-01T13:14:51Z
k7vGF_KJPURiD,Chris Simpson,Chris Simpson (of Mineral),K8vZ917-Ry0,Mercury Lounge,KovZpZAJAkAA,New York,NY,35;124,2026-12-16,18:00:00,2026-10-01T14:00:00Z,Citi,2026-10-02T14:00:00Z,,,0,0,https://www.ticketmaster.com/chris-simpson-of-mineral-new-york-new-york-12-16-2026/event/00006539A5DAFB3B,,,2026-10-01T13:14:51Z
k7vGF_KLO_48u,Surfer Girl,Surfer Girl,K8vZ917QE6V,Brooklyn Bowl,KovZpZAIetFA,Brooklyn,NY,35,2027-02-27,20:00:00,2026-09-30T16:00:00Z,Artist,2026-10-02T14:00:00Z,,,0,0,https://www.ticketmaster.com/surfer-girl-brooklyn-new-york-02-27-2027/event/00006537E065540D,,2026-09-29T22:38:20Z,2026-10-01T13:14:51Z
k7vGF_KM1KCWj,Vanessa Williams,An Evening With Vanessa Williams,K8vZ9171550,Bergen Performing Arts Center,KovZpZAEAdJA,Englewood,NJ,35;55;124,2026-11-13,20:00:00,2026-09-30T15:00:00Z,Other,2026-10-02T14:00:00Z,,,0,0,https://www.ticketmaster.com/an-evening-with-vanessa-williams-englewood-new-jersey-11-13-2026/event/0000653DCA4CEF5C,,,2026-10-01T13:14:51Z
k7vGF_KMD6y5s,Marty O'Reilly,Marty O'Reilly,K8vZ9178x8V,Mercury Lounge,KovZpZAJAkAA,New York,NY,35;124,2026-11-03,18:00:00,2026-10-01T14:00:00Z,Citi,2026-10-02T14:00:00Z,,,0,0,https://www.ticketmaster.com/marty-oreilly-new-york-new-york-11-03-2026/event/0000653DFB1F92F1,,,2026-10-01T13:14:51Z
k7vGF_KN1yPvn,Roger Waters Presents LEGACY - A Pink Floyd Show,Roger Waters Presents LEGACY - A Pink Floyd Show,K8vZ917-lxV,Kodak Center,KovZpa4xOe,Rochester,NY,44,2027-04-27,19:30:00,2026-09-29T14:00:00Z,Venue,2026-10-02T14:00:00Z,,,0,0,https://www.ticketmaster.com/roger-waters-presents-legacy-a-pink-rochester-new-york-04-27-2027/event/00006538CAE6506A,,2026-09-29T22:38:20Z,2026-10-01T13:14:51Z
k7vGF_KN4A9wv,Strictly Hip,The Strictly Hip The Masters Of The Music Of The Tragically Hip,K8vZ917CDT0,Seneca Niagara Resort & Casino Bears Den,KovZpZAdJanA,Niagara Falls,NY,44,2027-02-27,20:00:00,2026-10-02T14:00:00Z,Platinum,2026-10-02T14:00:00Z,,,0,1,https://www.ticketmaster.com/the-strictly-hip-the-masters-of-niagara-falls-new-york-02-27-2027/event/00006538D5157C81,18629806,2026-09-29T22:38:20Z,2026-10-01T13:14:51Z
k7vGF_KN4dMsh,Strictly Hip,The Strictly Hip The Masters Of The Music Of The Tragically Hip,K8vZ917CDT0,Seneca Niagara Resort & Casino Bears Den,KovZpZAdJanA,Niagara Falls,NY,44,2027-02-26,20:00:00,2026-10-02T14:00:00Z,Platinum,2026-10-02T14:00:00Z,,,0,1,https://www.ticketmaster.com/the-strictly-hip-the-masters-of-niagara-falls-new-york-02-26-2027/event/00006538D50F7C5B,18629805,2026-09-29T22:38:20Z,2026-10-01T13:14:51Z
k7vGF_KNAISMp,Dru Hill,The History of R&B Starring Dru Hill,K8vZ9171h90,Seneca Niagara Resort & Casino Event Center,KovZpZAFdlEA,Niagara Falls,NY,44,2027-03-06,20:00:00,2026-09-30T14:00:00Z,Artist,2026-10-02T14:00:00Z,,,0,0,https://www.ticketmaster.com/the-history-of-rb-starring-dru-niagara-falls-new-york-03-06-2027/event/00006538C5A33DD6,18629580,2026-09-29T22:38:20Z,2026-10-01T13:14:51Z
k7vGF_KNAuNYA,The Pharcyde,The Pharcyde & Slum Village,K8vZ91714lV,Brooklyn Bowl,KovZpZAIetFA,Brooklyn,NY,35,2026-11-12,20:00:00,2026-09-29T14:00:00Z,Live Nation,2026-10-02T14:00:00Z,,,0,0,https://www.ticketmaster.com/the-pharcyde-slum-village-brooklyn-new-york-11-12-2026/event/00006538C5363C05,18629610,2026-09-29T22:38:20Z,2026-10-01T13:14:51Z
k7vGF_KNJLGim,Blondshell,Blondshell - Scaring Strangers Tour,K8vZ917QVQf,The Stone Pony,KovZpZAdt7AA,Asbury Park,NJ,35;55;124,2027-03-23,19:00:00,2026-09-30T14:00:00Z,Artist,2026-10-02T14:00:00Z,,,0,0,https://www.ticketmaster.com/blondshell-scaring-strangers-tour-asbury-park-new-jersey-03-23-2027/event/00006538E67CCB2E,18633502,2026-09-29T22:38:20Z,2026-10-01T13:14:51Z
k7vGF_KQ-E_YF,Lukas Graham,Lukas Graham,K8vZ9172uRV,Irving Plaza Powered By Verizon 5G,KovZpaFPje,New York,NY,35;55;124,2027-03-10,19:00:00,2026-09-25T14:00:00Z,Citi,2026-09-25T14:00:00Z,,,0,0,https://www.ticketmaster.com/lukas-graham-new-york-new-york-03-10-2027/event/00006536A19D9C08,18618105,2026-09-29T22:38:20Z,2026-09-30T22:16:22Z
k7vGF_KQHvCG1,Roger Waters Presents LEGACY - A Pink Floyd Show,Roger Waters Presents LEGACY - A Pink Floyd Show,K8vZ917-lxV,UB Center for the Arts - Mainstage Theatre,KovZ917AJge,Buffalo,NY,44,2027-04-13,19:30:00,2026-09-29T14:00:00Z,VIP,2026-10-02T14:00:00Z,,,0,0,https://www.ticketmaster.com/roger-waters-presents-legacy-a-pink-buffalo-new-york-04-13-2027/event/00006536BC04E30A,,2026-09-29T22:38:20Z,2026-10-01T13:14:51Z
k7vGF_KQmDiuK,Roger Waters Presents LEGACY - A Pink Floyd Show,Roger Waters Presents LEGACY - A Pink Floyd Show,K8vZ917-lxV,The Stanley,KovZpaowee,Utica,NY,44,2027-04-29,19:30:00,2026-09-29T14:00:00Z,VIP,2026-10-02T14:00:00Z,,,0,0,https://www.ticketmaster.com/roger-waters-presents-legacy-a-pink-utica-new-york-04-29-2027/event/00006536AEEEC353,,2026-09-29T22:38:20Z,2026-10-01T13:14:51Z
k7vGF_KS2NX98,Milk & Bone,Milk & Bone,K8vZ917KrPf,Mercury Lounge,KovZpZAJAkAA,New York,NY,35;124,2026-12-12,18:00:00,2026-09-30T14:00:00Z,Artist,2026-10-01T14:00:00Z,,,0,0,https://www.ticketmaster.com/milk-bone-new-york-new-york-12-12-2026/event/0000653CCF8FE5D0,,2026-09-29T22:38:20Z,2026-09-30T22:16:22Z
k7vGF_KSUb7PQ,Modern Alibi,Modern Alibi,K8vZ917q5A7,Mercury Lounge,KovZpZAJAkAA,New York,NY,35;124,2026-11-08,20:00:00,2026-10-01T14:00:00Z,Citi,2026-10-02T14:00:00Z,,,0,0,https://www.ticketmaster.com/modern-alibi-new-york-new-york-11-08-2026/event/0000653CF660495A,,,2026-10-01T13:14:51Z
k7vGF_KSV3ffg,Winter Enchanted - A West End Christmas Show,Winter Enchanted - A West End Christmas Show,name:winter enchanted a west end christmas show,The Oncenter Crouse Hinds Theater,KovZpZAaFEtA,Syracuse,NY,44,2026-12-12,19:00:00,2026-10-01T14:00:00Z,Other,2026-10-02T14:00:00Z,,,0,0,https://www.ticketmaster.com/winter-enchanted-a-west-end-christmas-syracuse-new-york-12-12-2026/event/0000653CF4494535,,2026-09-29T22:38:20Z,2026-10-01T13:14:51Z
k7vGF_KUSvhfu,TKA/K7,Freestyle Forever 2027,K8vZ917bSa7,St. George Theatre,KovZpa4PZe,Staten Island,NY,35;124,2027-03-06,19:30:00,2026-09-30T16:00:00Z,Other,2026-10-02T16:00:00Z,,,0,0,https://www.ticketmaster.com/freestyle-forever-2027-staten-island-new-york-03-06-2027/event/0000653DB305B50D,,2026-09-29T22:38:20Z,2026-10-01T13:14:51Z
k7vGF_KYftaAS,Kim Petras,Kim Petras,K8vZ917pWpV,Knockdown Center,KovZpZAEteAA,Queens,NY,35,2026-12-04,20:00:00,2026-10-01T14:00:00Z,Live Nation,2026-10-02T14:00:00Z,,,0,0,https://link.dice.fm/KimPetras-KDC-Dec4,,2026-09-29T22:38:20Z,2026-10-01T13:14:51Z
k7vGF_KdgQqIR,Gnarls Barkley,Gnarls Barkley: To Whom It Still Concerns Tour,K8vZ9175Hz7,Irving Plaza Powered By Verizon 5G,KovZpaFPje,New York,NY,35;55;124,2026-11-24,19:00:00,2026-09-24T14:00:00Z,Citi,2026-09-24T14:00:00Z,,,0,0,https://www.ticketmaster.com/gnarls-barkley-to-whom-it-still-new-york-new-york-11-24-2026/event/00006530F569DA2F,18604548,2026-09-29T22:38:20Z,2026-09-29T22:38:20Z
k7vGF_Kdt4Do8,Matt Quinn,Jam For Good presents Matt Quinn of Mt. Joy,K8vZ917jPOV,Gramercy Theatre,KovZpZAEAdaA,New York,NY,35;55;124,2026-11-05,19:00:00,2026-09-25T14:00:00Z,Citi,2026-09-25T14:00:00Z,,,0,0,https://www.ticketmaster.com/jam-for-good-presents-matt-quinn-new-york-new-york-11-05-2026/event/00006530E957B450,18617442,2026-09-29T22:38:20Z,2026-09-30T22:16:22Z
k7vGF_KiCtNjM,Dropkick Murphys,Dropkick Murphys,K8vZ9171h_V,Brooklyn Paramount,KovZpZA77ldA,Brooklyn,NY,35,2027-03-07,18:00:00,2026-09-30T14:00:00Z,Artist,2026-10-02T14:00:00Z,,,0,0,https://www.ticketmaster.com/dropkick-murphys-brooklyn-new-york-03-07-2027/event/0000653B0EA63737,,2026-09-29T22:38:20Z,2026-10-01T13:14:51Z
k7vGF_KkY5Aij,Agnes Obel,Agnes Obel,K8vZ917CZHV,Brooklyn Paramount,KovZpZA77ldA,Brooklyn,NY,35,2027-05-28,19:00:00,2026-09-25T14:00:00Z,Citi,2026-09-25T14:00:00Z,,,0,0,https://www.ticketmaster.com/agnes-obel-brooklyn-new-york-05-28-2027/event/00006531B02C5B1C,18613086,2026-09-29T22:38:20Z,2026-09-30T22:16:22Z
k7vGF_KkxvstO,Riley Green,Riley Green: That's Just Me Tour,K8vZ9173IbV,Bethel Woods Center for the Arts,KovZpZAEAd1A,Bethel,NY,35;124,2027-07-23,19:00:00,2026-09-29T14:00:00Z,Venue,2026-10-02T14:00:00Z,,,0,0,https://www.ticketmaster.com/riley-green-thats-just-me-tour-bethel-new-york-07-23-2027/event/00006531A2071A60,18626545,2026-09-29T22:38:20Z,2026-10-01T13:14:51Z
k7vGF_Krx6_sH,Gnarls Barkley,Gnarls Barkley: To Whom It Still Concerns Tour,K8vZ9175Hz7,Irving Plaza Powered By Verizon 5G,KovZpaFPje,New York,NY,35;55;124,2026-11-25,19:00:00,2026-09-24T14:00:00Z,Citi,2026-09-24T14:00:00Z,,,0,0,https://www.ticketmaster.com/gnarls-barkley-to-whom-it-still-new-york-new-york-11-25-2026/event/00006537A21D9C7C,18618104,2026-09-29T22:38:20Z,2026-09-29T22:38:20Z
k7vGF_KxVnXBa,NEEDTOBREATHE,NEEDTOBREATHE: The Long Surrender Tour,K8vZ917G1G7,Brooklyn Paramount,KovZpZA77ldA,Brooklyn,NY,35,2027-03-04,18:00:00,2026-09-28T14:00:00Z,VIP,2026-10-02T14:00:00Z,,,0,0,https://www.ticketmaster.com/needtobreathe-the-long-surrender-tour-brooklyn-new-york-03-04-2027/event/00006538B4ABEE89,18621542,2026-09-29T22:38:20Z,2026-10-01T13:14:51Z
k7vGF_o2Ml2Za,Yebba,Yebba,K8vZ917QvHV,Brooklyn Paramount,KovZpZA77ldA,Brooklyn,NY,35,2026-11-02,19:00:00,2026-09-24T14:00:00Z,VIP,2026-09-24T14:00:00Z,,,0,0,https://www.ticketmaster.com/yebba-brooklyn-new-york-11-02-2026/event/00006513F7ACF009,18613084,2026-09-29T22:38:20Z,2026-09-29T22:38:20Z
k7vGF_oTjiEHk,The Ledbetters,The Ledbetters - A Tribute to Pearl Jam,K8vZ917rBl7,Brooklyn Bowl,KovZpZAIetFA,Brooklyn,NY,35,2027-02-06,20:00:00,2026-09-29T14:00:00Z,Venue,2026-10-02T14:00:00Z,,,0,0,https://www.ticketmaster.com/the-ledbetters-a-tribute-to-pearl-brooklyn-new-york-02-06-2027/event/0000651FDCB27F06,18629609,2026-09-29T22:38:20Z,2026-10-01T13:14:51Z
k7vGF_u2TAIIB,Senses Fail,Senses Fail Presents Still Searching,K8vZ9175_of,Warsaw,KovZpZAdJtAA,Brooklyn,NY,35;44;55;124,2026-12-19,18:00:00,2026-09-25T14:00:00Z,Citi,2026-09-25T14:00:00Z,,,0,0,https://www.ticketmaster.com/senses-fail-presents-still-searching-brooklyn-new-york-12-19-2026/event/000064D3FF168A3A,18612833,2026-09-29T22:38:20Z,2026-09-30T22:16:22Z
vv110Z_KQbPJub,Hilary Duff,Hilary Duff: the lucky me tour,K8vZ9175rEf,Honda Center,KovZpakTme,Anaheim,CA,27,2027-11-20,19:30:00,2026-10-01T17:00:00Z,Other,2026-10-02T17:00:00Z,,,0,0,https://www.ticketmaster.com/hilary-duff-the-lucky-me-tour-anaheim-california-11-20-2027/event/0900653698966358,18613420,2026-09-29T22:38:20Z,2026-10-01T13:14:51Z
vv110Z_Ked07uI,Gnarls Barkley,Gnarls Barkley: To Whom It Still Concerns Tour,K8vZ9175Hz7,The Wiltern,KovZpZAEAl6A,Los Angeles,CA,27,2026-11-07,19:00:00,2026-09-24T17:00:00Z,Citi,2026-09-24T17:00:00Z,,,0,0,https://www.ticketmaster.com/gnarls-barkley-to-whom-it-still-los-angeles-california-11-07-2026/event/0900653083904368,18604535,2026-09-29T22:38:20Z,2026-09-29T22:38:20Z
vv11bZ_KF-OVb0,Lukas Graham,Lukas Graham,K8vZ9172uRV,Uptown Theater Minneapolis,KovZ917AtLX,Minneapolis,MN,16,2027-04-10,19:00:00,2026-09-25T15:00:00Z,Citi,2026-09-25T15:00:00Z,,,0,0,https://www.ticketmaster.com/lukas-graham-minneapolis-minnesota-04-10-2027/event/0600653221834624,18618814,2026-09-29T22:38:20Z,2026-09-30T22:16:22Z
vv11e8vPCK0YaUv5,The Kings of Queen - Queen Tribute,The Kings of Queen - Queen Tribute,K8vZ917QSYV,House of Blues Anaheim,KovZpZAEA67A,Anaheim,CA,27,2026-11-25,18:00:00,2026-10-01T17:00:00Z,Citi,2026-10-02T17:00:00Z,,,0,0,https://www.ticketmaster.com/the-kings-of-queen-queen-tribute-anaheim-california-11-25-2026/event/090065393930276A,18629773,2026-09-29T22:38:20Z,2026-10-01T13:14:51Z
vv11fZ_KQk_fFv,Red Wanting Blue,Red Wanting Blue - Celebrating 30 Years,K8vZ9171Xp0,House of Blues Cleveland,KovZpZAEAA1A,Cleveland,OH,12,2026-12-31,20:00:00,2026-09-30T14:00:00Z,Artist,2026-10-02T14:00:00Z,,,0,0,https://www.ticketmaster.com/red-wanting-blue-celebrating-30-years-cleveland-ohio-12-31-2026/event/0500653686654201,18629367,2026-09-29T22:38:20Z,2026-10-01T13:14:51Z
vv167ZkfMPFZA26Gu7,Slipknot,Slipknot: (sic)est Stadium Tour,K8vZ9171Lz0,Soldier Field,KovZpZAF6tIA,Chicago,IL,3;54,2027-07-25,18:00:00,2026-09-29T15:00:00Z,Artist,2026-10-02T15:00:00Z,,,0,0,https://www.ticketmaster.com/slipknot-sicest-stadium-tour-chicago-illinois-07-25-2027/event/04006537948E6BC3,18626573,2026-09-29T22:38:20Z,2026-10-01T13:14:51Z
vv167ZkfYJ6ZA2226k,Jefferson Starship,Jefferson Starship and John Waite,K8vZ91712df,Silver Creek Event Center at Four Winds New Buffalo,KovZpZAanFdA,New Buffalo,MI,3,2027-03-27,20:00:00,2026-10-01T14:00:00Z,Venue,2026-10-02T14:00:00Z,,,0,0,https://www.ticketmaster.com/jefferson-starship-and-john-waite-new-buffalo-michigan-03-27-2027/event/04006530987EEE65,,2026-09-29T22:38:20Z,2026-10-01T13:14:51Z
vv16AZkfwxpZA8ACGv,Riley Green,Riley Green: That's Just Me Tour,K8vZ9173IbV,Ford Center,KovZpZAEAAlA,Evansville,IN,23,2027-07-29,19:00:00,2026-09-29T15:00:00Z,Other,2026-10-02T15:00:00Z,,,0,0,https://www.ticketmaster.com/riley-green-thats-just-me-tour-evansville-indiana-07-29-2027/event/05006532896F4DB0,18626548,2026-09-29T22:38:20Z,2026-10-01T13:14:51Z
vv16FZkfMA3ZAC8uka,A Perfect Circle,A Perfect Circle,K8vZ9171rq0,Fox Theatre Detroit,KovZpZA6kdtA,Detroit,MI,7,2027-04-25,19:30:00,2026-09-30T14:00:00Z,Other,2026-10-02T14:00:00Z,,,0,0,https://www.ticketmaster.com/a-perfect-circle-detroit-michigan-04-25-2027/event/08006537152DFC58,18632516,2026-09-29T22:38:20Z,2026-10-01T13:14:51Z
vv16OvPCvrkZ75aF7,Northlane,Northlane: THE ANEMOIA TOUR,K8vZ917ofc0,Brooklyn Bowl Philadelphia,KovZ917AEtU,Philadelphia,PA,18,2027-02-26,19:00:00,2026-09-29T16:00:00Z,Artist,2026-10-02T14:00:00Z,,,0,0,https://www.ticketmaster.com/northlane-the-anemoia-tour-philadelphia-pennsylvania-02-26-2027/event/020065381786A873,,2026-09-29T22:38:20Z,2026-10-01T13:14:51Z
vv16OvPGt4oZ75ua7,Haiden Henderson,Haiden Henderson,K8vZ917jUef,Brooklyn Bowl Philadelphia,KovZ917AEtU,Philadelphia,PA,18,2027-04-22,20:00:00,2026-09-25T14:00:00Z,Citi,2026-09-25T14:00:00Z,,,0,0,https://www.ticketmaster.com/haiden-henderson-philadelphia-pennsylvania-04-22-2027/event/020065329551AC83,18613099,2026-09-29T22:38:20Z,2026-09-30T22:16:22Z
vv16aZkfg7KZAu7euG,RICHARD CORTEZ,SINATRA WITH STYLE: Frank's Hits & Rare Gems sung by Richard Cortez,K8vZpZAaeEvk,Palm Springs Cultural Center,KovZ917AY2i,Palm Springs,CA,27,2027-02-27,19:30:00,2026-09-22T17:00:00Z,Artist,2026-09-25T17:00:00Z,,,0,0,https://www.ticketmaster.com/sinatra-with-style-franks-hits-rare-palm-springs-california-02-27-2027/event/09006535113C31CB,,2026-09-29T22:38:20Z,2026-09-30T22:16:22Z
vv16eZkfg0aZAuk2aF,Rob Thomas,Rob Thomas,K8vZ9175sFV,The Wind Creek Event Center,KovZpaoMOe,Bethlehem,PA,18,2027-01-15,20:00:00,2026-10-01T14:00:00Z,Other,2026-10-02T14:00:00Z,,,0,0,https://www.ticketmaster.com/rob-thomas-bethlehem-pennsylvania-01-15-2027/event/02006535909C5E87,18631020,2026-09-29T22:38:20Z,2026-10-01T13:14:51Z
vv16eZkfzJ3ZAG1veA,Lynyrd Skynyrd,Lynyrd Skynyrd,K8vZ9171287,The Wind Creek Event Center,KovZpaoMOe,Bethlehem,PA,18,2027-02-20,20:00:00,2026-09-30T14:00:00Z,Other,2026-10-02T14:00:00Z,,,0,0,https://www.ticketmaster.com/lynyrd-skynyrd-bethlehem-pennsylvania-02-20-2027/event/02006538992B9014,,2026-09-29T22:38:20Z,2026-10-01T13:14:51Z
vv16kZkfIPkZAGa2F7,Valley,Valley - Do You Need to Be Entertained Tour,K8vZ9174mN7,Delmar Hall,KovZpZAt6e7A,Saint Louis,MO,39,2027-03-09,20:00:00,2026-09-25T15:00:00Z,VIP,2026-09-25T15:00:00Z,,,0,0,https://www.ticketmaster.com/valley-do-you-need-to-be-saint-louis-missouri-03-09-2027/event/06006528946B8E73,18606492,2026-09-29T22:38:20Z,2026-09-30T22:16:22Z
vv170Z_3GkDOMjov,Spike and the Gimme Gimmes,Spike and the Gimme Gimmes,K8vZ917ra40,House of Blues Anaheim,KovZpZAEA67A,Anaheim,CA,27,2026-12-05,19:00:00,2026-09-25T17:00:00Z,Citi,2026-09-25T17:00:00Z,,,0,0,https://www.ticketmaster.com/spike-and-the-gimme-gimmes-anaheim-california-12-05-2026/event/0900652EE0DDC441,18612868,2026-09-29T22:38:20Z,2026-09-30T22:16:22Z
vv170Z_3GkHvJszg,Niko Rubio,Niko Rubio - late night swim in california tour,K8vZfZ7EnJk,Constellation Room,KovZ917AGff,Santa Ana,CA,27,2026-12-10,19:30:00,2026-09-25T17:00:00Z,Citi,2026-09-25T17:00:00Z,,,0,0,https://www.ticketmaster.com/niko-rubio-late-night-swim-in-santa-ana-california-12-10-2026/event/0900652F019B1E35,18618786,2026-09-29T22:38:20Z,2026-09-30T22:16:22Z
vv170Z_3GkwTDbyN,Hans Zimmer,HANS ZIMMER LIVE - THE NEXT LEVEL,K8vZ917ubK0,Honda Center,KovZpakTme,Anaheim,CA,27,2027-04-02,19:30:00,2026-09-25T17:00:00Z,VIP,2026-09-25T17:00:00Z,,,0,0,https://www.ticketmaster.com/hans-zimmer-live-the-next-level-anaheim-california-04-02-2027/event/0900652CBFED8E63,18601946,2026-09-29T22:38:20Z,2026-09-30T22:16:22Z
vv170Z_KGkMk5X2D,Riff Raff,Riff Raff,K8vZ917Gn-0,The Parish at House of Blues Anaheim,KovZ917AGEf,Anaheim,CA,27,2026-11-03,19:00:00,2026-10-01T17:00:00Z,Citi,2026-10-02T17:00:00Z,,,0,0,https://www.ticketmaster.com/riff-raff-anaheim-california-11-03-2026/event/0900653DC62FE3FB,,,2026-10-01T13:14:51Z
vv170Z_KGkRLZQWI,Hilary Duff,Hilary Duff: the lucky me tour,K8vZ9175rEf,Honda Center,KovZpakTme,Anaheim,CA,27,2027-11-21,19:30:00,2026-10-01T17:00:00Z,Live Nation,2026-10-02T17:00:00Z,,,0,0,https://www.ticketmaster.com/hilary-duff-the-lucky-me-tour-anaheim-california-11-21-2027/event/0900653BDF01AF68,,2026-09-30T05:32:38Z,2026-10-01T13:14:51Z
vv170Z_KGkS1NCRa,Twin Temple,Twin Temple,K8vZ9179Pt7,The Wiltern,KovZpZAEAl6A,Los Angeles,CA,27,2027-03-20,19:00:00,2026-09-30T17:00:00Z,Other,2026-10-02T17:00:00Z,,,0,0,https://www.ticketmaster.com/twin-temple-los-angeles-california-03-20-2027/event/0900653CCA8CEBC9,,,2026-10-01T13:14:51Z
vv170Z_KGkSpgYcw,Merkules,Merkules,K8vZ917KKhf,The Parish at House of Blues Anaheim,KovZ917AGEf,Anaheim,CA,27,2027-02-02,19:00:00,2026-10-01T17:00:00Z,Citi,2026-10-02T17:00:00Z,,,0,0,https://www.ticketmaster.com/merkules-anaheim-california-02-02-2027/event/0900653CD6D70B72,,2026-09-29T22:38:20Z,2026-10-01T13:14:51Z
vv170Z_KGkYaU9Lj,Chris Simpson,Chris Simpson (of Mineral),K8vZ917-Ry0,The Echo,KovZ917A967,Los Angeles,CA,27,2027-01-08,19:00:00,2026-10-01T17:00:00Z,Citi,2026-10-02T14:00:00Z,,,0,0,https://www.ticketmaster.com/chris-simpson-of-mineral-los-angeles-california-01-08-2027/event/0900653C09D977DC,,,2026-10-01T13:14:51Z
vv170Z_KGkYg1uF7,Davion Farris,Davion Farris,K8vZ917Qhof,The Peppermint Club,KovZ917A2k0,Los Angeles,CA,27,2026-11-24,19:00:00,2026-10-01T17:00:00Z,Live Nation,2026-10-02T17:00:00Z,,,0,0,https://www.ticketmaster.com/davion-farris-los-angeles-california-11-24-2026/event/0900653C3528D204,,2026-09-30T12:34:27Z,2026-10-01T13:14:51Z
vv170Z_KGkmqDfJY,Omer Adam,Omer Adam,K8vZ917phI7,Intuit Dome,KovZ917Acq0,Inglewood,CA,27,2026-10-29,20:30:00,2026-09-30T17:00:00Z,Other,2026-10-01T17:00:00Z,,,0,0,https://www.ticketmaster.com/omer-adam-inglewood-california-10-29-2026/event/0900653B9DED49B0,18632475,2026-09-29T22:38:20Z,2026-10-01T13:14:51Z
vv170Z_KGkwK5psH,Testify,Testify - Rage Against the Machine Tribute,K8vZ9173fg0,The Parish at House of Blues Anaheim,KovZ917AGEf,Anaheim,CA,27,2026-11-29,19:00:00,2026-10-01T17:00:00Z,Citi,2026-10-02T17:00:00Z,,,0,0,https://www.ticketmaster.com/testify-rage-against-the-machine-tribute-anaheim-california-11-29-2026/event/0900653C932D6C7C,,2026-09-29T22:38:20Z,2026-10-01T13:14:51Z
vv170Z_KGkzLAomV,Gothicumbia,Losgothsco. Presents Gothicumbia (21+),K8vZ917jBDf,The Regent Theater,KovZpZAJ6daA,Los Angeles,CA,27,2026-10-31,21:00:00,2026-10-01T17:00:00Z,Other,2026-10-02T17:00:00Z,,,0,0,https://www.ticketmaster.com/losgothsco-presents-gothicumbia-21-los-angeles-california-10-31-2026/event/0900653E1F151BB4,,,2026-10-01T13:14:51Z
vv177Z_3GkDpMkq9,La Roux,La Roux: The Old Flames Tour (18+),K8vZ917G930,Paradise Rock Club presented by Citizens,KovZpZA11JtA,Boston,MA,11;33;124,2027-02-02,19:00:00,2026-09-30T14:00:00Z,Artist,2026-10-02T14:00:00Z,,,0,0,https://www.ticketmaster.com/la-roux-the-old-flames-tour-boston-massachusetts-02-02-2027/event/0100652ED6DC6757,18626705,2026-09-29T22:38:20Z,2026-10-01T13:14:51Z
vv177Z_3GkDyFmTJ,Wasia Project,Wasia Project: Nocturne Live 2027,K8vZ917hjg0,Paradise Rock Club presented by Citizens,KovZpZA11JtA,Boston,MA,11;33;124,2027-03-19,19:00:00,2026-10-01T14:00:00Z,Artist,2026-10-02T14:00:00Z,,,0,0,https://www.ticketmaster.com/wasia-project-nocturne-live-2027-boston-massachusetts-03-19-2027/event/0100652EF922EFE6,,2026-09-29T22:38:20Z,2026-10-01T13:14:51Z
vv177Z_3GkIoZDVT,NEEDTOBREATHE,NEEDTOBREATHE: The Long Surrender Tour,K8vZ917G1G7,MGM Music Hall at Fenway,KovZ917AEJz,Boston,MA,11,2027-03-05,19:00:00,2026-09-28T14:00:00Z,VIP,2026-10-02T14:00:00Z,,,0,0,https://www.ticketmaster.com/needtobreathe-the-long-surrender-tour-boston-massachusetts-03-05-2027/event/0100652A1103BD3F,18621543,2026-09-29T22:38:20Z,2026-10-01T13:14:51Z
vv177Z_3GkT1lKmv,Kenny Chesney,Kenny Chesney: The Original Vibe Room Tour with Eric Church,K8vZ9171f30,Gillette Stadium,KovZpZA6kvlA,Foxborough,MA,11;33;124,2027-08-27,16:30:00,2026-09-25T14:00:00Z,VIP,2026-09-25T14:00:00Z,,,0,0,https://www.ticketmaster.com/kenny-chesney-the-original-vibe-room-foxborough-massachusetts-08-27-2027/event/0100652FCAAD3B81,18608957,2026-09-29T22:38:20Z,2026-09-30T22:16:22Z
vv177Z_3GkmVpNdN,Valley,Valley: DYNTBE? The Tour,K8vZ9174mN7,Paradise Rock Club presented by Citizens,KovZpZA11JtA,Boston,MA,11;33;124,2027-03-18,19:00:00,2026-09-25T14:00:00Z,VIP,2026-09-25T14:00:00Z,,,0,0,https://www.ticketmaster.com/valley-dyntbe-the-tour-boston-massachusetts-03-18-2027/event/0100652BB45A30E3,18606067,2026-09-29T22:38:20Z,2026-09-30T22:16:22Z
vv177Z_KGkI-AAgw,Almost Creed & King Jeremy,Almost Creed & King Jeremy,name:almost creed king jeremy,Blue Ocean Music Hall,KovZpZA77lkA,Salisbury,MA,11,2027-03-13,20:00:00,2026-09-30T14:00:00Z,Other,2026-10-02T14:00:00Z,,,0,0,https://www.ticketmaster.com/almost-creed-king-jeremy-salisbury-massachusetts-03-13-2027/event/0100653A21145D72,,2026-09-29T22:38:20Z,2026-10-01T13:14:51Z
vv177Z_KGkIrd7TK,Blizzard of Oz,The Blizzard Of Ozz & Lords Of Salem,K8vZ917fal0,Blue Ocean Music Hall,KovZpZA77lkA,Salisbury,MA,11,2027-02-13,20:00:00,2026-09-30T14:00:00Z,Other,2026-10-02T14:00:00Z,,,0,0,https://www.ticketmaster.com/the-blizzard-of-ozz-lords-of-salisbury-massachusetts-02-13-2027/event/0100653A1E0C4FD3,,2026-09-29T22:38:20Z,2026-10-01T13:14:51Z
vv177Z_KGkSAw-nS,Dropkick Murphys,Dropkick Murphys,K8vZ9171h_V,State Theatre,KovZpa3mee,Portland,ME,33;124,2027-03-11,19:00:00,2026-09-30T14:00:00Z,Artist,2026-10-02T14:00:00Z,,,0,0,https://www.ticketmaster.com/dropkick-murphys-portland-maine-03-11-2027/event/0100653CC5CA1AB3,18633572,2026-09-29T22:38:20Z,2026-10-01T13:14:51Z
vv177Z_KGkUJknox,Slipknot,Slipknot: (sic)est Stadium Tour,K8vZ9171Lz0,Fenway Park,KovZpZAaaI7A,Boston,MA,11;33;124,2027-07-31,17:30:00,2026-09-30T14:00:00Z,Live Nation,2026-10-02T14:00:00Z,,,0,0,http://RedSox.com/Slipknot,18626574,2026-09-29T22:38:20Z,2026-10-01T13:14:51Z
vv177Z_KGkUgBqyG,Slipknot,Slipknot: (sic)est Stadium Tour,K8vZ9171Lz0,Fenway Park,KovZpZAaaI7A,Boston,MA,11;33;124,2027-07-31,17:30:00,2026-09-29T14:00:00Z,Artist,2026-10-02T14:00:00Z,,,0,0,http://www.redsox.com/Slipknot,18626574,2026-09-29T22:38:20Z,2026-10-01T13:14:51Z
vv177Z_KGklhkgP3,Matthew West,Matthew West - Jesus Is King Tour,K8vZ917Gn3f,Berglund Performing Arts Theatre,KovZ917As-0,Roanoke,VA,46,2027-04-10,19:00:00,2026-09-30T14:00:00Z,Other,2026-10-02T14:00:00Z,,,0,0,https://www.ticketmaster.com/matthew-west-jesus-is-king-tour-roanoke-virginia-04-10-2027/event/0100653ADB1B5952,18629454,2026-09-29T22:38:20Z,2026-10-01T13:14:51Z
vv177Z_KGkmg2GOo,Flor de Toloache,Flor de Toloache,K8vZ917fA80,Crystal Ballroom at Somerville Theatre,KovZ917AJnQ,Somerville,MA,11,2027-02-20,20:00:00,2027-02-20T15:00:00Z,Other,2026-10-01T16:00:00Z,,,0,0,https://www.ticketmaster.com/flor-de-toloache-somerville-massachusetts-02-20-2027/event/0100653BB53CC811,18632129,2026-09-29T22:38:20Z,2026-10-01T13:14:51Z
vv177Z_KGkmmthKL,Damir Imamovic,Damir Imamovic,name:damir imamovic,Crystal Ballroom at Somerville Theatre,KovZ917AJnQ,Somerville,MA,11,2027-02-18,20:00:00,2027-02-18T15:00:00Z,Other,2026-10-01T16:00:00Z,,,0,0,https://www.ticketmaster.com/damir-imamovic-somerville-massachusetts-02-18-2027/event/0100653BAEA5B4DF,,2026-09-29T22:38:20Z,2026-10-01T13:14:51Z
vv177Z_KGkmnXQOL,Sō Percussion,So Percussion with Helado Negro and Kate Stables (This Is the Kit),K8vZ917upgV,Crystal Ballroom at Somerville Theatre,KovZ917AJnQ,Somerville,MA,11,2027-02-17,20:00:00,2027-02-17T15:00:00Z,Other,2026-10-01T16:00:00Z,,,0,0,https://www.ticketmaster.com/so-percussion-with-helado-negro-and-somerville-massachusetts-02-17-2027/event/0100653BAAF9A81F,18632128,2026-09-29T22:38:20Z,2026-10-01T13:14:51Z
vv178Z_3GkHNxTiS,Gnarls Barkley,Gnarls Barkley: To Whom It Still Concerns Tour,K8vZ9175Hz7,House of Blues Chicago,KovZpZAEAIlA,Chicago,IL,3,2026-11-28,18:30:00,2026-09-24T15:00:00Z,Citi,2026-09-24T15:00:00Z,,,0,0,https://www.ticketmaster.com/gnarls-barkley-to-whom-it-still-chicago-illinois-11-28-2026/event/0400652F238BFB33,18604551,2026-09-29T22:38:20Z,2026-09-29T22:38:20Z
vv178Z_3GkTA7u7G,Hans Zimmer,HANS ZIMMER LIVE - THE NEXT LEVEL,K8vZ917ubK0,United Center,KovZpa2M7e,Chicago,IL,3;51;54,2027-03-05,19:30:00,2026-09-25T15:00:00Z,VIP,2026-09-25T15:00:00Z,,,0,0,https://www.ticketmaster.com/hans-zimmer-live-the-next-level-chicago-illinois-03-05-2027/event/0400652FC510D10C,18601929,2026-09-29T22:38:20Z,2026-09-30T22:16:22Z
vv178Z_3GkTruwos,Bruce in the USA,Bruce in the USA,K8vZ917GZg0,House of Blues Chicago,KovZpZAEAIlA,Chicago,IL,3,2026-12-19,19:00:00,2026-09-25T15:00:00Z,Citi,2026-09-25T15:00:00Z,,,0,0,https://www.ticketmaster.com/bruce-in-the-usa-chicago-illinois-12-19-2026/event/0400652FDE372471,18617870,2026-09-29T22:38:20Z,2026-09-30T22:16:22Z
vv178Z_KGkwL0UjC,Michael Shannon & Jason Narducy,Michael Shannon & Jason Narducy and Friends play R.E.M.'s Document,K8vZ917qiZ7,The Salt Shed Indoors (Shed),KovZ917AI5F,Chicago,IL,,2027-03-13,19:00:00,2026-09-30T15:00:00Z,Artist,2026-10-02T15:00:00Z,,,0,0,https://www.ticketmaster.com/michael-shannon-jason-narducy-and-friends-chicago-illinois-03-13-2027/event/0400653C9F93670E,,2026-09-29T22:38:20Z,2026-10-01T13:14:51Z
vv178Z_oGkMZy5fZ,The Interrupters,The Interrupters,K8vZ917oanf,House of Blues Chicago,KovZpZAEAIlA,Chicago,IL,3,2027-04-17,17:30:00,2026-09-25T15:00:00Z,Citi,2026-09-25T15:00:00Z,,,0,0,https://www.ticketmaster.com/the-interrupters-chicago-illinois-04-17-2027/event/0400651DC0E4B500,18612762,2026-09-29T22:38:20Z,2026-09-30T22:16:22Z
vv17FZ_3GkD49Kz-,Death From Above 1979,Death From Above 1979,K8vZ9175lu0,The Foundry,KovZpZAEktdA,Philadelphia,PA,18,2027-03-06,20:00:00,2026-09-25T14:00:00Z,Citi,2026-09-25T14:00:00Z,,,0,0,https://www.ticketmaster.com/death-from-above-1979-philadelphia-pennsylvania-03-06-2027/event/0200652ED55D3E21,18613097,2026-09-29T22:38:20Z,2026-09-30T22:16:22Z
vv17FZ_3GkH1-7gh,Bo Staloch,"Bo Staloch - The 'Too Big, Too Big' Tour",K8vZ917hWkV,The Foundry,KovZpZAEktdA,Philadelphia,PA,18,2027-02-08,20:00:00,2026-09-25T14:00:00Z,Citi,2026-09-25T14:00:00Z,,,0,0,https://www.ticketmaster.com/bo-staloch-the-too-big-too-philadelphia-pennsylvania-02-08-2027/event/0200652F0A844D5B,18613098,2026-09-29T22:38:20Z,2026-09-30T22:16:22Z
vv17FZ_3GkXg6uuk,Seb Lowe,Seb Lowe US 2027,K8vZ917Qzv0,The Foundry,KovZpZAEktdA,Philadelphia,PA,18,2027-01-27,20:00:00,2026-09-25T14:00:00Z,Citi,2026-09-25T14:00:00Z,,,0,0,https://www.ticketmaster.com/seb-lowe-us-2027-philadelphia-pennsylvania-01-27-2027/event/0200652FB51CD346,,2026-09-29T22:38:20Z,2026-09-30T22:16:22Z
vv17FZ_3GkXjNtfW,Games We Play,"Games We Play - ""I Wish I Never Quit"" US Tour",K8vZ917Q197,The Foundry,KovZpZAEktdA,Philadelphia,PA,18,2027-03-13,20:00:00,2026-09-25T14:00:00Z,Citi,2026-09-25T14:00:00Z,,,0,0,https://www.ticketmaster.com/games-we-play-i-wish-i-philadelphia-pennsylvania-03-13-2027/event/0200652F9C8E953D,18606486,2026-09-29T22:38:20Z,2026-09-30T22:16:22Z
vv17FZ_3Gkl7qR4L,Wasia Project,Wasia Project - Nocturne Live 2027,K8vZ917hjg0,Theatre of Living Arts,KovZpZAEAIaA,Philadelphia,PA,18,2027-03-20,20:00:00,2026-10-01T14:00:00Z,Artist,2026-10-02T14:00:00Z,,,0,0,https://www.ticketmaster.com/wasia-project-nocturne-live-2027-philadelphia-pennsylvania-03-20-2027/event/0200652AC476F55F,,2026-09-29T22:38:20Z,2026-10-01T13:14:51Z
vv17FZ_3GklNt6ea,Dylan Scott,Dylan Scott,K8vZ917Kr-f,The Fillmore Philadelphia,KovZpZAEkteA,Philadelphia,PA,18,2027-02-04,19:30:00,2026-09-25T14:00:00Z,Citi,2026-09-25T14:00:00Z,,,0,0,https://www.ticketmaster.com/dylan-scott-philadelphia-pennsylvania-02-04-2027/event/0200652AE3A47089,18601370,2026-09-29T22:38:20Z,2026-09-30T22:16:22Z
vv17FZ_KGkV25yjU,Colin Lynch,Front Porch Revival: A Local Folk Fest (18+),K8vZ917-fiV,Brooklyn Bowl Philadelphia,KovZ917AEtU,Philadelphia,PA,18,2026-12-11,19:00:00,2026-10-01T14:00:00Z,Live Nation,2026-10-02T14:00:00Z,,,0,0,https://www.ticketmaster.com/front-porch-revival-a-local-folk-philadelphia-pennsylvania-12-11-2026/event/0200653D0F2F9736,,,2026-10-01T13:14:51Z
vv17FZ_KGkV4Ah2n,The Knocks,The Knocks,K8vZ917uAo7,Brooklyn Bowl Philadelphia,KovZ917AEtU,Philadelphia,PA,18,2026-11-20,20:00:00,2026-10-01T14:00:00Z,Live Nation,2026-10-02T14:00:00Z,,,0,0,https://www.ticketmaster.com/the-knocks-philadelphia-pennsylvania-11-20-2026/event/0200653D1515B3EA,,,2026-10-01T13:14:51Z
vv17FZ_KGknRtyU5,Kapo,Mega 97.9 & La Musica Presentan Mega Bash by Alex Sensation,K8vZ917rQhf,Prudential Center,KovZpZAE7vaA,Newark,NJ,35;55;124,2026-12-12,20:00:00,2026-10-01T14:00:00Z,Venue,2026-10-02T14:00:00Z,,,0,0,https://www.ticketmaster.com/mega-979-la-musica-presentan-mega-newark-new-jersey-12-12-2026/event/0200653AAFA79D8B,,2026-09-29T22:38:20Z,2026-10-01T13:14:51Z
vv17FZ_KGknVy1EE,Dalvin La Melodia,Amor 93.1 & La Musica Presentan Amor En Vivo,K8vZ917-aHV,Prudential Center,KovZpZAE7vaA,Newark,NJ,35;55;124,2026-12-11,20:00:00,2026-10-01T14:00:00Z,Venue,2026-10-02T14:00:00Z,,,0,0,https://www.ticketmaster.com/amor-931-la-musica-presentan-amor-newark-new-jersey-12-11-2026/event/0200653AB4E4A9E7,,2026-09-29T22:38:20Z,2026-10-01T13:14:51Z
vv17GZ_3GkTmReUp,Metallica,Metallica M72 World Tour,K8vZ9171G9V,Highmark Stadium,KovZ917AV54,Orchard Park,NY,44,2027-06-08,18:00:00,2026-09-25T14:00:00Z,VIP,2026-09-25T14:00:00Z,,,0,0,https://www.ticketmaster.com/metallica-m72-world-tour-orchard-park-new-york-06-08-2027/event/0300652FEEBC2D96,18595100,2026-09-29T22:38:20Z,2026-09-30T22:16:22Z
vv17OZ_3GkTGhaQo,iHeartRadio Jingle Ball,Channel 95.5's Jingle Ball Presented By Capital One,K8vZ917KBRV,Little Caesars Arena,KovZ917A25V,Detroit,MI,7,2026-12-08,19:30:00,2026-09-29T14:00:00Z,Card / Rewards,2026-10-02T16:00:00Z,,,0,0,https://www.ticketmaster.com/channel-955s-jingle-ball-presented-by-detroit-michigan-12-08-2026/event/0800652FCC6C9691,18622938,2026-09-29T22:38:20Z,2026-10-01T13:14:51Z
vv17OZ_3GkXyRMwC,Northlane,Northlane: THE ANEMOIA TOUR,K8vZ917ofc0,Saint Andrew's Hall,KovZpZAEAkEA,Detroit,MI,7,2027-03-05,18:00:00,2026-09-29T14:00:00Z,Citi,2026-10-02T14:00:00Z,,,0,0,https://www.ticketmaster.com/northlane-the-anemoia-tour-detroit-michigan-03-05-2027/event/0800652FB9BF7C8E,,2026-09-29T22:38:20Z,2026-10-01T13:14:51Z
vv17OZ_3GkY-oWzW,Hans Zimmer,HANS ZIMMER LIVE - THE NEXT LEVEL,K8vZ917ubK0,Little Caesars Arena,KovZ917A25V,Detroit,MI,7,2027-03-03,20:00:00,2026-09-25T14:00:00Z,VIP,2026-09-25T14:00:00Z,,,0,0,https://www.ticketmaster.com/hans-zimmer-live-the-next-level-detroit-michigan-03-03-2027/event/0800652C2147DE3D,18601918,2026-09-29T22:38:20Z,2026-09-30T22:16:22Z
vv17OZ_8GkmnWPji,Kenny Chesney,Kenny Chesney: The Original Vibe Room Tour with Eric Church,K8vZ9171f30,Ford Field,KovZpakX1e,Detroit,MI,7,2027-08-14,16:30:00,2026-09-25T14:00:00Z,VIP,2026-09-25T14:00:00Z,,,0,0,https://www.ticketmaster.com/kenny-chesney-the-original-vibe-room-detroit-michigan-08-14-2027/event/0800650BAAF6572C,18592016,2026-09-29T22:38:20Z,2026-09-30T22:16:22Z
vv17OZ_KGkMN71Aj,Hot Mulligan,HO HO HOT MULLIGAN - NIGHT 2,K8vZ9174Uu0,Russell Industrial Center,KovZ917A-lO,Detroit,MI,7,2026-12-20,15:00:00,2026-10-01T14:00:00Z,Artist,2026-10-02T14:00:00Z,,,0,0,https://www.ticketmaster.com/ho-ho-hot-mulligan-night-2-detroit-michigan-12-20-2026/event/0800653DE310A15C,,,2026-10-01T13:14:51Z
vv17OZ_KGkwcE7pq,Certified Psychos,"Certified Psychos, Under the Lotus: The Final Act",K8vZ917-R2V,The Shelter,KovZpZA77JtA,Detroit,MI,7,2026-10-29,19:00:00,2026-09-30T14:00:00Z,Artist,2026-10-02T14:00:00Z,,,0,0,https://www.ticketmaster.com/certified-psychos-under-the-lotus-the-detroit-michigan-10-29-2026/event/0800653CAD9C459D,,2026-09-29T22:38:20Z,2026-10-01T13:14:51Z
vv17bZ_3GkBN6kzM,Dylan Scott,Dylan Scott,K8vZ917Kr-f,Sanford Pentagon,KovZpa6Bre,Sioux Falls,SD,43,2027-01-28,19:30:00,2026-09-25T15:00:00Z,VIP,2026-09-25T15:00:00Z,,,0,0,https://www.ticketmaster.com/dylan-scott-sioux-falls-south-dakota-01-28-2027/event/0600652EA31C6E37,18601283,2026-09-29T22:38:20Z,2026-09-30T22:16:22Z
vv17bZ_3GkBzSymO,The Interrupters,The Interrupters,K8vZ917oanf,The Fillmore Minneapolis presented by Affinity Plus,KovZ917AxCO,Minneapolis,MN,16,2027-04-21,18:00:00,2026-09-25T15:00:00Z,Citi,2026-09-25T15:00:00Z,,,0,0,https://www.ticketmaster.com/the-interrupters-minneapolis-minnesota-04-21-2027/event/0600652EB8CF9BA0,18613147,2026-09-29T22:38:20Z,2026-09-30T22:16:22Z
vv17bZ_3GkDEE-Fq,Braxton Keith,Braxton Keith + special guests,K8vZ917QTV0,The Fillmore Minneapolis presented by Affinity Plus,KovZ917AxCO,Minneapolis,MN,16,2027-01-14,19:00:00,2026-09-25T15:00:00Z,Citi,2026-09-25T15:00:00Z,,,0,0,https://www.ticketmaster.com/braxton-keith-special-guests-minneapolis-minnesota-01-14-2027/event/0600652EE79E121D,18610350,2026-09-29T22:38:20Z,2026-09-30T22:16:22Z
vv17bZ_3GkDZh1RC,The Interrupters,The Interrupters,K8vZ917oanf,The Pageant,KovZpZA6AJ7A,Saint Louis,MO,39,2027-04-18,19:00:00,2026-09-25T15:00:00Z,VIP,2026-09-25T15:00:00Z,,,0,0,https://www.ticketmaster.com/the-interrupters-saint-louis-missouri-04-18-2027/event/0600652EC06CABCE,,2026-09-29T22:38:20Z,2026-09-30T22:16:22Z
vv17bZ_3GkRFqCfS,Hairball,Hairball,K8vZ917GfO0,Heartland Credit Union Arena,KovZpZAJdFtA,Park City,KS,26,2027-02-06,19:30:00,2026-09-30T15:00:00Z,Venue,2026-10-02T15:00:00Z,,,0,0,https://www.ticketmaster.com/hairball-park-city-kansas-02-06-2027/event/0600652BC874E533,18629599,2026-09-29T22:38:20Z,2026-10-01T13:14:51Z
vv17bZ_3GkTV8xq0,Fantasia,The Love of Soul Tour,K8vZ917Cgvf,Enterprise Center,KovZpa2DJe,Saint Louis,MO,39;51,2027-04-09,20:00:00,2026-09-30T15:00:00Z,Promoter,2026-10-02T15:00:00Z,,,0,0,https://www.ticketmaster.com/the-love-of-soul-tour-saint-louis-missouri-04-09-2027/event/0600652FF4422764,18629228,2026-09-29T22:38:20Z,2026-10-01T13:14:51Z
vv17bZ_3GkTVS3x8,Wookiefoot,Wookiefoot - 18+,K8vZ9175dh0,Uptown Theater Minneapolis,KovZ917AtLX,Minneapolis,MN,16,2026-11-14,19:00:00,2026-09-25T15:00:00Z,Citi,2026-09-25T15:00:00Z,,,0,0,https://www.ticketmaster.com/wookiefoot-18-minneapolis-minnesota-11-14-2026/event/0600652FF4CD2890,18613117,2026-09-29T22:38:20Z,2026-09-30T22:16:22Z
vv17bZ_3GklxuYS_,Dylan Scott,Dylan Scott,K8vZ917Kr-f,Mayo Civic Center Auditorium,KovZpZAF7tdA,Rochester,MN,16,2027-01-30,19:30:00,2026-09-25T15:00:00Z,VIP,2026-09-25T15:00:00Z,,,0,0,https://www.ticketmaster.com/dylan-scott-rochester-minnesota-01-30-2027/event/0600652AE2370CD9,18601170,2026-09-29T22:38:20Z,2026-09-30T22:16:22Z
vv17bZ_3GkmnBnZL,Dylan Scott,Dylan Scott,K8vZ917Kr-f,Heartland Credit Union Arena,KovZpZAJdFtA,Park City,KS,26,2027-02-20,19:30:00,2026-09-25T15:00:00Z,VIP,2026-09-25T15:00:00Z,,,0,0,https://www.ticketmaster.com/dylan-scott-park-city-kansas-02-20-2027/event/0600652BAAEAA01F,18600816,2026-09-29T22:38:20Z,2026-09-30T22:16:22Z
vv17bZ_3GkwEMFoK,Metallica,Metallica M72 World Tour,K8vZ9171G9V,Arrowhead Stadium,KovZpZAF7E1A,Kansas City,MO,26;53,2027-05-29,18:00:00,2026-09-25T15:00:00Z,Citi,2026-09-25T15:00:00Z,,,0,0,https://www.ticketmaster.com/metallica-m72-world-tour-kansas-city-missouri-05-29-2027/event/0600652CA7DC8453,18595091,2026-09-29T22:38:20Z,2026-09-30T22:16:22Z
vv17bZ_KGkSmDCzH,Ninajirachi,Ninajirachi's I Love My Computer and It Loves Me Tour,K8vZ917hOe7,Armory,KovZ917AQC0,Minneapolis,MN,16,2027-01-09,20:00:00,2026-09-30T15:00:00Z,Artist,2026-10-01T15:00:00Z,,,0,0,https://www.ticketmaster.com/ninajirachis-i-love-my-computer-and-minneapolis-minnesota-01-09-2027/event/0600653CEEECEE3C,,,2026-10-01T13:14:51Z
vv17bZ_KGkY1MxwQ,Twin Temple,Twin Temple - Doomed Lovers Tour,K8vZ9179Pt7,Varsity Theater,KovZpa3eBe,Minneapolis,MN,16,2027-02-24,19:00:00,2026-09-30T17:00:00Z,Other,2026-10-02T15:00:00Z,,,0,0,https://www.ticketmaster.com/twin-temple-doomed-lovers-tour-minneapolis-minnesota-02-24-2027/event/0600653C0ADE2C9A,,,2026-10-01T13:14:51Z
vv17fZ_3GkDYwNGG,Metallica,Metallica M72 World Tour,K8vZ9171G9V,Huntington Bank Field,KovZpZAFdEJA,Cleveland,OH,12,2027-06-15,18:00:00,2026-09-25T14:00:00Z,Card / Rewards,2026-09-25T14:00:00Z,,,0,0,https://www.ticketmaster.com/metallica-m72-world-tour-cleveland-ohio-06-15-2027/event/0500652EF0CA330C,18595103,2026-09-29T22:38:20Z,2026-09-30T22:16:22Z
vv17fZ_3GkTr8LNi,Metallica,Metallica M72 World Tour,K8vZ9171G9V,Lucas Oil Stadium,KovZpZAdEJEA,Indianapolis,IN,23,2027-06-05,18:00:00,2026-09-25T14:00:00Z,Citi,2026-09-25T14:00:00Z,,,0,0,https://www.ticketmaster.com/metallica-m72-world-tour-indianapolis-indiana-06-05-2027/event/0500652FDE41F8EC,18595098,2026-09-29T22:38:20Z,2026-09-30T22:16:22Z
vv17fZ_3GkluKmo_,The Interrupters,The Interrupters,K8vZ917oanf,House of Blues Cleveland,KovZpZAEAA1A,Cleveland,OH,12,2027-04-13,18:00:00,2026-09-25T14:00:00Z,Citi,2026-09-25T14:00:00Z,,,0,0,https://www.ticketmaster.com/the-interrupters-cleveland-ohio-04-13-2027/event/0500652ACD4EE459,18612605,2026-09-29T22:38:20Z,2026-09-30T22:16:22Z
vv17fZ_KGktvqJTP,Revisiting Creedence,Revisiting Creedence,K8vZ917Qzp7,Lori's Roadhouse,KovZ917AmEr,West Chester,OH,4,2026-11-20,19:30:00,2026-09-30T04:00:00Z,Other,2026-10-02T14:00:00Z,,,0,0,https://www.ticketmaster.com/revisiting-creedence-west-chester-ohio-11-20-2026/event/0500653A41766FE5,18631633,2026-09-29T22:38:20Z,2026-10-01T13:14:51Z
vv17jZ_3GkDu1fRY,Toast,Toast - The Best of Bread,K8vZ917u4U7,Rialto Square Theatre,KovZpZAFAdlA,Joliet,IL,3,2027-02-16,19:00:00,2026-09-30T15:00:00Z,Other,2026-10-02T15:00:00Z,,,0,0,https://www.ticketmaster.com/toast-the-best-of-bread-joliet-illinois-02-16-2027/event/0700652ECD294BF0,,2026-09-29T22:38:20Z,2026-10-01T13:14:51Z
vv17jZ_3GkTPRkGd,NEEDTOBREATHE,NEEDTOBREATHE: The Long Surrender Tour,K8vZ917G1G7,The Sylvee,KovZ917AQBC,Madison,WI,30,2027-02-25,19:00:00,2026-09-28T14:00:00Z,VIP,2026-10-02T15:00:00Z,,,0,0,https://www.ticketmaster.com/needtobreathe-the-long-surrender-tour-madison-wisconsin-02-25-2027/event/0700652FE5BC6303,18621529,2026-09-29T22:38:20Z,2026-10-01T13:14:51Z
vv17jZ_8GkS2QTVx,You've Got A Friend: Songs Of Carole King,You've Still Got A Friend: A Tribute to Carole King & James Taylor,K8vZ917_Fw0,Genesee Theatre,KovZpZAFAJJA,Waukegan,IL,3,2027-02-19,19:30:00,2026-09-30T15:00:00Z,Venue,2026-10-02T15:00:00Z,,,0,0,https://www.ticketmaster.com/youve-still-got-a-friend-a-waukegan-illinois-02-19-2027/event/0700650CCF6BFD22,,2026-09-29T22:38:20Z,2026-10-01T13:14:51Z
vv17jZ_KGkwRrPht,The Last Revel,WI Bluegrass Fest 2027 with The Last Revel,K8vZ917p2Bf,The Sylvee,KovZ917AQBC,Madison,WI,30,2027-01-16,18:00:00,2026-09-30T15:00:00Z,Artist,2026-10-02T15:00:00Z,,,0,0,https://www.ticketmaster.com/wi-bluegrass-fest-2027-with-the-madison-wisconsin-01-16-2027/event/0700653CAF7A56E9,,2026-09-29T22:38:20Z,2026-10-01T13:14:51Z
vv1A6ZkfMGkd3Lk9M,Mannheim Steamroller Christmas,Mannheim Steamroller Christmas,K8vZ9175nZV,Rialto Square Theatre,KovZpZAFAdlA,Joliet,IL,3,2026-12-11,15:00:00,2026-09-28T17:00:00Z,Platinum,2026-09-28T17:00:00Z,,,0,1,https://www.ticketmaster.com/mannheim-steamroller-christmas-joliet-illinois-12-11-2026/event/07006537D27C65F7,18390349,2026-09-29T22:38:20Z,2026-10-01T13:14:51Z
vv1A6ZkfMGkdgSF8w,Joe,Joe,K8vZ9171Evf,The Venue at Horseshoe Casino,KovZpZAEAlvA,Hammond,IN,3;23,2027-01-23,20:00:00,2026-09-29T15:00:00Z,Card / Rewards,2026-10-02T15:00:00Z,,,0,0,https://www.ticketmaster.com/joe-hammond-indiana-01-23-2027/event/07006537F5CC8432,18629514,2026-09-29T22:38:20Z,2026-10-01T13:14:51Z
vv1A6ZkfMGkdoXJ4t,Pete Yorn,25th Anniversary Of Musicforthemorningafter-Pete Yorn Solo Acoustic,K8vZ9171VS7,Majestic Theatre,KovZpZAaltvA,Madison,WI,30,2027-02-19,20:00:00,2026-09-30T15:00:00Z,Live Nation,2026-10-02T15:00:00Z,,,0,0,https://www.ticketmaster.com/25th-anniversary-of-musicforthemorningafterpete-yorn-solo-madison-wisconsin-02-19-2027/event/07006537D1FA6569,18629526,2026-09-29T22:38:20Z,2026-10-01T13:14:51Z
vv1A6ZkfUGkdkWP1f,David Foster,An Intimate Evening with David Foster & Katharine McPhee,K8vZ917uFpV,Genesee Theatre,KovZpZAFAJJA,Waukegan,IL,3,2027-05-13,19:30:00,2026-10-01T15:00:00Z,Venue,2026-10-02T15:00:00Z,,,0,0,https://www.ticketmaster.com/an-intimate-evening-with-david-foster-waukegan-illinois-05-13-2027/event/07006536C6F65294,,,2026-10-01T13:14:51Z
vv1A6ZkfUGkdp3Jrw,Roger Waters Presents LEGACY - A Pink Floyd Show,Roger Waters Presents LEGACY - A Pink Floyd Show,K8vZ917-lxV,Prairie Home Alliance Theater,KovZ917ARXp,Peoria,IL,54,2027-03-04,19:30:00,2026-09-29T15:00:00Z,Other,2026-10-02T15:00:00Z,,,0,0,https://www.ticketmaster.com/roger-waters-presents-legacy-a-pink-peoria-illinois-03-04-2027/event/07006536D64A67B2,,2026-09-29T22:38:20Z,2026-10-01T13:14:51Z
vv1A6ZkfYGkd7DJPM,Liverpool Legends,Liverpool Legends - The Complete Beatles Experience!,K8vZ917GC77,Bloomington Center for the Performing Arts,KovZ917A91V,Bloomington,IL,54,2027-05-22,19:00:00,2026-09-30T15:00:00Z,Venue,2026-10-02T15:00:00Z,,,0,0,https://www.ticketmaster.com/liverpool-legends-the-complete-beatles-experience-bloomington-illinois-05-22-2027/event/07006530C4EE6977,,,2026-10-01T13:14:51Z
vv1A6ZkfgGkdRdJzE,Hilary Duff,Hilary Duff: the lucky me tour,K8vZ9175rEf,Fiserv Forum,KovZ917A_fV,Milwaukee,WI,30,2027-11-12,19:30:00,2026-10-01T15:00:00Z,Live Nation,2026-10-02T15:00:00Z,,,0,0,https://www.ticketmaster.com/hilary-duff-the-lucky-me-tour-milwaukee-wisconsin-11-12-2027/event/07006535EF0E6E27,18613414,2026-09-29T22:38:20Z,2026-10-01T13:14:51Z
vv1A6ZkfsGkdP_bHa,Trippie Redd,Trippie Redd - The Non-disclosure Agreement Tour,K8vZ917ppmf,The Sylvee,KovZ917AQBC,Madison,WI,30,2026-11-03,20:00:00,2026-09-25T15:00:00Z,VIP,2026-09-25T15:00:00Z,,,0,0,https://www.ticketmaster.com/trippie-redd-the-nondisclosure-agreement-tour-madison-wisconsin-11-03-2026/event/07006531E5658F09,18618918,2026-09-29T22:38:20Z,2026-09-30T22:16:22Z
vv1A6ZkftGkdFvyQ7,Kenny Chesney,Kenny Chesney: The Original Vibe Room Tour with Eric Church,K8vZ9171f30,American Family Field ,KovZpZA1FlkA,Milwaukee,WI,30,2027-07-10,16:30:00,2026-09-25T15:00:00Z,VIP,2026-09-25T15:00:00Z,,,0,0,https://www.ticketmaster.com/kenny-chesney-the-original-vibe-room-milwaukee-wisconsin-07-10-2027/event/07006529C8079684,18592004,2026-09-29T22:38:20Z,2026-09-30T22:16:22Z
vv1A6ZkfwGkdjDyhH,Riley Green,Riley Green: That's Just Me Tour,K8vZ9173IbV,American Family Insurance Amphitheater - Summerfest Grounds,KovZpZAJeenA,Milwaukee,WI,30,2027-07-31,19:00:00,2026-09-29T15:00:00Z,Venue,2026-10-02T15:00:00Z,,,0,0,https://www.ticketmaster.com/riley-green-thats-just-me-tour-milwaukee-wisconsin-07-31-2027/event/07006532DCEF96FC,18626554,2026-09-29T22:38:20Z,2026-10-01T13:14:51Z
vv1A6ZkfyGkdIgyL6,Michael Shannon & Jason Narducy,"Michael Shannon & Jason Narducy and Friends play R.E.M's ""Document""",K8vZ917qiZ7,Majestic Theatre,KovZpZAaltvA,Madison,WI,30,2027-03-12,19:00:00,2026-09-30T15:00:00Z,Artist,2026-10-02T15:00:00Z,,,0,0,https://www.ticketmaster.com/michael-shannon-jason-narducy-and-friends-madison-wisconsin-03-12-2027/event/07006539E8D797C7,,2026-09-29T22:38:20Z,2026-10-01T13:14:51Z
vv1A6ZkfyGkeyGUna,Roger Waters Presents LEGACY - A Pink Floyd Show,Roger Waters Presents LEGACY - A Pink Floyd Show,K8vZ917-lxV,The Chicago Theatre,KovZpZA6AJ6A,Chicago,IL,3,2027-03-06,20:00:00,2026-09-29T15:00:00Z,VIP,2026-10-02T15:00:00Z,,,0,0,https://www.ticketmaster.com/roger-waters-presents-legacy-a-pink-chicago-illinois-03-06-2027/event/07006539B9336A89,,2026-09-29T22:38:20Z,2026-10-01T13:14:51Z
vv1A7ZkfMGkdNj7uD,Cory Wong,Cory Wong feat. dodie with PREP,K8vZ917pxl0,The Salt Shed Indoors (Shed),KovZ917AI5F,Chicago,IL,,2027-03-05,19:30:00,2026-09-30T15:00:00Z,Artist,2026-10-02T15:00:00Z,,,0,0,https://www.ticketmaster.com/cory-wong-feat-dodie-with-prep-chicago-illinois-03-05-2027/event/04006537E370437B,,2026-09-29T22:38:20Z,2026-10-01T13:14:51Z
vv1A7ZkfMGkeno18F,Marisela,Marisela: Eterna Tour USA 2026,K8vZ91715MV,Rosemont Theatre,KovZpa2BOe,Rosemont,IL,3,2026-12-13,19:00:00,2026-10-01T15:00:00Z,Artist,2026-10-02T15:00:00Z,,,0,0,https://www.ticketmaster.com/marisela-eterna-tour-usa-2026-rosemont-illinois-12-13-2026/event/04006537AA44A408,18629649,2026-09-29T22:38:20Z,2026-10-01T13:14:51Z
vv1A7ZkfUGkdBhXkp,Fantasia,The Love of Soul Tour,K8vZ917Cgvf,United Center,KovZpa2M7e,Chicago,IL,3;51;54,2027-05-14,20:00:00,2026-09-30T15:00:00Z,Promoter,2026-10-02T15:00:00Z,,,0,0,https://www.ticketmaster.com/the-love-of-soul-tour-chicago-illinois-05-14-2027/event/04006536FA6FE196,18629275,2026-09-29T22:38:20Z,2026-10-01T13:14:51Z
vv1A7ZkfUGkegDi06,Lukas Graham,Lukas Graham,K8vZ9172uRV,House of Blues Chicago,KovZpZAEAIlA,Chicago,IL,3,2027-04-11,18:00:00,2026-09-25T15:00:00Z,Citi,2026-09-25T15:00:00Z,,,0,0,https://www.ticketmaster.com/lukas-graham-chicago-illinois-04-11-2027/event/04006536B5EEC907,18617871,2026-09-29T22:38:20Z,2026-09-30T22:16:22Z
vv1A7ZkfVGkeDL1J-,Jarrod Walker,Jarrod Walker,name:jarrod walker,Garcia's Chicago,KovZ917AY3o,Chicago,IL,3,2026-12-15,20:00:00,2026-09-30T14:00:00Z,Artist,2026-10-02T14:00:00Z,,,0,0,https://www.ticketmaster.com/jarrod-walker-chicago-illinois-12-15-2026/event/04006534BB7CA9A1,,2026-09-29T22:38:20Z,2026-10-01T13:14:51Z
vv1A7ZkfYGkelHAQ-,Northlane,Northlane: THE ANEMOIA TOUR,K8vZ917ofc0,House of Blues Chicago,KovZpZAEAIlA,Chicago,IL,3,2027-03-06,18:00:00,2026-09-29T16:00:00Z,Artist,2026-10-02T15:00:00Z,,,0,0,https://www.ticketmaster.com/northlane-the-anemoia-tour-chicago-illinois-03-06-2027/event/04006530ABF056A1,,2026-09-29T22:38:20Z,2026-10-01T13:14:51Z
vv1A7ZkfgGkenM_SZ,Lizzy McAlpine,Lizzy McAlpine: The Over Country Tour,K8vZ917_p3V,United Center,KovZpa2M7e,Chicago,IL,3;51;54,2027-06-29,19:00:00,2026-09-30T15:00:00Z,VIP,2026-10-02T15:00:00Z,,,0,0,https://www.ticketmaster.com/lizzy-mcalpine-the-over-country-tour-chicago-illinois-06-29-2027/event/04006535AADD9CC0,18619452,2026-09-29T22:38:20Z,2026-10-01T13:14:51Z
vv1A7ZkfpGkdQYk3R,103.5 Kiss FM's Jingle Ball,103.5 KISS FM's Jingle Ball Presented by Capital One,K8vZ917og5f,Allstate Arena,KovZpa2MCe,Rosemont,IL,3;54,2026-12-07,19:00:00,2026-09-29T15:00:00Z,Card / Rewards,2026-10-02T17:00:00Z,,,0,0,https://www.ticketmaster.com/1035-kiss-fms-jingle-ball-presented-rosemont-illinois-12-07-2026/event/04006516DAC064AF,,2026-09-29T22:38:20Z,2026-10-01T13:14:51Z
vv1A7ZkfwGkdmtcGF,Two Friends,Two Friends Present: Big Bootie Land 2027,K8vZ9174RP7,Huntington Bank Pavilion at Northerly Island,KovZpZAEA7IA,Chicago,IL,3,2027-05-15,18:30:00,2026-09-25T15:00:00Z,VIP,2026-09-25T15:00:00Z,,,0,0,https://www.ticketmaster.com/two-friends-present-big-bootie-land-chicago-illinois-05-15-2027/event/04006532EEA6D308,18612569,2026-09-29T22:38:20Z,2026-09-30T22:16:22Z
vv1A8vPGbGAuMyrW,A Boogie Wit Da Hoodie,A BOOGIE WIT DA HOODIE: 10 YEARS OF ARTIST,K8vZ9174hA7,Agganis Arena,KovZpZAFd1nA,Boston,MA,11;33;124,2026-11-06,20:00:00,2026-09-30T19:00:00Z,Artist,2026-10-02T14:00:00Z,,,0,0,https://www.ticketmaster.com/a-boogie-wit-da-hoodie-10-boston-massachusetts-11-06-2026/event/010065318DDF97BD,,,2026-10-01T13:14:51Z
vv1A8vPGbGAuU_ra,A Boogie Wit Da Hoodie,A BOOGIE WIT DA HOODIE: 10 YEARS OF ARTIST,K8vZ9174hA7,Agganis Arena,KovZpZAFd1nA,Boston,MA,11;33;124,2026-11-07,20:00:00,2026-09-30T14:00:00Z,Artist,2026-10-02T14:00:00Z,,,0,0,https://www.ticketmaster.com/a-boogie-wit-da-hoodie-10-boston-massachusetts-11-07-2026/event/010065318DD99789,18629299,2026-09-29T22:38:20Z,2026-10-01T13:14:51Z
vv1A8vPuzGA1baPr,Lizzy McAlpine,Lizzy McAlpine: The Over Country Tour,K8vZ917_p3V,Agganis Arena,KovZpZAFd1nA,Boston,MA,11;33;124,2027-06-20,19:00:00,2026-09-30T14:00:00Z,Artist,2026-10-02T14:00:00Z,,,0,0,https://www.ticketmaster.com/lizzy-mcalpine-the-over-country-tour-boston-massachusetts-06-20-2027/event/010065378A60995E,18619443,2026-09-29T22:38:20Z,2026-10-01T13:14:51Z
vv1A8vPuzGA1byPI,Lizzy McAlpine,Lizzy McAlpine: The Over Country Tour,K8vZ917_p3V,Agganis Arena,KovZpZAFd1nA,Boston,MA,11;33;124,2027-06-21,19:00:00,2026-09-30T18:00:00Z,Artist,2026-10-02T14:00:00Z,,,0,0,https://www.ticketmaster.com/lizzy-mcalpine-the-over-country-tour-boston-massachusetts-06-21-2027/event/010065378A639968,,,2026-10-01T13:14:51Z
vv1AAZkfUGkd1tp2D,Broadway's Rock Of Ages Band,Broadway's Rock Of Ages Band,K8vZ917h1Ff,The Lerner Theatre,KovZpZAEktIA,Elkhart,IN,23,2027-03-26,20:00:00,2026-10-01T14:00:00Z,Other,2026-10-02T14:00:00Z,,,0,0,https://www.ticketmaster.com/broadways-rock-of-ages-band-elkhart-indiana-03-26-2027/event/05006536CAA563FB,,2026-09-29T22:38:20Z,2026-10-01T13:14:51Z
vv1AAZkfUGkden0Bc,Hilary Duff,Hilary Duff: the lucky me tour,K8vZ9175rEf,Rocket Arena,KovZpZAF7dtA,Cleveland,OH,12;51,2027-10-13,19:30:00,2026-10-01T14:00:00Z,Live Nation,2026-10-02T14:00:00Z,,,0,0,https://www.rocketarena.com/events/detail/hilary-duff-271013,18589799,2026-09-29T22:38:20Z,2026-10-01T13:14:51Z
vv1AAZkfYGkdUGQpO,Bruce in the USA,Bruce in the USA,K8vZ917GZg0,House of Blues Cleveland,KovZpZAEAA1A,Cleveland,OH,12,2026-12-18,19:00:00,2026-09-25T14:00:00Z,Citi,2026-09-25T14:00:00Z,,,0,0,https://www.ticketmaster.com/bruce-in-the-usa-cleveland-ohio-12-18-2026/event/05006530F631A5A0,18609589,2026-09-29T22:38:20Z,2026-09-30T22:16:22Z
vv1AAZkfYGkdfbsGW,Braxton Keith,Braxton Keith + special guests,K8vZ917QTV0,Old National Centre,KovZpZAEAkvA,Indianapolis,IN,23,2027-01-23,20:00:00,2026-09-25T14:00:00Z,VIP,2026-09-25T14:00:00Z,,,0,0,https://www.ticketmaster.com/braxton-keith-special-guests-indianapolis-indiana-01-23-2027/event/05006530D463133D,18610085,2026-09-29T22:38:20Z,2026-09-30T22:16:22Z
vv1AAZkfgGkeU7rBe,Lizzy McAlpine,Lizzy McAlpine: The Over Country Tour,K8vZ917_p3V,Clowes Memorial Hall,KovZpZAJdEkA,Indianapolis,IN,23,2027-05-09,19:00:00,2026-09-30T14:00:00Z,VIP,2026-10-02T14:00:00Z,,,0,0,https://www.ticketmaster.com/lizzy-mcalpine-the-over-country-tour-indianapolis-indiana-05-09-2027/event/05006535B611EE82,18619426,2026-09-29T22:38:20Z,2026-10-01T13:14:51Z
vv1AAZkfsGkdJtxIJ,Bret Michaels,Bret Michaels Live and Amplified 2026,K8vZ9171uV7,Northfield Park Racino - Center Stage,KovZpZAJAnIA,Northfield,OH,12,2026-11-28,20:00:00,2026-09-25T14:00:00Z,Other,2026-09-25T14:00:00Z,,,0,0,https://www.ticketmaster.com/bret-michaels-live-and-amplified-2026-northfield-ohio-11-28-2026/event/05006531E6A62A26,18610222,2026-09-29T22:38:20Z,2026-09-30T22:16:22Z
vv1AAZkfsGkd_IvZu,Trippie Redd,Trippie Redd - The Non-disclosure Agreement Tour,K8vZ917ppmf,Old National Centre,KovZpZAEAkvA,Indianapolis,IN,23,2026-11-08,20:00:00,2026-09-25T14:00:00Z,VIP,2026-09-25T14:00:00Z,,,0,0,https://www.ticketmaster.com/trippie-redd-the-nondisclosure-agreement-tour-indianapolis-indiana-11-08-2026/event/05006531D9A0100D,18618399,2026-09-29T22:38:20Z,2026-09-30T22:16:22Z
vv1AAZkfsGkdcvKcQ,Buckeye Country Superfest,Buckeye Country Superfest starring Chris Stapleton,K8vZ9173U17,Ohio Stadium,KovZpZAEAAeA,Columbus,OH,13,2027-07-10,15:00:00,2026-09-23T13:00:00Z,VIP,2026-10-02T14:00:00Z,,,0,0,https://www.ticketmaster.com/buckeye-country-superfest-starring-chris-stapleton-columbus-ohio-07-10-2027/event/05006531ED053B5A,18613498,2026-09-29T22:38:20Z,2026-10-01T13:14:51Z
vv1AAZkfyGkdjFQgB,The Marshall Tucker Band,The Marshall Tucker Band & Little River Band,K8vZ917123V,Hard Rock Live Northern Indiana,KovZ917AJlp,Gary,IN,3,2027-02-05,19:00:00,2026-09-30T15:00:00Z,Artist,2026-10-02T15:00:00Z,,,0,0,https://www.ticketmaster.com/the-marshall-tucker-band-little-river-gary-indiana-02-05-2027/event/05006539DC21AD7A,,2026-09-29T22:38:20Z,2026-10-01T13:14:51Z
vv1AAZkfyGkeSueFr,Daughtry,Daughtry - 20 Years Unplugged Tour,K8vZ917GZFf,Hard Rock Live Northern Indiana,KovZ917AJlp,Gary,IN,3,2027-02-21,18:00:00,2026-09-30T15:00:00Z,Artist,2026-10-02T15:00:00Z,,,0,0,https://www.ticketmaster.com/daughtry-20-years-unplugged-tour-gary-indiana-02-21-2027/event/05006539B334221E,18632924,2026-09-29T22:38:20Z,2026-10-01T13:14:51Z
vv1AAZkfzGkd0Kezk,Roger Waters Presents LEGACY - A Pink Floyd Show,Roger Waters Presents LEGACY - A Pink Floyd Show,K8vZ917-lxV,Mershon Auditorium,KovZpaoyie,Columbus,OH,13,2027-03-14,19:00:00,2026-09-29T14:00:00Z,VIP,2026-10-02T14:00:00Z,,,0,0,https://www.ticketmaster.com/roger-waters-presents-legacy-a-pink-columbus-ohio-03-14-2027/event/05006538E44C2E06,,2026-09-29T22:38:20Z,2026-10-01T13:14:51Z
vv1AAZkfzGkdSA0Ui,Roger Waters Presents LEGACY - A Pink Floyd Show,Roger Waters Presents LEGACY - A Pink Floyd Show,K8vZ917-lxV,Old National Centre,KovZpZAEAkvA,Indianapolis,IN,23,2027-03-07,19:00:00,2026-09-29T14:00:00Z,VIP,2026-10-02T14:00:00Z,,,0,0,https://www.ticketmaster.com/roger-waters-presents-legacy-a-pink-indianapolis-indiana-03-07-2027/event/05006538F3164DAC,,2026-09-29T22:38:20Z,2026-10-01T13:14:51Z
vv1AAZkfzGkeUTDUJ,A Perfect Circle,A Perfect Circle,K8vZ9171rq0,Blossom Music Center,KovZpZAEAtAA,Cuyahoga Falls,OH,12,2027-05-20,19:30:00,2026-09-30T14:00:00Z,Other,2026-10-02T14:00:00Z,,,0,0,https://www.ticketmaster.com/a-perfect-circle-cuyahoga-falls-ohio-05-20-2027/event/05006538B6FFBDA6,18632537,2026-09-29T22:38:20Z,2026-10-01T13:14:51Z
vv1AFZkf0Gkd_zy7p,Preservation Hall Jazz Band,Preservation Hall Jazz Band,K8vZ9171fB0,Flagstar Strand Theatre for the Performing Arts,KovZpZAdJ7JA,Pontiac,MI,7,2026-12-11,20:00:00,2026-09-28T14:00:00Z,Other,2026-10-02T14:00:00Z,,,0,0,https://www.ticketmaster.com/preservation-hall-jazz-band-pontiac-michigan-12-11-2026/event/08006524D9E39116,18631679,2026-09-29T22:38:20Z,2026-10-01T13:14:51Z
vv1AFZkfIGkddZ4Or,Dylan Scott,Dylan Scott,K8vZ917Kr-f,The Fillmore Detroit,KovZpZAEAktA,Detroit,MI,7,2027-01-21,19:00:00,2026-09-25T14:00:00Z,Citi,2026-09-25T14:00:00Z,,,0,0,https://www.ticketmaster.com/dylan-scott-detroit-michigan-01-21-2027/event/08006528C301581E,18600788,2026-09-29T22:38:20Z,2026-09-30T22:16:22Z
vv1AFZkfIGkeR90br,Dylan Scott,Dylan Scott,K8vZ917Kr-f,GLC Live at 20 Monroe,KovZ917AGpf,Grand Rapids,MI,9,2027-01-22,19:00:00,2026-09-25T14:00:00Z,Citi,2026-09-25T14:00:00Z,,,0,0,https://www.ticketmaster.com/dylan-scott-grand-rapids-michigan-01-22-2027/event/08006528AF5E461E,18601437,2026-09-29T22:38:20Z,2026-09-30T22:16:22Z
vv1AFZkfMGkdD0jD5,Lizzy McAlpine,Lizzy McAlpine: The Over Country Tour,K8vZ917_p3V,Fox Theatre Detroit,KovZpZA6kdtA,Detroit,MI,7,2027-05-07,19:00:00,2026-09-30T18:00:00Z,Artist,2026-10-02T14:00:00Z,,,0,0,https://www.ticketmaster.com/lizzy-mcalpine-the-over-country-tour-detroit-michigan-05-07-2027/event/08006537FB91CECB,18619420,2026-09-29T22:38:20Z,2026-10-01T13:14:51Z
vv1AFZkfMGkdGjznY,Blondshell,Blondshell - Scaring Strangers Tour,K8vZ917QVQf,Saint Andrew's Hall,KovZpZAEAkEA,Detroit,MI,7,2027-05-17,18:00:00,2026-09-30T14:00:00Z,Artist,2026-10-02T14:00:00Z,,,0,0,https://www.ticketmaster.com/blondshell-scaring-strangers-tour-detroit-michigan-05-17-2027/event/08006537CC738AB0,18633500,2026-09-29T22:38:20Z,2026-10-01T13:14:51Z
vv1AFZkfMGkeRYp6z,ZillaKami,ZillaKami,K8vZ917-mH7,The Shelter,KovZpZA77JtA,Detroit,MI,7,2026-11-16,19:00:00,2026-09-25T14:00:00Z,Citi,2026-09-25T14:00:00Z,,,0,0,https://www.ticketmaster.com/zillakami-detroit-michigan-11-16-2026/event/08006537AFC161F8,,2026-09-29T22:38:20Z,2026-09-30T22:16:22Z
vv1AFZkfSGkdkXFme,Fantasia,The Love of Soul Tour,K8vZ917Cgvf,Little Caesars Arena,KovZ917A25V,Detroit,MI,7,2027-05-15,20:00:00,2026-09-30T14:00:00Z,Promoter,2026-10-02T14:00:00Z,,,0,0,https://www.ticketmaster.com/the-love-of-soul-tour-detroit-michigan-05-15-2027/event/08006533C6F88B82,18631687,2026-09-29T22:38:20Z,2026-10-01T13:14:51Z
vv1AFZkfgGkeTsgvf,Dropkick Murphys,Dropkick Murphys,K8vZ9171h_V,GLC Live at 20 Monroe,KovZ917AGpf,Grand Rapids,MI,9,2027-02-24,18:00:00,2026-09-30T14:00:00Z,Artist,2026-10-02T14:00:00Z,,,0,0,https://www.ticketmaster.com/dropkick-murphys-grand-rapids-michigan-02-24-2027/event/08006535BFC75054,18633551,2026-09-29T22:38:20Z,2026-10-01T13:14:51Z
vv1AFZkfgGkemn0a8,Dropkick Murphys,Dropkick Murphys,K8vZ9171h_V,The Fillmore Detroit,KovZpZAEAktA,Detroit,MI,7,2027-02-26,18:00:00,2026-09-30T14:00:00Z,Artist,2026-10-02T14:00:00Z,,,0,0,https://www.ticketmaster.com/dropkick-murphys-detroit-michigan-02-26-2027/event/08006535AEAA4250,18633552,2026-09-29T22:38:20Z,2026-10-01T13:14:51Z
vv1AFZkfsGkeRb69s,Trippie Redd,Trippie Redd - The Non-disclosure Agreement Tour,K8vZ917ppmf,The Fillmore Detroit,KovZpZAEAktA,Detroit,MI,7,2026-11-09,19:00:00,2026-09-25T14:00:00Z,Citi,2026-09-25T14:00:00Z,,,0,0,https://www.ticketmaster.com/trippie-redd-the-nondisclosure-agreement-tour-detroit-michigan-11-09-2026/event/08006531AF6075F1,18617594,2026-09-29T22:38:20Z,2026-09-30T22:16:22Z
vv1AFZkfsGkezXbCf,The Ultimate Doors,The Ultimate Doors,K8vZ917hpL0,Flagstar Strand Theatre for the Performing Arts,KovZpZAdJ7JA,Pontiac,MI,7,2026-11-05,20:00:00,2026-09-28T14:00:00Z,Other,2026-10-02T14:00:00Z,,,0,0,https://www.ticketmaster.com/the-ultimate-doors-pontiac-michigan-11-05-2026/event/08006531B8F98394,,2026-09-29T22:38:20Z,2026-10-01T13:14:51Z
vv1AFZkfwGkd2P_Kw,NEEDTOBREATHE,NEEDTOBREATHE: The Long Surrender Tour,K8vZ917G1G7,GLC Live at 20 Monroe,KovZ917AGpf,Grand Rapids,MI,9,2027-02-26,18:00:00,2026-09-28T14:00:00Z,Other,2026-10-02T14:00:00Z,,,0,0,https://www.ticketmaster.com/needtobreathe-the-long-surrender-tour-grand-rapids-michigan-02-26-2027/event/08006532CF9594F2,18621537,2026-09-29T22:38:20Z,2026-10-01T13:14:51Z
vv1AFZkfwGkdDfuvd,Lukas Graham,Lukas Graham,K8vZ9172uRV,Saint Andrew's Hall,KovZpZAEAkEA,Detroit,MI,7,2027-04-07,19:00:00,2026-09-25T14:00:00Z,Citi,2026-09-25T14:00:00Z,,,0,0,https://www.ticketmaster.com/lukas-graham-detroit-michigan-04-07-2027/event/08006532FB50D043,18617565,2026-09-29T22:38:20Z,2026-09-30T22:16:22Z
vv1AFZkfwGkdEVDQP,Yonder Mountain String Band,Yonder Mountain String Band,K8vZ9171iM7,Flagstar Strand Theatre for the Performing Arts,KovZpZAdJ7JA,Pontiac,MI,7,2027-02-02,20:00:00,2026-09-23T14:00:00Z,Other,2026-09-25T14:00:00Z,,,0,0,https://www.ticketmaster.com/yonder-mountain-string-band-pontiac-michigan-02-02-2027/event/08006532E7D3B6A5,18613124,2026-09-29T22:38:20Z,2026-09-30T22:16:22Z
vv1AFZkfwGkdw_jCp,Riley Green,99.5 WYCD Hoedown featuring - Riley Green: That's Just Me Tour,K8vZ9173IbV,Pine Knob Music Theatre,KovZpa3swe,Clarkston,MI,7,2027-06-25,16:00:00,2026-09-29T14:00:00Z,Venue,2026-10-02T14:00:00Z,,,0,0,https://www.ticketmaster.com/995-wycd-hoedown-featuring-riley-green-clarkston-michigan-06-25-2027/event/08006532F265C396,18626537,2026-09-29T22:38:20Z,2026-10-01T13:14:51Z
vv1AFZkfxGkeSF0Dw,The Interrupters,The Interrupters,K8vZ917oanf,The Fillmore Detroit,KovZpZAEAktA,Detroit,MI,7,2027-04-16,18:00:00,2026-09-25T14:00:00Z,Citi,2026-09-25T14:00:00Z,,,0,0,https://www.ticketmaster.com/the-interrupters-detroit-michigan-04-16-2027/event/08006522B3224EF2,18612691,2026-09-29T22:38:20Z,2026-09-30T22:16:22Z
vv1AFZkfyGkeNVgq1,Riley Green,99.5 WYCD Hoedown featuring - Riley Green: That's Just Me Tour,K8vZ9173IbV,Pine Knob Music Theatre,KovZpa3swe,Clarkston,MI,7,2027-06-26,16:00:00,2026-10-01T14:00:00Z,Venue,2026-10-02T14:00:00Z,,,0,0,https://www.ticketmaster.com/995-wycd-hoedown-featuring-riley-green-clarkston-michigan-06-26-2027/event/08006539A3D3574A,,,2026-10-01T13:14:51Z
vv1AOvPCaGA2Inet,Midland,Midland - Stages Tour,K8vZ9174taV,The Wind Creek Event Center,KovZpaoMOe,Bethlehem,PA,18,2026-12-17,20:00:00,2026-09-29T14:00:00Z,Artist,2026-10-02T14:00:00Z,,,0,0,https://www.ticketmaster.com/midland-stages-tour-bethlehem-pennsylvania-12-17-2026/event/020065389FA2A0A9,18631021,2026-09-29T22:38:20Z,2026-10-01T13:14:51Z
vv1AOvPCeGAuJWDo,Jack Kays,Jack Kays - Jack Kays And His Band,K8vZ917_x80,Brooklyn Bowl Philadelphia,KovZ917AEtU,Philadelphia,PA,18,2027-03-18,19:30:00,2026-09-30T14:00:00Z,Artist,2026-10-02T14:00:00Z,,,0,0,https://www.ticketmaster.com/jack-kays-jack-kays-and-his-philadelphia-pennsylvania-03-18-2027/event/020065382D9BDED1,18632098,2026-09-29T22:38:20Z,2026-10-01T13:14:51Z
vv1AOvPG_GA5LjZY,Daughtry,Daughtry - 20 Years Unplugged Tour,K8vZ917GZFf,The Wind Creek Event Center,KovZpaoMOe,Bethlehem,PA,18,2027-02-27,20:00:00,2026-09-30T14:00:00Z,Artist,2026-10-02T14:00:00Z,,,0,0,https://www.ticketmaster.com/daughtry-20-years-unplugged-tour-bethlehem-pennsylvania-02-27-2027/event/020065319B7DC030,18632933,2026-09-29T22:38:20Z,2026-10-01T13:14:51Z
vv1AOvPu8GA5v1AT,Cory Wong,Cory Wong featuring dodie with special guest PREP,K8vZ917pxl0,The Fillmore Philadelphia,KovZpZAEkteA,Philadelphia,PA,18,2027-02-26,19:30:00,2026-09-30T14:00:00Z,Artist,2026-10-02T14:00:00Z,,,0,0,https://www.ticketmaster.com/cory-wong-featuring-dodie-with-special-philadelphia-pennsylvania-02-26-2027/event/020065350B04A17F,,2026-09-29T22:38:20Z,2026-10-01T13:14:51Z
vv1AOvPuyGAupavq,Leonid & Friends,Leonid & Friends,K8vZ9179YL7,F.M. Kirby Center,KovZpZAFdJdA,Wilkes Barre,PA,18,2027-05-25,19:30:00,2026-09-30T14:00:00Z,Artist,2026-10-02T14:00:00Z,,,0,0,https://www.ticketmaster.com/leonid-friends-wilkes-barre-pennsylvania-05-25-2027/event/020065379D58905D,18629807,2026-09-29T22:38:20Z,2026-10-01T13:14:51Z
vv1AaZkf-GkdqRHDg,Valley,Valley Do You Need to Be Entertained Tour,K8vZ9174mN7,The Bellwether,KovZ917AiI3,Los Angeles,CA,27,2027-03-02,20:00:00,2026-09-25T17:00:00Z,VIP,2026-09-25T17:00:00Z,,,0,0,https://www.ticketmaster.com/valley-do-you-need-to-be-los-angeles-california-03-02-2027/event/09006521DDBFCEF5,18606549,2026-09-29T22:38:20Z,2026-09-30T22:16:22Z
vv1AaZkf0GkdEc-fK,iHeartRadio Jingle Ball,102.7 KIIS FM's Jingle Ball Presented by Capital One,K8vZ917KBRV,Intuit Dome,KovZ917Acq0,Inglewood,CA,27,2026-12-04,19:30:00,2026-09-29T17:00:00Z,Card / Rewards,2026-10-02T19:00:00Z,,,0,0,https://www.ticketmaster.com/1027-kiis-fms-jingle-ball-presented-inglewood-california-12-04-2026/event/09006524E7B61513,18623064,2026-09-29T22:38:20Z,2026-10-01T13:14:51Z
vv1AaZkfMGkdYGUkJ,Chris Farren,Chris Farren,K8vZ91720Jf,The Echo,KovZ917A967,Los Angeles,CA,27,2026-12-13,19:00:00,2026-09-25T16:00:00Z,Citi,2026-09-25T16:00:00Z,,,0,0,https://www.ticketmaster.com/chris-farren-los-angeles-california-12-13-2026/event/09006537F03361A6,18622068,2026-09-29T22:38:20Z,2026-09-30T22:16:22Z
vv1AaZkfMGkdceA0Z,Ovrkast,Ovrkast - Still Striking Tour,K8vZ917r5Qf,The Echo,KovZ917A967,Los Angeles,CA,27,2026-12-01,19:00:00,2026-09-25T19:00:00Z,Citi,2026-09-25T19:00:00Z,,,0,0,https://www.ticketmaster.com/ovrkast-still-striking-tour-los-angeles-california-12-01-2026/event/09006537ED085900,18622067,2026-09-29T22:38:20Z,2026-09-30T22:16:22Z
vv1AaZkfNGkecbzuh,La Roux,La Roux - The Old Flames Tour,K8vZ917G930,The Belasco,KovZpZAJvttA,Los Angeles,CA,27,2027-02-19,19:00:00,2026-09-30T17:00:00Z,VIP,2026-10-02T17:00:00Z,,,0,0,https://www.ticketmaster.com/la-roux-the-old-flames-tour-los-angeles-california-02-19-2027/event/09006523AD63835B,18626709,2026-09-29T22:38:20Z,2026-10-01T13:14:51Z
vv1AaZkfUGkdNwr6L,Lizzy McAlpine,Lizzy McAlpine: The Over Country Tour,K8vZ917_p3V,Kia Forum,KovZpZAEkn6A,Inglewood,CA,27,2027-07-10,19:00:00,2026-09-30T21:00:00Z,Artist,2026-10-02T17:00:00Z,,,0,0,https://www.ticketmaster.com/lizzy-mcalpine-the-over-country-tour-inglewood-california-07-10-2027/event/09006536E3C9E1DF,,2026-09-29T22:38:20Z,2026-10-01T13:14:51Z
vv1AaZkfUGkdPdruy,Bleeding Through,Bleeding Through,K8vZ9174oj7,Constellation Room,KovZ917AGff,Santa Ana,CA,27,2026-12-03,18:00:00,2026-09-30T17:00:00Z,Citi,2026-10-02T17:00:00Z,,,0,0,https://www.ticketmaster.com/bleeding-through-santa-ana-california-12-03-2026/event/09006536E50DE379,,2026-09-29T22:38:20Z,2026-10-01T13:14:51Z
vv1AaZkfUGkdYm2Qo,Dropkick Murphys,Dropkick Murphys - St. Patrick's Day 2027 Tour,K8vZ9171h_V,House of Blues Anaheim,KovZpZAEA67A,Anaheim,CA,27,2027-02-09,18:00:00,2026-09-30T17:00:00Z,Artist,2026-10-02T17:00:00Z,,,0,0,https://www.ticketmaster.com/dropkick-murphys-st-patricks-day-2027-anaheim-california-02-09-2027/event/09006536F0B8F691,18633523,2026-09-29T22:38:20Z,2026-10-01T13:14:51Z
vv1AaZkfUGkeWIBqr,Cherry Bomb,Cherry Bomb,K8vZpa4Due,The Moroccan Lounge,KovZ917AJ5H,Los Angeles,CA,27,2026-11-18,18:30:00,2026-09-30T17:00:00Z,Artist,2026-10-02T17:00:00Z,,,0,0,https://www.ticketmaster.com/cherry-bomb-los-angeles-california-11-18-2026/event/09006536BDA3A75E,18622940,2026-09-29T22:38:20Z,2026-10-01T13:14:51Z
vv1AaZkfUGkesLaoQ,Hunxho,Hunxho - 2Night Only Tour,K8vZ917QQw0,The Belasco,KovZpZAJvttA,Los Angeles,CA,27,2026-12-17,19:00:00,2026-09-25T17:00:00Z,Citi,2026-09-25T17:00:00Z,,,0,0,https://www.ticketmaster.com/hunxho-2night-only-tour-los-angeles-california-12-17-2026/event/09006536B17C945A,,2026-09-29T22:38:20Z,2026-09-30T22:16:22Z
vv1AaZkfUGkey2BAF,Ivy Queen,Ivy Queen,K8vZ917GIL7,House of Blues Anaheim,KovZpZAEA67A,Anaheim,CA,27,2026-11-21,19:00:00,2026-09-25T16:00:00Z,Citi,2026-09-25T16:00:00Z,,,0,0,https://www.ticketmaster.com/ivy-queen-anaheim-california-11-21-2026/event/09006536B93FA148,18618039,2026-09-29T22:38:20Z,2026-09-30T22:16:22Z
vv1AaZkfgGkdBlTwD,The Swing Tones,THE RAT PACK HOLIDAY SHOW starring Aaron Jacobs & The Swing Tones,K8vZpZAaAtvk,Palm Springs Cultural Center,KovZ917AY2i,Palm Springs,CA,27,2026-12-12,19:30:00,2026-09-22T17:00:00Z,Artist,2026-09-25T17:00:00Z,,,0,0,https://www.ticketmaster.com/the-rat-pack-holiday-show-starring-palm-springs-california-12-12-2026/event/09006535FAAFFCBB,,2026-09-29T22:38:20Z,2026-09-30T22:16:22Z
vv1AaZkfgGkdYLCDv,Former Ladies of the Supremes,FORMER LADIES of THE SUPREMES - 40TH ANNIVERSARY CELEBRATION,K8vZ917GiDf,Palm Springs Cultural Center,KovZ917AY2i,Palm Springs,CA,27,2027-02-19,19:00:00,2026-09-22T17:00:00Z,Other,2026-09-25T17:00:00Z,,,0,0,https://www.ticketmaster.com/former-ladies-of-the-supremes-40th-palm-springs-california-02-19-2027/event/09006535F07CEEC1,,2026-09-29T22:38:20Z,2026-09-30T22:16:22Z
vv1AaZkfgGkdcrrJC,Pratt & Moody,Pratt & Moody - 2027 Tour,K8vZ917LBr0,The Echo,KovZ917A967,Los Angeles,CA,27,2027-01-29,19:00:00,2026-10-01T17:00:00Z,Citi,2026-10-02T17:00:00Z,,,0,0,https://www.ticketmaster.com/pratt-moody-2027-tour-los-angeles-california-01-29-2027/event/09006535ED79E98E,,,2026-10-01T13:14:51Z
vv1AaZkfsGkdTLJak,Nemzzz,NEMZZZ - LOCKED IN TOUR,K8vZ917jfKf,The Echo,KovZ917A967,Los Angeles,CA,27,2027-02-02,19:00:00,2026-09-24T17:00:00Z,Citi,2026-09-24T17:00:00Z,,,0,0,https://www.ticketmaster.com/nemzzz-locked-in-tour-los-angeles-california-02-02-2027/event/09006531FF7E6246,18621707,2026-09-29T22:38:20Z,2026-09-29T22:38:20Z
vv1AaZkfsGkdh-LQY,Terrian,Terrian - Mad Big World Tour,K8vZ917_dqf,The Moroccan Lounge,KovZ917AJ5H,Los Angeles,CA,27,2027-05-01,18:30:00,2026-09-24T17:00:00Z,VIP,2026-09-25T17:00:00Z,,,0,0,https://www.ticketmaster.com/terrian-mad-big-world-tour-los-angeles-california-05-01-2027/event/09006531DB85F6B0,18610315,2026-09-29T22:38:20Z,2026-09-30T22:16:22Z
vv1AaZkfwGkdn3e19,Haiden Henderson,Haiden Henderson,K8vZ917jUef,Constellation Room,KovZ917AGff,Santa Ana,CA,27,2027-04-05,19:00:00,2026-09-25T17:00:00Z,Citi,2026-09-25T17:00:00Z,,,0,0,https://www.ticketmaster.com/haiden-henderson-santa-ana-california-04-05-2027/event/09006532EA482297,18613096,2026-09-29T22:38:20Z,2026-09-30T22:16:22Z
vv1AaZkfwGkecB1C2,James Marriott,James Marriott,K8vZ917hQP0,Teragram Ballroom,KovZpZAEvnFA,Los Angeles,CA,27,2027-03-03,19:00:00,2026-09-28T16:00:00Z,Artist,2026-10-02T16:00:00Z,,,0,0,https://www.ticketmaster.com/james-marriott-los-angeles-california-03-03-2027/event/09006532ADE8A38F,18610230,2026-09-29T22:38:20Z,2026-10-01T13:14:51Z
vv1AaZkfyGkd9Gonu,L.A.B.,L.A.B.,K8vZ917byk7,Constellation Room,KovZ917AGff,Santa Ana,CA,27,2027-02-23,19:00:00,2026-09-29T17:00:00Z,Artist,2026-10-01T17:00:00Z,,,0,0,https://www.ticketmaster.com/lab-santa-ana-california-02-23-2027/event/09006539D7311A8D,,2026-09-29T22:38:20Z,2026-09-30T22:16:22Z
vv1AaZkfyGkdl-Av6,Swirlies,PBW Presents: Swirlies with Seko,K8vZ9171__f,Echoplex,KovZpa6OCe,Los Angeles,CA,27,2027-01-08,19:00:00,2026-10-01T17:00:00Z,Citi,2026-10-02T17:00:00Z,,,0,0,https://www.ticketmaster.com/pbw-presents-swirlies-with-seko-los-angeles-california-01-08-2027/event/09006539EB845047,,,2026-10-01T13:14:51Z
vv1AaZkfyGkecO564,Paco Versailles,Paco Versailles,K8vZ917hYDV,Pacific Electric,KovZ917A-HU,Los Angeles,CA,27,2027-02-27,20:00:00,2026-10-01T14:00:00Z,Artist,2026-10-02T14:00:00Z,,,0,0,https://www.ticketmaster.com/paco-versailles-los-angeles-california-02-27-2027/event/09006539AD80B1D5,,,2026-10-01T13:14:51Z
vv1AaZkfzGkd0xwaf,Wasia Project,Wasia Project - Nocturne Live 2027,K8vZ917hjg0,The Wiltern,KovZpZAEAl6A,Los Angeles,CA,27,2027-03-03,19:00:00,2026-10-01T17:00:00Z,Artist,2026-10-02T17:00:00Z,,,0,0,https://www.ticketmaster.com/wasia-project-nocturne-live-2027-los-angeles-california-03-03-2027/event/09006538E48B2254,,2026-09-29T22:38:20Z,2026-10-01T13:14:51Z
vv1AaZkfzGkd56rmo,Dark Star Orchestra,Dark Star Orchestra,K8vZ9171IA0,The Wiltern,KovZpZAEAl6A,Los Angeles,CA,27,2027-02-05,19:00:00,2026-09-30T17:00:00Z,Citi,2026-10-02T17:00:00Z,,,0,0,https://www.ticketmaster.com/dark-star-orchestra-los-angeles-california-02-05-2027/event/09006538CB1DEB91,,2026-09-29T22:38:20Z,2026-10-01T13:14:51Z
vv1AaZkfzGkd5iXwO,Youth Fountain,Youth Fountain,K8vZ917bGe0,The Parish at House of Blues Anaheim,KovZ917AGEf,Anaheim,CA,27,2027-01-28,19:00:00,2026-09-30T17:00:00Z,Citi,2026-10-02T17:00:00Z,,,0,0,https://www.ticketmaster.com/youth-fountain-anaheim-california-01-28-2027/event/09006538CBB3ECA0,,2026-09-29T22:38:20Z,2026-10-01T13:14:51Z
vv1AaZkfzGkd5kCmZ,Dark Star Orchestra,Dark Star Orchestra,K8vZ9171IA0,The Wiltern,KovZpZAEAl6A,Los Angeles,CA,27,2027-02-04,19:00:00,2026-09-30T17:00:00Z,Citi,2026-10-02T17:00:00Z,,,0,0,https://www.ticketmaster.com/dark-star-orchestra-los-angeles-california-02-04-2027/event/09006538CB18EB80,,2026-09-29T22:38:20Z,2026-10-01T13:14:51Z
vv1AaZkfzGkdDEPFR,The Band Perry,The Band Perry: A Very Perry Christmas,K8vZ917Gm3f,The Show at Agua Caliente Casino Rancho Mirage,KovZ917A2Af,Rancho Mirage,CA,27,2026-12-05,20:00:00,2026-09-30T17:00:00Z,Artist,2026-10-02T17:00:00Z,,,0,0,https://www.ticketmaster.com/the-band-perry-a-very-perry-rancho-mirage-california-12-05-2026/event/09006538FB9E522F,,2026-09-29T22:38:20Z,2026-10-01T13:14:51Z
vv1AaZkfzGkdM4fON,The Piano Guys,The Piano Guys,K8vZ9178z90,Dolby Theatre,KovZpZAdtaEA,Hollywood,CA,27,2027-01-26,19:30:00,2026-09-30T17:00:00Z,Artist,2026-10-02T17:00:00Z,,,0,0,https://www.ticketmaster.com/the-piano-guys-hollywood-california-01-26-2027/event/09006538F7554823,,2026-09-29T22:38:20Z,2026-10-01T13:14:51Z
vv1AaZkfzGkdQwvZA,Michael Shannon & Jason Narducy,Michael Shannon & Jason Narducy and Friends play R.E.Ms Document,K8vZ917qiZ7,The Bellwether,KovZ917AiI3,Los Angeles,CA,27,2027-05-01,19:30:00,2026-09-30T17:00:00Z,Artist,2026-10-02T17:00:00Z,,,0,0,https://www.ticketmaster.com/michael-shannon-jason-narducy-and-friends-los-angeles-california-05-01-2027/event/09006538DAC81005,,2026-09-29T22:38:20Z,2026-10-01T13:14:51Z
vv1AaZkfzGkdgIf3h,Jack Kays,Jack Kays - Jack Kays And His Band,K8vZ917_x80,The Regent Theater,KovZpZAJ6daA,Los Angeles,CA,27,2027-02-25,20:00:00,2026-09-30T17:00:00Z,Artist,2026-10-02T17:00:00Z,,,0,0,https://www.ticketmaster.com/jack-kays-jack-kays-and-his-los-angeles-california-02-25-2027/event/09006538F5A1449B,18631505,2026-09-29T22:38:20Z,2026-10-01T13:14:51Z
vv1AaZkfzGkdu9XXw,Castlevania Orchestral Concert,Castlevania 40th Anniversary An Orchestral Concert,K8vZpZAaJkdk,Dolby Theatre,KovZpZAdtaEA,Hollywood,CA,27,2027-03-26,20:00:00,2026-09-29T17:00:00Z,Venue,2026-10-01T17:00:00Z,,,0,0,https://www.ticketmaster.com/castlevania-40th-anniversary-an-orchestral-concert-hollywood-california-03-26-2027/event/09006538CD5FEFB2,,2026-09-29T22:38:20Z,2026-10-01T05:53:51Z
vv1AaZkfzGkduGmWm,Dark Star Orchestra,Dark Star Orchestra 2 Day Pass,K8vZ9171IA0,The Wiltern,KovZpZAEAl6A,Los Angeles,CA,27,2027-02-05,19:01:00,2026-09-30T17:00:00Z,Artist,2026-10-02T17:00:00Z,,,0,0,https://www.ticketmaster.com/dark-star-orchestra-2-day-pass-los-angeles-california-02-05-2027/event/09006538CD32EF6E,,2026-09-29T22:38:20Z,2026-10-01T13:14:51Z
vv1AaZkfzGkdzF0Jm,Ballyhoo!,Ballyhoo! - We Ride At Dawn Tour With Chad Tepper,K8vZ917G0M7,The Observatory,KovZpZAF6JkA,Santa Ana,CA,27,2027-01-30,18:30:00,2026-09-30T16:00:00Z,Artist,2026-10-02T17:00:00Z,,,0,0,https://www.ticketmaster.com/ballyhoo-we-ride-at-dawn-tour-santa-ana-california-01-30-2027/event/09006538F82249AE,,,2026-10-01T13:14:51Z
vv1AaZkfzGkeTkqbZ,Fantasia,The Love of Soul Tour,K8vZ917Cgvf,Toyota Arena,KovZpZAkEFlA,Ontario,CA,27,2027-03-05,20:00:00,2026-09-30T17:00:00Z,Promoter,2026-10-02T17:00:00Z,,,0,0,https://www.ticketmaster.com/the-love-of-soul-tour-ontario-california-03-05-2027/event/09006538BF19D600,18629502,2026-09-29T22:38:20Z,2026-10-01T13:14:51Z
vv1AaZkfzGkei5QYP,Northlane,Northlane: THE ANEMOIA TOUR,K8vZ917ofc0,House of Blues Anaheim,KovZpZAEA67A,Anaheim,CA,27,2027-02-13,18:00:00,2026-09-29T16:00:00Z,Artist,2026-10-02T17:00:00Z,,,0,0,https://www.ticketmaster.com/northlane-the-anemoia-tour-anaheim-california-02-13-2027/event/09006538AC2DAC25,,2026-09-29T22:38:20Z,2026-10-01T13:14:51Z
vv1AaZkfzGkez-HPX,Koffin Kats,Koffin Kats with The Last Gang / Starving Wolves / Crimson Riot,K8vZ917G0LV,Echoplex,KovZpa6OCe,Los Angeles,CA,27,2027-01-23,20:00:00,2026-09-25T17:00:00Z,Citi,2026-09-25T17:00:00Z,,,0,0,https://www.ticketmaster.com/koffin-kats-with-the-last-gang-los-angeles-california-01-23-2027/event/09006538B887C97E,18622093,2026-09-29T22:38:20Z,2026-09-30T22:16:22Z
vv1AdZkfNGkd3ReFj,Kenny Chesney,Kenny Chesney: The Original Vibe Room Tour with Eric Church,K8vZ9171f30,Highmark Stadium,KovZ917AV54,Orchard Park,NY,44,2027-06-19,16:30:00,2026-09-25T14:00:00Z,VIP,2026-09-25T14:00:00Z,,,0,0,https://www.ticketmaster.com/kenny-chesney-the-original-vibe-room-orchard-park-new-york-06-19-2027/event/03006523D2BC221C,18592002,2026-09-29T22:38:20Z,2026-09-30T22:16:22Z
vv1AeZkfIGkdubjP8,Kenny Chesney,Kenny Chesney: The Original Vibe Room Tour with Eric Church,K8vZ9171f30,Lincoln Financial Field,KovZpa2yme,Philadelphia,PA,18,2027-06-12,16:30:00,2026-09-25T14:00:00Z,VIP,2026-09-25T14:00:00Z,,,0,0,https://www.ticketmaster.com/kenny-chesney-the-original-vibe-room-philadelphia-pennsylvania-06-12-2027/event/02006528CD61C950,18591995,2026-09-29T22:38:20Z,2026-09-30T22:16:22Z
vv1AeZkfMGkd7ur8T,DJ Cassidy,DJ Cassidy's Pass The Mic Live! Into The New Year,K8vZ917ugY7,Hard Rock Live at Etess Arena,KovZ917Ah93,Atlantic City,NJ,18,2027-01-01,20:00:00,2026-09-30T14:00:00Z,Other,2026-10-02T14:00:00Z,,,0,0,https://www.ticketmaster.com/dj-cassidys-pass-the-mic-live-atlantic-city-new-jersey-01-01-2027/event/02006537C435E43F,,2026-09-29T22:38:20Z,2026-10-01T13:14:51Z
vv1AeZkfMGkdC8RnU,Rob Thomas,Sidewalk Angels Featuring Rob Thomas,K8vZ9175sFV,Hard Rock Live at Etess Arena,KovZ917Ah93,Atlantic City,NJ,18,2027-01-16,20:00:00,2026-09-30T14:00:00Z,Artist,2026-10-02T14:00:00Z,,,0,0,https://www.ticketmaster.com/sidewalk-angels-featuring-rob-thomas-atlantic-city-new-jersey-01-16-2027/event/02006537CE42FAB6,18629451,2026-09-29T22:38:20Z,2026-10-01T13:14:51Z
vv1AeZkfMGkdeXrkK,DJ Cassidy,DJ Cassidy's Pass The Mic Live! Into The New Year,K8vZ917ugY7,Hard Rock Live at Etess Arena,KovZ917Ah93,Atlantic City,NJ,18,2026-12-31,22:00:00,2026-09-30T14:00:00Z,Other,2026-10-02T14:00:00Z,,,0,0,https://www.ticketmaster.com/dj-cassidys-pass-the-mic-live-atlantic-city-new-jersey-12-31-2026/event/02006537C2F9E193,,2026-09-29T22:38:20Z,2026-10-01T13:14:51Z
vv1AeZkfMGkdtwglS,Daughtry,Daughtry - 20 Years Unplugged Tour,K8vZ917GZFf,Hershey Theatre,KovZpZAF6tkA,Hershey,PA,18,2027-02-26,19:00:00,2026-09-30T14:00:00Z,Other,2026-10-02T14:00:00Z,,,0,0,https://www.ticketmaster.com/daughtry-20-years-unplugged-tour-hershey-pennsylvania-02-26-2027/event/02006537E9CB5AF3,18632930,2026-09-29T22:38:20Z,2026-10-01T13:14:51Z
vv1AeZkfMGkegJGo6,Fantasia,The Love of Soul Tour,K8vZ917Cgvf,Boardwalk Hall,KovZpZA6AaJA,Atlantic City,NJ,18;55,2027-02-13,20:00:00,2026-09-30T14:00:00Z,Venue,2026-10-02T14:00:00Z,,,0,1,https://www.ticketmaster.com/the-love-of-soul-tour-atlantic-city-new-jersey-02-13-2027/event/02006537B598C447,18629442,2026-09-29T22:38:20Z,2026-10-01T13:14:51Z
vv1AeZkfMGkexqysz,Dropkick Murphys,Dropkick Murphys,K8vZ9171h_V,The Queen,KovZ917A2T0,Wilmington,DE,18,2027-03-08,19:00:00,2026-09-30T14:00:00Z,Artist,2026-10-02T14:00:00Z,,,0,0,https://www.ticketmaster.com/dropkick-murphys-wilmington-delaware-03-08-2027/event/02006537A2779C78,18633568,2026-09-29T22:38:20Z,2026-10-01T13:14:51Z
vv1AeZkfUGke-q6sN,Fantasia,The Love of Soul Tour,K8vZ917Cgvf,Prudential Center,KovZpZAE7vaA,Newark,NJ,35;55;124,2027-05-22,20:00:00,2026-09-30T14:00:00Z,Promoter,2026-10-02T14:00:00Z,,,0,0,https://www.ticketmaster.com/the-love-of-soul-tour-newark-new-jersey-05-22-2027/event/02006536A1747C63,18629280,2026-09-29T22:38:20Z,2026-10-01T13:14:51Z
vv1AeZkfUGkemPa0J,Hilary Duff,Hilary Duff: the lucky me tour,K8vZ9175rEf,GIANT Center,KovZpZAdE6dA,Hershey,PA,18,2027-10-09,19:30:00,2026-10-01T14:00:00Z,Other,2026-10-02T14:00:00Z,,,0,0,https://www.ticketmaster.com/hilary-duff-the-lucky-me-tour-hershey-pennsylvania-10-09-2027/event/02006536AE949926,18613394,2026-09-29T22:38:20Z,2026-10-01T13:14:51Z
vv1AeZkfYGkdw6uTw,Valley,Valley,K8vZ9174mN7,Brooklyn Bowl Philadelphia,KovZ917AEtU,Philadelphia,PA,18,2027-03-16,20:00:00,2026-09-25T14:00:00Z,VIP,2026-09-25T14:00:00Z,,,0,0,https://www.ticketmaster.com/valley-philadelphia-pennsylvania-03-16-2027/event/02006530F21CDFF2,18606537,2026-09-29T22:38:20Z,2026-09-30T22:16:22Z
vv1AeZkfYGke07GQ0,Little Feat,Little Feat - The Last Farewell Tour,K8vZ9171CJV,Penn's Peak,KovZpZAF6FlA,Jim Thorpe,PA,18,2027-02-21,20:00:00,2026-09-25T14:00:00Z,VIP,2026-09-25T14:00:00Z,,,0,0,https://www.ticketmaster.com/little-feat-the-last-farewell-tour-jim-thorpe-pennsylvania-02-21-2027/event/02006530A410C6A4,18612636,2026-09-29T22:38:20Z,2026-09-30T22:16:22Z
vv1AeZkfYGkePJHRe,Hans Zimmer,HANS ZIMMER LIVE - THE NEXT LEVEL,K8vZ917ubK0,Prudential Center,KovZpZAE7vaA,Newark,NJ,35;55;124,2027-02-21,19:30:00,2026-09-25T14:00:00Z,VIP,2026-09-25T14:00:00Z,,,0,0,https://www.ticketmaster.com/hans-zimmer-live-the-next-level-newark-new-jersey-02-21-2027/event/02006530A59BCBC2,18601919,2026-09-29T22:38:20Z,2026-09-30T22:16:22Z
vv1AeZkfYGkecacWB,A Boogie Wit Da Hoodie,A BOOGIE WIT DA HOODIE: 10 YEARS OF ARTIST,K8vZ9174hA7,The Liacouras Center,KovZpZAatnaA,Philadelphia,PA,18,2026-11-14,20:00:00,2026-09-30T14:00:00Z,Artist,2026-10-02T14:00:00Z,,,0,0,https://www.ticketmaster.com/a-boogie-wit-da-hoodie-10-philadelphia-pennsylvania-11-14-2026/event/02006530AD26DF7A,18629507,2026-09-29T22:38:20Z,2026-10-01T13:14:51Z
vv1AeZkfYGkeyBs_y,Sammy Rae & The Friends,WXPN Welcomes Sammy Rae & The Friends - the GET DOWN!,K8vZ917hu8V,The Fillmore Philadelphia,KovZpZAEkteA,Philadelphia,PA,18,2027-02-17,20:00:00,2026-09-25T14:00:00Z,Citi,2026-09-25T14:00:00Z,,,0,0,https://www.ticketmaster.com/wxpn-welcomes-sammy-rae-the-friends-philadelphia-pennsylvania-02-17-2027/event/02006530B9EB1679,18613087,2026-09-29T22:38:20Z,2026-09-30T22:16:22Z
vv1AeZkfsGkdOAqvU,James Marriott,James Marriott World Tour,K8vZ917hQP0,Theatre of Living Arts,KovZpZAEAIaA,Philadelphia,PA,18,2027-02-12,19:30:00,2026-09-28T13:00:00Z,Artist,2026-10-02T13:00:00Z,,,0,0,https://www.ticketmaster.com/james-marriott-world-tour-philadelphia-pennsylvania-02-12-2027/event/02006531E015D076,18609684,2026-09-29T22:38:20Z,2026-10-01T13:14:51Z
vv1AeZkfyGkd69vbI,Matthew West,Matthew West: Jesus Is King Tour,K8vZ917Gn3f,The Santander Performing Arts Center ,KovZpZAJdEvA,Reading,PA,18,2027-04-30,19:00:00,2026-09-30T14:00:00Z,Other,2026-10-05T14:00:00Z,,,0,0,https://www.ticketmaster.com/matthew-west-jesus-is-king-tour-reading-pennsylvania-04-30-2027/event/02006539C75C1628,18631719,2026-09-29T22:38:20Z,2026-10-01T13:14:51Z
vv1AeZkfzGkd1yflE,Roger Waters Presents LEGACY - A Pink Floyd Show,Roger Waters Presents LEGACY - A Pink Floyd Show,K8vZ917-lxV,Ovation Hall at Ocean Casino Resort ,KovZpZAJd6IA,Atlantic City,NJ,18,2027-04-17,20:00:00,2026-09-29T14:00:00Z,VIP,2026-10-02T14:00:00Z,,,0,0,https://www.ticketmaster.com/roger-waters-presents-legacy-a-pink-atlantic-city-new-jersey-04-17-2027/event/02006538CAE54AE7,,2026-09-29T22:38:20Z,2026-10-01T13:14:51Z
vv1AeZkfzGkdCb4Os,The Rocket Man Show,The Rocket Man Show,K8vZ917_vlV,Ovation Hall at Ocean Casino Resort ,KovZpZAJd6IA,Atlantic City,NJ,18,2027-03-26,21:00:00,2026-10-02T14:00:00Z,Platinum,2026-10-02T14:00:00Z,,,0,1,https://www.ticketmaster.com/the-rocket-man-show-atlantic-city-new-jersey-03-26-2027/event/02006538CE615831,18631400,2026-09-29T22:38:20Z,2026-10-01T13:14:51Z
vv1AeZkfzGkdCrPxj,Slipknot,Slipknot: (sic)est Stadium Tour,K8vZ9171Lz0,Hersheypark Stadium,KovZpaoU8e,Hershey,PA,18,2027-07-28,18:00:00,2026-09-29T14:00:00Z,Artist,2026-10-02T14:00:00Z,,,0,0,https://www.ticketmaster.com/slipknot-sicest-stadium-tour-hershey-pennsylvania-07-28-2027/event/02006538CE7A589C,18626575,2026-09-29T22:38:20Z,2026-10-01T13:14:51Z
vv1AeZkfzGkdKKUb8,Roger Waters Presents LEGACY - A Pink Floyd Show,Roger Waters Presents LEGACY - A Pink Floyd Show,K8vZ917-lxV,Scranton Cultural Center,KovZpZAFdJAA,Scranton,PA,18,2027-04-07,19:30:00,2026-09-29T14:00:00Z,Live Nation,2026-10-02T14:00:00Z,,,0,0,https://www.ticketmaster.com/roger-waters-presents-legacy-a-pink-scranton-pennsylvania-04-07-2027/event/02006538D34F6610,,2026-09-29T22:38:20Z,2026-10-01T13:14:51Z
vv1AeZkfzGkdoFPTT,The Starting Line,The Starting Line - 2 Day Ticket,K8vZ9175kM0,The Fillmore Philadelphia,KovZpZAEkteA,Philadelphia,PA,18,2026-12-18,,2026-09-30T14:00:00Z,Artist,2026-10-02T14:00:00Z,,,0,0,https://www.ticketmaster.com/the-starting-line-2-day-ticket-philadelphia-pennsylvania-12-18-2026/event/02006538D1225FFF,18631620,2026-09-29T22:38:20Z,2026-10-01T13:14:51Z
vv1AeZkfzGkduN44V,A Perfect Circle,A Perfect Circle,K8vZ9171rq0,Freedom Mortgage Pavilion,KovZpZAEAIEA,Camden,NJ,18;55,2027-04-30,20:00:00,2026-09-30T14:00:00Z,Other,2026-10-02T14:00:00Z,,,0,0,https://www.ticketmaster.com/a-perfect-circle-camden-new-jersey-04-30-2027/event/02006538CD8D5574,18632522,2026-09-29T22:38:20Z,2026-10-01T13:14:51Z
vv1AeZkfzGkeVdmTC,Lynyrd Skynyrd,Lynyrd Skynyrd,K8vZ9171287,Hard Rock Live at Etess Arena,KovZ917Ah93,Atlantic City,NJ,18,2027-02-19,20:00:00,2026-09-30T14:00:00Z,Artist,2026-10-02T14:00:00Z,,,0,0,https://www.ticketmaster.com/lynyrd-skynyrd-atlantic-city-new-jersey-02-19-2027/event/02006538B40EEFCE,,2026-09-29T22:38:20Z,2026-10-01T13:14:51Z
vv1AeZkfzGkecfWzD,A Perfect Circle,A Perfect Circle,K8vZ9171rq0,Prudential Center,KovZpZAE7vaA,Newark,NJ,35;55;124,2027-05-01,20:00:00,2026-09-30T14:00:00Z,Other,2026-10-02T14:00:00Z,,,0,0,https://www.ticketmaster.com/a-perfect-circle-newark-new-jersey-05-01-2027/event/02006538AD53DE3B,18632523,2026-09-29T22:38:20Z,2026-10-01T13:14:51Z
vv1AkZkf0Gkdyrnq8,Kenny Chesney,Kenny Chesney: The Original Vibe Room Tour with Eric Church,K8vZ9171f30,U.S. Bank Stadium,KovZpZAF6ttA,Minneapolis,MN,16,2027-05-22,16:30:00,2026-09-25T15:00:00Z,VIP,2026-09-25T15:00:00Z,,,0,0,https://www.ticketmaster.com/kenny-chesney-the-original-vibe-room-minneapolis-minnesota-05-22-2027/event/06006524F97AA750,18591994,2026-09-29T22:38:20Z,2026-09-30T22:16:22Z
vv1AkZkfMGkdNqPGX,Brandi Carlile,Brandi Carlile: Burn The Setlist (The All Requests Tour),K8vZ9175z3V,State Theatre,KovZpZAF76tA,Minneapolis,MN,16,2026-11-17,20:00:00,2026-09-29T15:00:00Z,Other,2026-10-02T15:00:00Z,,,0,0,https://www.ticketmaster.com/brandi-carlile-burn-the-setlist-the-minneapolis-minnesota-11-17-2026/event/06006537E376533E,18626663,2026-09-29T22:38:20Z,2026-10-01T13:14:51Z
vv1AkZkfMGkdNrguF,Brandi Carlile,Brandi Carlile: Burn The Setlist (The All Requests Tour),K8vZ9175z3V,State Theatre,KovZpZAF76tA,Minneapolis,MN,16,2026-11-18,20:00:00,2026-09-29T15:00:00Z,Other,2026-10-02T15:00:00Z,,,0,0,https://www.ticketmaster.com/brandi-carlile-burn-the-setlist-the-minneapolis-minnesota-11-18-2026/event/06006537E37B5348,18626661,2026-09-29T22:38:20Z,2026-10-01T13:14:51Z
vv1AkZkfMGkdcBE8w,Daughtry,Daughtry - 20 Years Unplugged Tour,K8vZ917GZFf,DECC Symphony Hall,KovZpZAF7tvA,Duluth,MN,16,2027-02-16,19:00:00,2026-09-30T15:00:00Z,VIP,2026-10-02T15:00:00Z,,,0,0,https://www.ticketmaster.com/daughtry-20-years-unplugged-tour-duluth-minnesota-02-16-2027/event/06006537EDEA7432,18632920,2026-09-29T22:38:20Z,2026-10-01T13:14:51Z
vv1AkZkfUGkdL2Sbt,Cory Wong,Cory Wong featuring dodie with special guest PREP,K8vZ917pxl0,The Pageant,KovZpZA6AJ7A,Saint Louis,MO,39,2027-03-06,19:30:00,2026-09-30T15:00:00Z,Artist,2026-10-02T15:00:00Z,,,0,0,https://www.ticketmaster.com/cory-wong-featuring-dodie-with-special-saint-louis-missouri-03-06-2027/event/06006536DF3F3629,,2026-09-29T22:38:20Z,2026-10-01T13:14:51Z
vv1AkZkfUGkdepCMI,A Perfect Circle,A Perfect Circle,K8vZ9171rq0,Chaifetz Arena,KovZpZAJ6ekA,Saint Louis,MO,39,2027-05-17,19:00:00,2026-09-30T15:00:00Z,Other,2026-10-02T15:00:00Z,,,0,0,https://www.ticketmaster.com/a-perfect-circle-saint-louis-missouri-05-17-2027/event/06006536C258EDE8,18632532,2026-09-29T22:38:20Z,2026-10-01T13:14:51Z
vv1AkZkfUGkdt70bv,Hunxho,Hunxho - 2Night Only Tour,K8vZ917QQw0,Varsity Theater,KovZpa3eBe,Minneapolis,MN,16,2026-11-12,18:00:00,2026-09-25T15:00:00Z,Citi,2026-09-25T15:00:00Z,,,0,0,https://www.ticketmaster.com/hunxho-2night-only-tour-minneapolis-minnesota-11-12-2026/event/06006536E9124601,18618020,2026-09-29T22:38:20Z,2026-09-30T22:16:22Z
vv1AkZkfUGkeg9cf6,Hilary Duff,Hilary Duff: the lucky me tour,K8vZ9175rEf,Casey's Center,KovZpZAF7IEA,Des Moines,IA,24,2027-11-14,19:30:00,2026-10-01T15:00:00Z,Live Nation,2026-10-02T15:00:00Z,,,0,0,https://hyveetix.evenue.net/events/HLD?RSRC=WEB_PR&RDAT=HLD_ONSALE,18613415,2026-09-29T22:38:20Z,2026-10-01T13:14:51Z
vv1AkZkfUGkem1HuU,El Monstero - a Tribute To Pink Floyd,El Monstero - a Tribute To Pink Floyd,K8vZ917uON7,The Pageant,KovZpZA6AJ7A,Saint Louis,MO,39,2026-12-19,20:00:00,2026-09-30T15:00:00Z,Other,2026-10-02T15:00:00Z,,,0,0,https://www.ticketmaster.com/el-monstero-a-tribute-to-pink-saint-louis-missouri-12-19-2026/event/06006536AE2BC376,,2026-09-29T22:38:20Z,2026-10-01T13:14:51Z
vv1AkZkfUGkem3j87,El Monstero - a Tribute To Pink Floyd,El Monstero - a Tribute To Pink Floyd,K8vZ917uON7,The Pageant,KovZpZA6AJ7A,Saint Louis,MO,39,2026-12-26,20:00:00,2026-09-30T15:00:00Z,Other,2026-10-02T15:00:00Z,,,0,0,https://www.ticketmaster.com/el-monstero-a-tribute-to-pink-saint-louis-missouri-12-26-2026/event/06006536AE49C404,,2026-09-29T22:38:20Z,2026-10-01T13:14:51Z
vv1AkZkfUGkem8j2Q,El Monstero - a Tribute To Pink Floyd,El Monstero - a Tribute To Pink Floyd,K8vZ917uON7,The Pageant,KovZpZA6AJ7A,Saint Louis,MO,39,2026-12-23,20:00:00,2026-09-30T15:00:00Z,Other,2026-10-02T15:00:00Z,,,0,0,https://www.ticketmaster.com/el-monstero-a-tribute-to-pink-saint-louis-missouri-12-23-2026/event/06006536AE41C3DA,,2026-09-29T22:38:20Z,2026-10-01T13:14:51Z
vv1AkZkfUGkemCGCS,El Monstero - a Tribute To Pink Floyd,El Monstero - a Tribute To Pink Floyd,K8vZ917uON7,The Pageant,KovZpZA6AJ7A,Saint Louis,MO,39,2026-12-22,20:00:00,2026-09-30T15:00:00Z,Other,2026-10-02T15:00:00Z,,,0,0,https://www.ticketmaster.com/el-monstero-a-tribute-to-pink-saint-louis-missouri-12-22-2026/event/06006536AE38C3B3,,2026-09-29T22:38:20Z,2026-10-01T13:14:51Z
vv1AkZkfUGkemFjuN,El Monstero - a Tribute To Pink Floyd,El Monstero - a Tribute To Pink Floyd,K8vZ917uON7,The Pageant,KovZpZA6AJ7A,Saint Louis,MO,39,2026-12-17,20:00:00,2026-09-30T15:00:00Z,Other,2026-10-02T15:00:00Z,,,0,0,https://www.ticketmaster.com/el-monstero-a-tribute-to-pink-saint-louis-missouri-12-17-2026/event/06006536AE21C363,,2026-09-29T22:38:20Z,2026-10-01T13:14:51Z
vv1AkZkfUGkemGjC2,El Monstero - a Tribute To Pink Floyd,El Monstero - a Tribute To Pink Floyd,K8vZ917uON7,The Pageant,KovZpZA6AJ7A,Saint Louis,MO,39,2026-12-21,20:00:00,2026-09-30T15:00:00Z,Other,2026-10-02T15:00:00Z,,,0,0,https://www.ticketmaster.com/el-monstero-a-tribute-to-pink-saint-louis-missouri-12-21-2026/event/06006536AE31C38F,,2026-09-29T22:38:20Z,2026-10-01T13:14:51Z
vv1AkZkfUGkemaiui,El Monstero - a Tribute To Pink Floyd,El Monstero - a Tribute To Pink Floyd,K8vZ917uON7,The Pageant,KovZpZA6AJ7A,Saint Louis,MO,39,2026-12-18,20:00:00,2026-09-30T15:00:00Z,Other,2026-10-02T15:00:00Z,,,0,0,https://www.ticketmaster.com/el-monstero-a-tribute-to-pink-saint-louis-missouri-12-18-2026/event/06006536AE26C36C,,2026-09-29T22:38:20Z,2026-10-01T13:14:51Z
vv1AkZkfYGkd_ao6R,A Boogie Wit Da Hoodie,A BOOGIE WIT DA HOODIE: 10 YEARS OF ARTIST,K8vZ9174hA7,Armory,KovZ917AQC0,Minneapolis,MN,16,2026-12-12,20:00:00,2026-09-30T15:00:00Z,Artist,2026-10-02T15:00:00Z,,,0,0,https://www.ticketmaster.com/a-boogie-wit-da-hoodie-10-minneapolis-minnesota-12-12-2026/event/06006530D92511EF,18631720,2026-09-29T22:38:20Z,2026-10-01T13:14:51Z
vv1AkZkfgGkddKZUS,Jefferson Starship,Jefferson Starship and John Waite,K8vZ91712df,Treasure Island Resort & Casino,KovZpZAEktnA,Welch,MN,16,2027-01-15,20:00:00,2026-10-01T15:00:00Z,Other,2026-10-02T15:00:00Z,,,0,0,https://www.ticketmaster.com/jefferson-starship-and-john-waite-welch-minnesota-01-15-2027/event/06006535C34C0DB3,,2026-09-29T22:38:20Z,2026-10-01T13:14:51Z
vv1AkZkfgGkdlEtYo,Hilary Duff,Hilary Duff: the lucky me tour,K8vZ9175rEf,CHI Health Center Omaha,KovZpakWUe,Omaha,NE,51;52,2027-11-10,19:30:00,2026-10-01T15:00:00Z,Other,2026-10-02T15:00:00Z,,,0,0,https://www.ticketmaster.com/hilary-duff-the-lucky-me-tour-omaha-nebraska-11-10-2027/event/06006535EB9E9C11,18613409,2026-09-29T22:38:20Z,2026-10-01T13:14:51Z
vv1AkZkfgGkdwQ5vN,Youth Fountain,Youth Fountain,K8vZ917bGe0,recordBar,KovZpZAannAA,Kansas City,MO,26;53,2027-03-02,20:00:00,2026-10-01T15:00:00Z,Radio / Local,2026-10-02T17:00:00Z,,,0,0,https://www.ticketmaster.com/youth-fountain-kansas-city-missouri-03-02-2027/event/06006535F268B063,,2026-09-29T22:38:20Z,2026-10-01T13:14:51Z
vv1AkZkfgGkeSaiNn,2slimey,2Slimey - Straight Bass Tour,K8vZ917LqU7,Varsity Theater,KovZpa3eBe,Minneapolis,MN,16,2026-11-04,18:00:00,2026-09-25T19:00:00Z,Citi,2026-09-25T19:00:00Z,,,0,0,https://www.ticketmaster.com/2slimey-straight-bass-tour-minneapolis-minnesota-11-04-2026/event/06006535B326C8EA,18609831,2026-09-29T22:38:20Z,2026-09-30T22:16:22Z
vv1AkZkfsGkdlVc7g,Lizzy McAlpine,Lizzy McAlpine: The Over Country Tour,K8vZ917_p3V,State Theatre,KovZpZAF76tA,Minneapolis,MN,16,2027-05-12,19:00:00,2026-09-30T19:00:00Z,Artist,2026-10-02T15:00:00Z,,,0,0,https://www.ticketmaster.com/lizzy-mcalpine-the-over-country-tour-minneapolis-minnesota-05-12-2027/event/06006531EBD2D135,18619429,2026-09-29T22:38:20Z,2026-10-01T13:14:51Z
vv1AkZkfsGkdlgq7T,Lizzy McAlpine,Lizzy McAlpine: The Over Country Tour,K8vZ917_p3V,State Theatre,KovZpZAF76tA,Minneapolis,MN,16,2027-05-13,19:00:00,2026-09-30T19:00:00Z,Artist,2026-10-02T15:00:00Z,,,0,0,https://www.ticketmaster.com/lizzy-mcalpine-the-over-country-tour-minneapolis-minnesota-05-13-2027/event/06006531EBD5D13F,,,2026-10-01T13:14:51Z
vv1AkZkfsGkeUe37-,Hairball,Hairball,K8vZ917GfO0,Ameristar Casino and Hotel,KovZpZAJa77A,Kansas City,MO,26;53,2027-02-05,20:30:00,2026-09-29T15:00:00Z,Platinum,2026-10-02T15:00:00Z,,,0,1,https://www.ticketmaster.com/hairball-kansas-city-missouri-02-05-2027/event/06006531B6092121,18629421,2026-09-29T22:38:20Z,2026-10-01T13:14:51Z
vv1AkZkfwGkdIlqfV,Riley Green,Riley Green: That's Just Me Tour,K8vZ9173IbV,INTRUST Bank Arena,KovZpabkke,Wichita,KS,26,2027-05-07,19:00:00,2026-09-29T15:00:00Z,Venue,2026-10-02T15:00:00Z,,,0,0,https://www.ticketmaster.com/riley-green-thats-just-me-tour-wichita-kansas-05-07-2027/event/06006532E8ADD534,18626523,2026-09-29T22:38:20Z,2026-10-01T13:14:51Z
vv1AkZkfwGkdmqCn1,NEEDTOBREATHE,NEEDTOBREATHE: The Long Surrender Tour,K8vZ917G1G7,Armory,KovZ917AQC0,Minneapolis,MN,16,2027-02-20,19:00:00,2026-09-28T14:00:00Z,Artist,2026-10-02T15:00:00Z,,,0,0,https://www.ticketmaster.com/needtobreathe-the-long-surrender-tour-minneapolis-minnesota-02-20-2027/event/06006532EE74EA8A,18621530,2026-09-29T22:38:20Z,2026-10-01T13:14:51Z
vv1AkZkfwGkec3C4s,Trippie Redd,Trippie Redd - The Non-disclosure Agreement Tour,K8vZ917ppmf,The Fillmore Minneapolis presented by Affinity Plus,KovZ917AxCO,Minneapolis,MN,16,2026-11-02,18:30:00,2026-09-25T15:00:00Z,Citi,2026-09-25T15:00:00Z,,,0,0,https://www.ticketmaster.com/trippie-redd-the-nondisclosure-agreement-tour-minneapolis-minnesota-11-02-2026/event/06006532AD48E571,18618960,2026-09-29T22:38:20Z,2026-09-30T22:16:22Z
vv1AkZkfxGkdkijos,Kenny Chesney,Kenny Chesney: The Original Vibe Room Tour with Eric Church,K8vZ9171f30,Arrowhead Stadium,KovZpZAF7E1A,Kansas City,MO,26;53,2027-07-24,16:30:00,2026-09-25T15:00:00Z,VIP,2026-09-25T15:00:00Z,,,0,0,https://www.ticketmaster.com/kenny-chesney-the-original-vibe-room-kansas-city-missouri-07-24-2027/event/06006522C6B1C471,18592006,2026-09-29T22:38:20Z,2026-09-30T22:16:22Z
vv1AkZkfzGkd6Vlxs,Brandi Carlile,Brandi Carlile: Burn The Setlist Tour (The All Request Tour),K8vZ9175z3V,Uptown Theater,KovZpa3sre,Kansas City,MO,26;53,2026-11-22,19:00:00,2026-09-29T15:00:00Z,Other,2026-10-02T15:00:00Z,,,0,0,https://www.ticketmaster.com/brandi-carlile-burn-the-setlist-tour-kansas-city-missouri-11-22-2026/event/06006538C7D2B8B1,18626672,2026-09-29T22:38:20Z,2026-10-01T13:14:51Z
vv1AkZkfzGkdzkKxb,Roger Waters Presents LEGACY - A Pink Floyd Show,Roger Waters Presents LEGACY - A Pink Floyd Show,K8vZ917-lxV,Orpheum Theatre,KovZpakSUe,Minneapolis,MN,16,2027-03-03,19:30:00,2026-09-29T15:00:00Z,VIP,2026-10-02T15:00:00Z,,,0,0,https://www.ticketmaster.com/roger-waters-presents-legacy-a-pink-minneapolis-minnesota-03-03-2027/event/06006538F8193898,,2026-09-29T22:38:20Z,2026-10-01T13:14:51Z
vv1AvZkfMGkdn5kyE,Fantasia,The Love of Soul Tour,K8vZ917Cgvf,Scope Arena,KovZpa2gOe,Norfolk,VA,46,2027-02-06,20:00:00,2026-09-30T14:00:00Z,Promoter,2026-10-02T14:00:00Z,,,0,0,https://www.ticketmaster.com/the-love-of-soul-tour-norfolk-virginia-02-06-2027/event/01006537EA2C6E67,18629319,2026-09-29T22:38:20Z,2026-10-01T13:14:51Z
vv1AvZkfYGkdtQJZ9,Fantasia,The Love of Soul Tour,K8vZ917Cgvf,Amica Mutual Pavilion,KovZpa2gGe,Providence,RI,33;124,2027-05-21,20:00:00,2026-09-30T14:00:00Z,Promoter,2026-10-02T14:00:00Z,,,0,0,https://www.ticketmaster.com/the-love-of-soul-tour-providence-rhode-island-05-21-2027/event/01006530E96A6017,18629235,2026-09-29T22:38:20Z,2026-10-01T13:14:51Z
vv1AvZkfYGkdvXBUH,Northlane,Northlane: The Anemoia Tour (18+),K8vZ917ofc0,Paradise Rock Club presented by Citizens,KovZpZA11JtA,Boston,MA,11;33;124,2027-02-28,18:00:00,2026-09-29T16:00:00Z,Artist,2026-10-02T14:00:00Z,,,0,0,https://www.ticketmaster.com/northlane-the-anemoia-tour-18-boston-massachusetts-02-28-2027/event/01006530C1FBADBC,,2026-09-29T22:38:20Z,2026-10-01T13:14:51Z
vv1AvZkfYGkeEcNaH,Gnarls Barkley,Gnarls Barkley: To Whom It Still Concerns Tour,K8vZ9175Hz7,Citizens House of Blues Boston,KovZpZAEA7eA,Boston,MA,11;33;124,2026-11-15,19:00:00,2026-09-24T14:00:00Z,Citi,2026-09-24T14:00:00Z,,,0,0,https://www.ticketmaster.com/gnarls-barkley-to-whom-it-still-boston-massachusetts-11-15-2026/event/01006530A7B6327C,18604537,2026-09-29T22:38:20Z,2026-09-29T22:38:20Z
vv1AvZkffGkdOjXfT,Kiss 108's Jingle Ball,Kiss 108's Jingle Ball Presented By Capital One,K8vZ9178QSV,TD Garden,KovZpa2gne,Boston,MA,11;33;51;124,2026-12-13,18:00:00,2026-09-29T14:00:00Z,Card / Rewards,2026-10-02T16:00:00Z,,,0,0,https://www.ticketmaster.com/kiss-108s-jingle-ball-presented-by-boston-massachusetts-12-13-2026/event/01006514E073E53F,,2026-09-29T22:38:20Z,2026-10-01T13:14:51Z
vv1AvZkffGkeEHXlm,Tidewater Winds,Tidewater Winds : Holiday Concert,K8vZ917QJrV,Sandler Center For The Performing Arts,KovZpZAattdA,Virginia Beach,VA,46,2026-12-14,19:30:00,2026-08-20T16:00:00Z,Other,2026-10-13T14:00:00Z,,,0,0,https://www.ticketmaster.com/tidewater-winds-holiday-concert-virginia-beach-virginia-12-14-2026/event/01006514A7F3EAEE,,2026-09-29T22:38:20Z,2026-09-30T22:16:22Z
vv1AvZkfgGkdLc1NV,Sara Bareilles,Mix 104.1's Deck The Hall Ball: Sara Bareilles & more!,K8vZ9175mMf,Agganis Arena,KovZpZAFd1nA,Boston,MA,11;33;124,2026-12-05,19:30:00,2026-09-30T14:00:00Z,Artist,2026-10-02T14:00:00Z,,,0,0,https://www.ticketmaster.com/mix-1041s-deck-the-hall-ball-boston-massachusetts-12-05-2026/event/01006535DFB4A8F4,18629300,2026-09-29T22:38:20Z,2026-10-01T13:14:51Z
vv1AvZkfgGke0hlEd,Slipknot,Slipknot: (sic)est Stadium Tour - Platinum Tickets,K8vZ9171Lz0,Fenway Park,KovZpZAaaI7A,Boston,MA,11;33;124,2027-07-31,17:30:00,2026-09-29T14:00:00Z,Platinum,2026-10-02T14:00:00Z,,,0,1,https://www.ticketmaster.com/slipknot-sicest-stadium-tour-platinum-tickets-boston-massachusetts-07-31-2027/event/01006535A46EB9C3,18626574,2026-09-29T22:38:20Z,2026-10-01T13:14:51Z
vv1AvZkfsGkd56j_u,James Marriott,James Marriott World Tour,K8vZ917hQP0,Paradise Rock Club presented by Citizens,KovZpZA11JtA,Boston,MA,11;33;124,2027-02-13,18:30:00,2026-09-28T13:00:00Z,Artist,2026-10-02T13:00:00Z,,,0,0,https://www.ticketmaster.com/james-marriott-world-tour-boston-massachusetts-02-13-2027/event/01006531CB1DC64D,18609661,2026-09-29T22:38:20Z,2026-10-01T13:14:51Z
vv1AvZkfsGke-eLVi,Riley Green,Riley Green: That's Just Me Tour,K8vZ9173IbV,BankNH Pavilion,KovZpa1qje,Gilford,NH,11;33,2027-06-18,19:00:00,2026-09-29T14:00:00Z,Venue,2026-10-02T14:00:00Z,,,0,0,https://www.ticketmaster.com/riley-green-thats-just-me-tour-gilford-new-hampshire-06-18-2027/event/01006531A109FD2C,18626536,2026-09-29T22:38:20Z,2026-10-01T13:14:51Z
vv1AvZkfsGkeIpxY_,Riley Green,Riley Green: That's Just Me Tour,K8vZ9173IbV,BankNH Pavilion,KovZpa1qje,Gilford,NH,11;33,2027-06-19,19:00:00,2026-10-01T14:00:00Z,Other,2026-10-02T14:00:00Z,,,0,0,https://www.ticketmaster.com/riley-green-thats-just-me-tour-gilford-new-hampshire-06-19-2027/event/01006531A85A2C19,,,2026-10-01T13:14:51Z
vv1AvZkftGkdjVZxR,Hans Zimmer,HANS ZIMMER LIVE - THE NEXT LEVEL,K8vZ917ubK0,TD Garden,KovZpa2gne,Boston,MA,11;33;51;124,2027-02-24,19:30:00,2026-09-25T14:00:00Z,VIP,2026-09-25T14:00:00Z,,,0,0,https://www.ticketmaster.com/hans-zimmer-live-the-next-level-boston-massachusetts-02-24-2027/event/01006529DCD008AF,18601922,2026-09-29T22:38:20Z,2026-09-30T22:16:22Z
vv1AvZkftGkexzmrt,The Interrupters,The Interrupters,K8vZ917oanf,Citizens House of Blues Boston,KovZpZAEA7eA,Boston,MA,11;33;124,2027-04-07,18:00:00,2026-09-25T14:00:00Z,VIP,2026-09-25T14:00:00Z,,,0,0,https://www.ticketmaster.com/the-interrupters-boston-massachusetts-04-07-2027/event/01006529A2E2E7A9,18612664,2026-09-29T22:38:20Z,2026-09-30T22:16:22Z
vv1AvZkftGkeyYgcG,Dylan Scott,Dylan Scott,K8vZ917Kr-f,MGM Music Hall at Fenway,KovZ917AEJz,Boston,MA,11,2027-02-06,20:00:00,2026-09-25T14:00:00Z,VIP,2026-09-25T14:00:00Z,,,0,0,https://www.ticketmaster.com/dylan-scott-boston-massachusetts-02-06-2027/event/01006529B9C35B4C,18601525,2026-09-29T22:38:20Z,2026-09-30T22:16:22Z
vv1AvZkfwGke0hYNm,Riley Green,Riley Green: That's Just Me Tour,K8vZ9173IbV,Xfinity Center,KovZpZAEAElA,Mansfield,MA,11;33;124,2027-07-24,19:00:00,2026-09-29T14:00:00Z,Venue,2026-10-02T14:00:00Z,,,0,0,https://www.ticketmaster.com/riley-green-thats-just-me-tour-mansfield-massachusetts-07-24-2027/event/01006532A46F08EE,18626547,2026-09-29T22:38:20Z,2026-10-01T13:14:51Z
vv1AvZkfwGkemSKbm,Trippie Redd,Trippie Redd - The Non-disclosure Agreement Tour,K8vZ917ppmf,Citizens House of Blues Boston,KovZpZAEA7eA,Boston,MA,11;33;124,2026-11-19,19:00:00,2026-09-25T14:00:00Z,VIP,2026-09-25T14:00:00Z,,,0,0,https://www.ticketmaster.com/trippie-redd-the-nondisclosure-agreement-tour-boston-massachusetts-11-19-2026/event/01006532AECD362E,18617576,2026-09-29T22:38:20Z,2026-09-30T22:16:22Z
vv1AvZkfxGkdu8gfO,Kenny Chesney,Kenny Chesney: The Original Vibe Room Tour with Eric Church,K8vZ9171f30,Gillette Stadium,KovZpZA6kvlA,Foxborough,MA,11;33;124,2027-08-28,16:30:00,2026-09-25T14:00:00Z,VIP,2026-09-25T14:00:00Z,,,0,0,https://www.ticketmaster.com/kenny-chesney-the-original-vibe-room-foxborough-massachusetts-08-28-2027/event/01006522CD435520,18592017,2026-09-29T22:38:20Z,2026-09-30T22:16:22Z
vv1AvZkfyGkd_fMvi,Roger Waters Presents LEGACY - A Pink Floyd Show,Roger Waters Presents LEGACY - A Pink Floyd Show,K8vZ917-lxV,Chevalier Theatre,KovZpZAJd6aA,Medford,MA,11,2027-04-11,20:00:00,2026-09-30T14:00:00Z,VIP,2026-10-02T14:00:00Z,,,0,0,https://www.ticketmaster.com/roger-waters-presents-legacy-a-pink-medford-massachusetts-04-11-2027/event/01006539D953706C,,2026-09-29T22:38:20Z,2026-10-01T13:14:51Z
vv1AvZkfyGkdqQF4e,Brian Culbertson,Brian Culbertson's Boston Jazz Getaway,K8vZ9171XU7,Boch Center Shubert Theatre,KovZpZA1EEJA,Boston,MA,11,2027-09-10,19:00:00,2026-09-30T16:00:00Z,Other,2026-10-02T14:00:00Z,,,0,1,https://www.ticketmaster.com/brian-culbertsons-boston-jazz-getaway-boston-massachusetts-09-10-2027/event/01006539DD688542,18623573,2026-09-29T22:38:20Z,2026-10-01T13:14:51Z
vv1AvZkfyGkdqQz4b,Brian Culbertson,Brian Culbertson's Boston Jazz Getaway,K8vZ9171XU7,Boch Center Shubert Theatre,KovZpZA1EEJA,Boston,MA,11,2027-09-11,19:00:00,2026-09-30T16:00:00Z,Other,2026-10-02T14:00:00Z,,,0,1,https://www.ticketmaster.com/brian-culbertsons-boston-jazz-getaway-boston-massachusetts-09-11-2027/event/01006539DD6B8558,18623574,2026-09-29T22:38:20Z,2026-10-01T13:14:51Z
vv1AvZkfzGkd_vPbt,Jack Kays,Jack Kays - Jack Kays And His Band,K8vZ917_x80,Paradise Rock Club presented by Citizens,KovZpZA11JtA,Boston,MA,11;33;124,2027-03-17,18:30:00,2026-09-30T14:00:00Z,Artist,2026-10-02T14:00:00Z,,,0,0,https://www.ticketmaster.com/jack-kays-jack-kays-and-his-boston-massachusetts-03-17-2027/event/01006538D9065629,18629491,2026-09-29T22:38:20Z,2026-10-01T13:14:51Z
vv1AvZkfzGkdnmG5N,Dirty Deeds,Dirty Deeds - The AC/DC Experience,K8vZ917ukdV,Aura,KovZ917ACz7,Portland,ME,33,2027-04-02,20:00:00,2026-10-01T14:00:00Z,Other,2026-10-02T14:00:00Z,,,0,0,https://www.ticketmaster.com/dirty-deeds-the-acdc-experience-portland-maine-04-02-2027/event/01006538EAB8C2E3,,,2026-10-01T13:14:51Z
vv1AvZkfzGke0VNQU,Roger Waters Presents LEGACY - A Pink Floyd Show,Roger Waters Presents LEGACY - A Pink Floyd Show,K8vZ917-lxV,The Dome by Rutter Mills,KovZ917ARDx,Virginia Beach,VA,46,2027-05-01,20:00:00,2026-09-29T14:00:00Z,VIP,2026-10-02T14:00:00Z,,,0,0,https://www.ticketmaster.com/roger-waters-presents-legacy-a-pink-virginia-beach-virginia-05-01-2027/event/01006538A4D236B6,,2026-09-29T22:38:20Z,2026-10-01T13:14:51Z
vv1AvZkfzGkeym1AR,Cory Wong,Cory Wong featuring dodie with special guest PREP,K8vZ917pxl0,State Theatre,KovZpa3mee,Portland,ME,33;124,2027-03-01,19:30:00,2026-09-30T14:00:00Z,Artist,2026-10-02T14:00:00Z,,,0,0,https://www.ticketmaster.com/cory-wong-featuring-dodie-with-special-portland-maine-03-01-2027/event/01006538B9B8A16F,,2026-09-29T22:38:20Z,2026-10-01T13:14:51Z
vv1F0Z_KOvagZd2e8,Kate Nash,Kate Nash,K8vZ917Gvy7,Constellation Room,KovZ917AGff,Santa Ana,CA,27,2026-11-12,19:00:00,2026-09-30T17:00:00Z,Artist,2026-10-02T17:00:00Z,,,0,0,https://www.ticketmaster.com/kate-nash-santa-ana-california-11-12-2026/event/0900653801275E1F,,2026-09-29T22:38:20Z,2026-10-01T13:14:51Z
vv1F7Z_KG64FZdudG,Trippie Redd,Trippie Redd - The Non-disclosure Agreement Tour,K8vZ917ppmf,The Dome by Rutter Mills,KovZ917ARDx,Virginia Beach,VA,46,2026-11-20,20:00:00,2026-09-25T14:00:00Z,Card / Rewards,2026-09-25T14:00:00Z,,,0,0,https://www.ticketmaster.com/trippie-redd-the-nondisclosure-agreement-tour-virginia-beach-virginia-11-20-2026/event/0100653307548C2B,18619097,2026-09-29T22:38:20Z,2026-09-30T22:16:22Z
vv1F8Z_3ao7xZd2G1,Kenny Chesney,Kenny Chesney: The Original Vibe Room Tour with Eric Church,K8vZ9171f30,Soldier Field,KovZpZAF6tIA,Chicago,IL,3;54,2027-06-26,16:30:00,2026-09-25T15:00:00Z,VIP,2026-09-25T15:00:00Z,,,0,0,https://www.ticketmaster.com/kenny-chesney-the-original-vibe-room-chicago-illinois-06-26-2027/event/0400652251122EB9,18592003,2026-09-29T22:38:20Z,2026-09-30T22:16:22Z
vv1FOZ_KrK7dZdC12,David Foster,An Intimate Evening with David Foster And Katharine McPhee,K8vZ917uFpV,Detroit Opera House,KovZpZAFnlFA,Detroit,MI,7,2027-05-15,20:00:00,2026-10-01T14:00:00Z,Artist,2026-10-02T14:00:00Z,,,0,0,https://www.ticketmaster.com/an-intimate-evening-with-david-foster-detroit-michigan-05-15-2027/event/0800653793103D9E,,,2026-10-01T13:14:51Z
vv1Fe8vPG33pZ72Fk7,The Interrupters,The Interrupters,K8vZ917oanf,House of Blues Anaheim,KovZpZAEA67A,Anaheim,CA,27,2027-05-02,17:00:00,2026-09-25T17:00:00Z,Citi,2026-09-25T17:00:00Z,,,0,0,https://www.ticketmaster.com/the-interrupters-anaheim-california-05-02-2027/event/090065312496E753,18612867,2026-09-29T22:38:20Z,2026-09-30T22:16:22Z
vv1Fe8vPusGNZ7u7dF,Kim Petras,Mixed Feelings Presents - Kim Petras: De-Tour,K8vZ917pWpV,Hollywood Palladium,KovZpZAEAlaA,Hollywood,CA,27,2026-12-17,19:00:00,2026-09-30T17:00:00Z,Artist,2026-10-02T17:00:00Z,,,0,0,https://www.ticketmaster.com/mixed-feelings-presents-kim-petras-detour-hollywood-california-12-17-2026/event/090065371323C327,,2026-09-29T22:38:20Z,2026-10-01T13:14:51Z
vv1FvOvPGtJKZ75857,Daughtry,Daughtry - 20 Years Unplugged Tour,K8vZ917GZFf,The Pageant,KovZpZA6AJ7A,Saint Louis,MO,39,2027-02-13,19:00:00,2026-09-30T15:00:00Z,Artist,2026-10-02T15:00:00Z,,,0,0,https://www.ticketmaster.com/daughtry-20-years-unplugged-tour-saint-louis-missouri-02-13-2027/event/060065329993AFA3,,2026-09-29T22:38:20Z,2026-10-01T13:14:51Z
vv1FvOvPGtqtZ755AA,Riley Green,Riley Green: That's Just Me Tour,K8vZ9173IbV,Hollywood Casino Amphitheater,KovZpZAEAnaA,Maryland Heights,MO,39,2027-07-30,19:00:00,2026-09-29T15:00:00Z,Venue,2026-10-02T15:00:00Z,,,0,0,https://www.ticketmaster.com/riley-green-thats-just-me-tour-maryland-heights-missouri-07-30-2027/event/060065329769AA44,18626549,2026-09-29T22:38:20Z,2026-10-01T13:14:51Z
vv1FvZvPG_O4Z7ueuv,Ha*Ash,Ha*Ash - No Me Hablen de Amor,K8vZ917CW60,Rosemont Theatre,KovZpa2BOe,Rosemont,IL,3,2027-04-23,20:00:00,2026-09-25T15:00:00Z,Citi,2026-09-25T15:00:00Z,,,0,0,https://www.ticketmaster.com/haash-no-me-hablen-de-amor-rosemont-illinois-04-23-2027/event/040065319815C1C0,18608866,2026-09-29T22:38:20Z,2026-09-30T22:16:22Z
vv1aOvPuf-ZF9v5,Lukas Graham,Lukas Graham,K8vZ9172uRV,Theatre of Living Arts,KovZpZAEAIaA,Philadelphia,PA,18,2027-04-03,20:00:00,2026-09-25T14:00:00Z,Citi,2026-09-25T14:00:00Z,,,0,0,https://www.ticketmaster.com/lukas-graham-philadelphia-pennsylvania-04-03-2027/event/020065354840217A,18617589,2026-09-29T22:38:20Z,2026-09-30T22:16:22Z
vv1aaZkfSA_CZZe25,Gabriela Bee,Gabriela Bee,K8vZ9179Tr0,The Echo,KovZ917A967,Los Angeles,CA,27,2026-12-07,19:00:00,2026-09-25T16:00:00Z,Citi,2026-09-25T16:00:00Z,,,0,0,https://www.ticketmaster.com/gabriela-bee-los-angeles-california-12-07-2026/event/09006533159380EA,18617527,2026-09-29T22:38:20Z,2026-09-30T22:16:22Z
vv1k7Z_Kr_G7Rccc,A Perfect Circle,A Perfect Circle,K8vZ9171rq0,MGM Music Hall at Fenway,KovZ917AEJz,Boston,MA,11,2027-04-27,20:00:00,2026-09-30T14:00:00Z,Other,2026-10-02T14:00:00Z,,,0,0,https://www.ticketmaster.com/a-perfect-circle-boston-massachusetts-04-27-2027/event/0100653799BEDB6D,18632517,2026-09-29T22:38:20Z,2026-10-01T13:14:51Z
vv1kFZ_Kb_G7tiJd,Rob Thomas,Rob Thomas: A Special Intimate Performance Benefitting Sidewalk Angels,K8vZ9175sFV,Hershey Theatre,KovZpZAF6tkA,Hershey,PA,18,2027-01-14,19:30:00,2026-10-01T14:00:00Z,Live Nation,2026-10-02T14:00:00Z,,,0,0,https://www.ticketmaster.com/rob-thomas-a-special-intimate-performance-hershey-pennsylvania-01-14-2027/event/0200653619A6C983,18629416,2026-09-29T22:38:20Z,2026-10-01T13:14:51Z
vv1kFZ_KfdG7yeYp,Honey Revenge,Honey Revenge,K8vZ917QBeV,Theatre of Living Arts,KovZpZAEAIaA,Philadelphia,PA,18,2026-11-11,20:00:00,2026-09-25T16:00:00Z,Citi,2026-09-25T16:00:00Z,,,0,0,https://www.ticketmaster.com/honey-revenge-philadelphia-pennsylvania-11-11-2026/event/0200653503E42C16,,2026-09-29T22:38:20Z,2026-09-30T22:16:22Z
vv1kbZ_3x6G7cUsY,Kenny Chesney,Kenny Chesney: The Original Vibe Room Tour with Eric Church,K8vZ9171f30,ISU Cyclones - MidAmerican Energy Field at Jack Trice Stadium,KovZpZAF6aEA,Ames,IA,24,2027-06-05,16:30:00,2026-09-25T15:00:00Z,VIP,2026-09-25T15:00:00Z,,,0,0,https://www.ticketmaster.com/kenny-chesney-the-original-vibe-room-ames-iowa-06-05-2027/event/0600652887B76C70,18591993,2026-09-29T22:38:20Z,2026-09-30T22:16:22Z
vv1kbZ_KG0G7MBf_,Northlane,Northlane: THE ANEMOIA TOUR,K8vZ917ofc0,Varsity Theater,KovZpa3eBe,Minneapolis,MN,16,2027-03-07,18:00:00,2026-09-29T16:00:00Z,Artist,2026-10-02T15:00:00Z,,,0,0,https://www.ticketmaster.com/northlane-the-anemoia-tour-minneapolis-minnesota-03-07-2027/event/0600653324DFA519,,2026-09-29T22:38:20Z,2026-10-01T13:14:51Z
vv1kbZ_KJdG7IkVa,Boots 'N Beats,Boots 'N Beats - A Night of Country & EDM,K8vZ917qHc0,Varsity Theater,KovZpa3eBe,Minneapolis,MN,16,2026-11-13,20:00:00,2026-09-25T18:00:00Z,Citi,2026-09-25T18:00:00Z,,,0,0,https://www.ticketmaster.com/boots-n-beats-a-night-of-minneapolis-minnesota-11-13-2026/event/0600653983A06D09,18622266,2026-09-29T22:38:20Z,2026-09-30T22:16:22Z
vv1kbZ_KJdG7cpVX,Blondshell,Blondshell - Scaring Strangers Tour,K8vZ917QVQf,Delmar Hall,KovZpZAt6e7A,Saint Louis,MO,39,2027-05-22,20:00:00,2026-09-30T15:00:00Z,Artist,2026-10-02T15:00:00Z,,,0,0,https://www.ticketmaster.com/blondshell-scaring-strangers-tour-saint-louis-missouri-05-22-2027/event/0600653983B56D3E,18633511,2026-09-29T22:38:20Z,2026-10-01T13:14:51Z
vv1kbZ_KJdG7mUg8,Night Lovell,Night Lovell,K8vZ917fKr0,Delmar Hall,KovZpZAt6e7A,Saint Louis,MO,39,2026-12-12,20:00:00,2026-09-30T15:00:00Z,Artist,2026-10-02T15:00:00Z,,,0,0,https://www.ticketmaster.com/night-lovell-saint-louis-missouri-12-12-2026/event/0600653983BB6D50,18631673,2026-09-29T22:38:20Z,2026-10-01T13:14:51Z
vv1kbZ_KZKG7RhZs,Ninajirachi,Ninajirachi's I Love My Computer and It Loves Me Tour,K8vZ917hOe7,The Fillmore Minneapolis presented by Affinity Plus,KovZ917AxCO,Minneapolis,MN,16,2027-01-09,19:00:00,2026-09-24T15:00:00Z,Citi,2026-09-24T15:00:00Z,,,0,0,https://www.ticketmaster.com/ninajirachis-i-love-my-computer-and-minneapolis-minnesota-01-09-2027/event/0600653013BDB031,18609051,2026-09-29T22:38:20Z,2026-09-29T22:38:20Z
vv1kbZ_KeKG7Rpco,NEEDTOBREATHE,NEEDTOBREATHE: The Long Surrender Tour,K8vZ917G1G7,DECC Symphony Hall,KovZpZAF7tvA,Duluth,MN,16,2027-02-21,19:00:00,2026-09-28T14:00:00Z,Venue,2026-10-02T15:00:00Z,,,0,0,https://www.ticketmaster.com/needtobreathe-the-long-surrender-tour-duluth-minnesota-02-21-2027/event/0600653093BD6B51,18621526,2026-09-29T22:38:20Z,2026-10-01T13:14:51Z
vv1ke8vPC_GA1hbj0,Bree Runway,Bree Runway Presents Club Je Suis.,K8vZ917bg-V,The Regent Theater,KovZpZAJ6daA,Los Angeles,CA,27,2027-01-23,21:00:00,2026-09-30T17:00:00Z,Live Nation,2026-10-02T17:00:00Z,,,0,0,https://www.ticketmaster.com/bree-runway-presents-club-je-suis-los-angeles-california-01-23-2027/event/090065399A6D8724,18631504,2026-09-29T22:38:20Z,2026-10-01T13:14:51Z
vv1ke8vPG8GACQ1dm,Braxton Keith,Braxton Keith - Told You Once Tour,K8vZ917QTV0,House of Blues Anaheim,KovZpZAEA67A,Anaheim,CA,27,2027-03-04,19:00:00,2026-09-25T17:00:00Z,Citi,2026-09-25T17:00:00Z,,,0,0,https://www.ticketmaster.com/braxton-keith-told-you-once-tour-anaheim-california-03-04-2027/event/090065310E68A0EE,18609843,2026-09-29T22:38:20Z,2026-09-30T22:16:22Z
vv1ke8vPGbGAuTgRG,The Interrupters,The Interrupters,K8vZ917oanf,The Wiltern,KovZpZAEAl6A,Los Angeles,CA,27,2027-04-30,17:30:00,2026-09-25T17:00:00Z,VIP,2026-09-25T17:00:00Z,,,0,0,https://www.ticketmaster.com/the-interrupters-los-angeles-california-04-30-2027/event/090065318DFF5BCC,18612589,2026-09-29T22:38:20Z,2026-09-30T22:16:22Z
vv1ke8vPGdGACTDBv,Trippie Redd,Trippie Redd - The Non-disclosure Agreement Tour,K8vZ917ppmf,Hollywood Palladium,KovZpZAEAlaA,Hollywood,CA,27,2026-12-15,19:00:00,2026-09-25T17:00:00Z,VIP,2026-09-25T17:00:00Z,,,0,0,https://www.ticketmaster.com/trippie-redd-the-nondisclosure-agreement-tour-hollywood-california-12-15-2026/event/090065303EFFBE81,18617609,2026-09-29T22:38:20Z,2026-09-30T22:16:22Z
vv1ke8vPGdGAGQhcw,Electric Feels,Electric Feels: Indie Rock + Electronic Dance Party  (18+),K8vZ917bem0,House of Blues Anaheim,KovZpZAEA67A,Anaheim,CA,27,2026-10-30,21:00:00,2026-09-25T17:00:00Z,Citi,2026-09-25T17:00:00Z,,,0,0,https://www.ticketmaster.com/electric-feels-indie-rock-electronic-dance-anaheim-california-10-30-2026/event/090065303C69BB72,18618038,2026-09-29T22:38:20Z,2026-09-30T22:16:22Z
vv1ke8vPGsGAG6yuq,Mercer Henderson,Mercer Henderson,K8vZ917Qwg0,The Echo,KovZ917A967,Los Angeles,CA,27,2026-11-12,19:00:00,2026-09-25T17:00:00Z,Citi,2026-09-25T17:00:00Z,,,0,0,https://www.ticketmaster.com/mercer-henderson-los-angeles-california-11-12-2026/event/090065331C1F935D,18612651,2026-09-29T22:38:20Z,2026-09-30T22:16:22Z
vv1ke8vPu8GA5DxqS,Tierney Sutton,TIERNEY SUTTON: THE WAY WE WERE - Music of Alan & Marilyn Bergman,K8vZ9171MIV,Palm Springs Cultural Center,KovZ917AY2i,Palm Springs,CA,27,2027-01-30,19:30:00,2026-09-22T17:00:00Z,Artist,2026-09-25T17:00:00Z,,,0,0,https://www.ticketmaster.com/tierney-sutton-the-way-we-were-palm-springs-california-01-30-2027/event/090065350BEE2773,,2026-09-29T22:38:20Z,2026-09-30T22:16:22Z
vv1ke8vPu8GAG1xOd,Tierney Sutton,TIERNEY SUTTON: THE WAY WE WERE - Music of Alan & Marilyn Bergman,K8vZ9171MIV,Palm Springs Cultural Center,KovZ917AY2i,Palm Springs,CA,27,2027-01-30,14:00:00,2026-09-22T17:00:00Z,Artist,2026-09-25T17:00:00Z,,,0,0,https://www.ticketmaster.com/tierney-sutton-the-way-we-were-palm-springs-california-01-30-2027/event/090065350C2A2803,,2026-09-29T22:38:20Z,2026-09-30T22:16:22Z
vv1ke8vPu_GA1Qgm8,Ian Cordova,Ian Cordova,K8vZ917-mm0,The Observatory,KovZpZAF6JkA,Santa Ana,CA,27,2026-11-27,19:00:00,2026-09-25T17:00:00Z,Citi,2026-09-25T17:00:00Z,,,0,0,https://www.ticketmaster.com/ian-cordova-santa-ana-california-11-27-2026/event/090065359A6B5B90,,2026-09-29T22:38:20Z,2026-09-30T22:16:22Z
vv1ke8vPuoGA1nVxo,Niki Haris,NIKI HARIS: STANDARDS & SOUL,K8vZ917LMH0,Palm Springs Cultural Center,KovZ917AY2i,Palm Springs,CA,27,2027-03-27,19:30:00,2026-09-22T17:00:00Z,Artist,2026-09-25T17:00:00Z,,,0,0,https://www.ticketmaster.com/niki-haris-standards-soul-palm-springs-california-03-27-2027/event/090065351AAB4891,,2026-09-29T22:38:20Z,2026-09-30T22:16:22Z
vv1keZvPCaGA2AVD6,Roger Waters Presents LEGACY - A Pink Floyd Show,Roger Waters Presents LEGACY - A Pink Floyd Show,K8vZ917-lxV,Centennial Terrace,KovZpZA17JvA,Sylvania,OH,7,2027-09-24,20:00:00,2026-10-02T14:00:00Z,VIP,2026-10-02T14:00:00Z,,,0,0,https://www.ticketmaster.com/roger-waters-presents-legacy-a-pink-sylvania-ohio-09-24-2027/event/080065389F174EC7,,2026-09-29T22:38:20Z,2026-10-01T13:14:51Z
vv1keZvPG6GA1lxoz,Gnarls Barkley,Gnarls Barkley: To Whom It Still Concerns Tour,K8vZ9175Hz7,The Fillmore Detroit,KovZpZAEAktA,Detroit,MI,7,2026-11-13,19:00:00,2026-09-24T14:00:00Z,Citi,2026-09-24T14:00:00Z,,,0,0,https://www.ticketmaster.com/gnarls-barkley-to-whom-it-still-detroit-michigan-11-13-2026/event/080065307AAE2478,18604538,2026-09-29T22:38:20Z,2026-09-29T22:38:20Z
vv1keZvPG_GA5ZP8L,Daughtry,WRIF PRESENTS: Daughtry - 20 Years Unplugged Tour,K8vZ917GZFf,The Fillmore Detroit,KovZpZAEAktA,Detroit,MI,7,2027-02-23,19:00:00,2026-09-30T14:00:00Z,Other,2026-10-02T14:00:00Z,,,0,0,https://www.ticketmaster.com/wrif-presents-daughtry-20-years-unplugged-detroit-michigan-02-23-2027/event/080065319B02541F,18632929,2026-09-29T22:38:20Z,2026-10-01T13:14:51Z
vv1keZvPuyGA2CVmS,Hunxho,Hunxho,K8vZ917QQw0,Saint Andrew's Hall,KovZpZAEAkEA,Detroit,MI,7,2026-11-02,19:00:00,2026-09-24T16:00:00Z,VIP,2026-09-25T14:00:00Z,,,0,0,https://www.ticketmaster.com/hunxho-detroit-michigan-11-02-2026/event/080065379F3B4BB3,18620760,2026-09-29T22:38:20Z,2026-09-30T22:16:22Z
vv1kfZ_KjFG7I7Co,Three Dog Night,Three Dog Night,K8vZ91712UV,Brown County Music Center,KovZ917AOr1,Nashville,IN,23,2027-02-11,19:30:00,2026-09-29T14:00:00Z,Artist,2026-10-02T14:00:00Z,,,0,0,https://www.ticketmaster.com/three-dog-night-nashville-indiana-02-11-2027/event/0500653708A04391,18631635,2026-09-29T22:38:20Z,2026-10-01T13:14:51Z
vv1kjZ_Kf7G7lMS3,A Perfect Circle,A Perfect Circle,K8vZ9171rq0,Wintrust Arena,KovZ917A2S0,Chicago,IL,3,2027-05-22,20:00:00,2026-09-30T15:00:00Z,Other,2026-10-02T15:00:00Z,,,0,0,https://www.ticketmaster.com/a-perfect-circle-chicago-illinois-05-22-2027/event/0700653504AF7CD2,18632538,2026-09-29T22:38:20Z,2026-10-01T13:14:51Z
vv1kv8vPG3GA1gW8K,Ha*Ash,Ha*Ash - No Me Hablen de Amor,K8vZ917CW60,Old National Centre,KovZpZAEAkvA,Indianapolis,IN,23,2027-04-22,20:00:00,2026-09-25T14:00:00Z,Card / Rewards,2026-09-25T14:00:00Z,,,0,0,https://www.ticketmaster.com/haash-no-me-hablen-de-amor-indianapolis-indiana-04-22-2027/event/050065312AD7D413,18608840,2026-09-29T22:38:20Z,2026-09-30T22:16:22Z
vv1kv8vPu8GA1iLbE,Hilary Duff,Hilary Duff: the lucky me tour,K8vZ9175rEf,Schottenstein Center,KovZpZA6A1EA,Columbus,OH,13,2027-10-15,19:30:00,2026-10-01T14:00:00Z,Artist,2026-10-02T14:00:00Z,,,0,0,https://www.ticketmaster.com/hilary-duff-the-lucky-me-tour-columbus-ohio-10-15-2027/event/050065350AB1F627,18613402,2026-09-29T22:38:20Z,2026-10-01T13:14:51Z
vv1kv8vPuOGAGbNgk,Rob Thomas,Rob Thomas: A Special Intimate Performance Benefitting Sidewalk Angels,K8vZ9175sFV,Hard Rock Live Northern Indiana,KovZ917AJlp,Gary,IN,3,2027-01-22,19:00:00,2026-09-30T15:00:00Z,Other,2026-10-02T15:00:00Z,,,0,0,https://www.ticketmaster.com/rob-thomas-a-special-intimate-performance-gary-indiana-01-22-2027/event/050065360C623D46,18632096,2026-09-29T22:38:20Z,2026-10-01T13:14:51Z
vv1kv8vPudGA2dENF,RaeLynn,RaeLynn,K8vZ917odXf,Lori's Roadhouse,KovZ917AmEr,West Chester,OH,4,2026-12-05,19:30:00,2026-09-25T14:00:00Z,Other,2026-09-25T14:00:00Z,,,0,0,https://www.ticketmaster.com/raelynn-west-chester-ohio-12-05-2026/event/050065343F0E78C8,18610242,2026-09-29T22:38:20Z,2026-09-30T22:16:22Z
vv1kvOvPFIGAupVVY,Kenny Chesney,Kenny Chesney: The Original Vibe Room Tour with Eric Church,K8vZ9171f30,The Dome at America's Center,KovZpZA6AJeA,Saint Louis,MO,39,2027-05-15,16:30:00,2026-09-25T15:00:00Z,VIP,2026-09-25T15:00:00Z,,,0,0,https://www.ticketmaster.com/kenny-chesney-the-original-vibe-room-saint-louis-missouri-05-15-2027/event/060065228D5B4D30,18591991,2026-09-29T22:38:20Z,2026-09-30T22:16:22Z
vv1kvOvPuOGA1LaPX,Hilary Duff,Hilary Duff: the lucky me tour,K8vZ9175rEf,T-Mobile Center,KovZpZAE7eeA,Kansas City,MO,26;51;53,2027-11-15,19:30:00,2026-10-01T15:00:00Z,Artist,2026-10-02T15:00:00Z,,,0,0,https://www.ticketmaster.com/hilary-duff-the-lucky-me-tour-kansas-city-missouri-11-15-2027/event/060065360A7C997E,18613418,2026-09-29T22:38:20Z,2026-10-01T13:14:51Z
vv1kvOvPu_GA2r6BF,Lizzy McAlpine,Lizzy McAlpine: The Over Country Tour,K8vZ917_p3V,Stifel Theatre,KovZpa3die,Saint Louis,MO,39,2027-05-15,19:00:00,2026-09-30T19:00:00Z,Artist,2026-10-02T15:00:00Z,,,0,0,https://www.ticketmaster.com/lizzy-mcalpine-the-over-country-tour-saint-louis-missouri-05-15-2027/event/060065359F787E88,18619431,2026-09-29T22:38:20Z,2026-10-01T13:14:51Z
vv1kvYvPC_GA55f1W,Blondshell,Blondshell - Scaring Strangers Tour,K8vZ917QVQf,Majestic Theatre,KovZpZAaltvA,Madison,WI,30,2027-05-15,20:00:00,2026-09-30T15:00:00Z,Artist,2026-10-02T15:00:00Z,,,0,0,https://www.ticketmaster.com/blondshell-scaring-strangers-tour-madison-wisconsin-05-15-2027/event/070065399B2D42BD,18633499,2026-09-29T22:38:20Z,2026-10-01T13:14:51Z
vv1kvYvPFyGAGkwpR,Rob Thomas,Rob Thomas: A Special Performance Benefiting Sidwalk Angels Foundation,K8vZ9175sFV,Genesee Theatre,KovZpZAFAJJA,Waukegan,IL,3,2027-01-23,20:00:00,2026-09-30T15:00:00Z,Venue,2026-10-02T15:00:00Z,,,0,0,https://www.ticketmaster.com/rob-thomas-a-special-performance-benefiting-waukegan-illinois-01-23-2027/event/070065239C1B25AF,18629448,2026-09-29T22:38:20Z,2026-10-01T13:14:51Z
vv1kvZvPCFGAu-4Pk,Chubby Checker,Chubby Checker,K8vZ91718A7,Silver Creek Event Center at Four Winds New Buffalo,KovZpZAanFdA,New Buffalo,MI,3,2027-02-13,20:00:00,2026-10-01T14:00:00Z,Venue,2026-10-02T14:00:00Z,,,0,0,https://www.ticketmaster.com/chubby-checker-new-buffalo-michigan-02-13-2027/event/040065388D855946,18631403,2026-09-29T22:38:20Z,2026-10-01T13:14:51Z
vv1kvZvPGZGACko3O,Trippie Redd,Trippie Redd - The Non-disclosure Agreement Tour,K8vZ917ppmf,Aragon Ballroom,KovZpZAFdJnA,Chicago,IL,3,2026-11-05,20:00:00,2026-09-25T15:00:00Z,Citi,2026-09-25T15:00:00Z,,,0,0,https://www.ticketmaster.com/trippie-redd-the-nondisclosure-agreement-tour-chicago-illinois-11-05-2026/event/040065300E1914A0,18617578,2026-09-29T22:38:20Z,2026-09-30T22:16:22Z
vvG1FZ_u7G1TUE,Senses Fail,Senses Fail Presents Still Searching,K8vZ9175_of,Theatre of Living Arts,KovZpZAEAIaA,Philadelphia,PA,18,2026-12-20,19:00:00,2026-09-25T14:00:00Z,Citi,2026-09-25T14:00:00Z,,,0,0,https://www.ticketmaster.com/senses-fail-presents-still-searching-philadelphia-pennsylvania-12-20-2026/event/020064D10C2BFDA7,18612689,2026-09-29T22:38:20Z,2026-09-30T22:16:22Z
vvG1HZ_3DivDK0,Riley Green,Riley Green: That's Just Me Tour,K8vZ9173IbV,Matthew Knight Arena,KovZpZAEe1eA,Eugene,OR,37,2027-04-03,19:00:00,2026-09-29T17:00:00Z,Venue,2026-10-02T17:00:00Z,,,0,0,https://www.ticketmaster.com/riley-green-thats-just-me-tour-eugene-oregon-04-03-2027/event/0F00652EEC07B4E4,18626512,2026-09-29T22:38:20Z,2026-10-01T13:14:51Z
vvG1HZ_3ExnTSl,Hans Zimmer,HANS ZIMMER LIVE - THE NEXT LEVEL,K8vZ917ubK0,Climate Pledge Arena,KovZ917Ahkk,Seattle,WA,42,2027-04-09,19:30:00,2026-09-25T17:00:00Z,VIP,2026-09-25T17:00:00Z,,,0,0,https://www.ticketmaster.com/hans-zimmer-live-the-next-level-seattle-washington-04-09-2027/event/0F006529E2ABFCEB,18601954,2026-09-29T22:38:20Z,2026-09-30T22:16:22Z
vvG1HZ_3nGDPCH,Dylan Scott,Dylan Scott,K8vZ917Kr-f,Toyota Center Kennewick,KovZpa34pe,Kennewick,WA,42,2027-03-04,19:30:00,2026-09-25T17:00:00Z,VIP,2026-09-25T17:00:00Z,,,0,0,https://www.ticketmaster.com/dylan-scott-kennewick-washington-03-04-2027/event/0F00652A8CEE53BC,18600761,2026-09-29T22:38:20Z,2026-09-30T22:16:22Z
vvG1HZ_3nsltNp,Valley,Valley,K8vZ9174mN7,Neptune Theatre,KovZpZAFnltA,Seattle,WA,42,2027-02-26,20:00:00,2026-09-25T17:00:00Z,VIP,2026-09-25T17:00:00Z,,,0,0,https://www.ticketmaster.com/valley-seattle-washington-02-26-2027/event/0F00652AB1AE98D6,18606330,2026-09-29T22:38:20Z,2026-09-30T22:16:22Z
vvG1HZ_3zbQmZV,Hans Zimmer,HANS ZIMMER LIVE - THE NEXT LEVEL,K8vZ917ubK0,Moda Center,KovZpa6MXe,Portland,OR,37,2027-04-11,19:30:00,2026-09-25T17:00:00Z,VIP,2026-09-25T17:00:00Z,,,0,0,https://www.ticketmaster.com/hans-zimmer-live-the-next-level-portland-oregon-04-11-2027/event/0F00652E186AE034,18601957,2026-09-29T22:38:20Z,2026-09-30T22:16:22Z
vvG1HZ_K1HJj1J,Ha*Ash,Ha*Ash - No Me Hablen de Amor,K8vZ917CW60,Paramount Theatre,KovZpZAFkvEA,Seattle,WA,42,2027-04-28,20:00:00,2026-09-25T17:00:00Z,Citi,2026-09-25T17:00:00Z,,,0,0,https://www.ticketmaster.com/haash-no-me-hablen-de-amor-seattle-washington-04-28-2027/event/0F006532BC99C2A6,18608843,2026-09-29T22:38:20Z,2026-09-30T22:16:22Z
vvG1HZ_KF6I_hN,Lizzy McAlpine,Lizzy McAlpine: The Over Country Tour,K8vZ917_p3V,Climate Pledge Arena,KovZ917Ahkk,Seattle,WA,42,2027-07-17,19:00:00,2026-09-30T17:00:00Z,Artist,2026-10-02T17:00:00Z,,,0,0,https://www.ticketmaster.com/lizzy-mcalpine-the-over-country-tour-seattle-washington-07-17-2027/event/0F00653207A196E3,18619466,2026-09-29T22:38:20Z,2026-10-01T13:14:51Z
vvG1HZ_KL46Hze,The Piano Guys,The Piano Guys,K8vZ9178z90,Paramount Theatre,KovZpZAFkvEA,Seattle,WA,42,2027-02-06,20:00:00,2026-09-30T17:00:00Z,Artist,2026-10-02T17:00:00Z,,,0,0,https://www.ticketmaster.com/the-piano-guys-seattle-washington-02-06-2027/event/0F006537D51FCE02,,2026-09-29T22:38:20Z,2026-10-01T13:14:51Z
vvG1HZ_KL4kiMV,The Piano Guys,The Piano Guys,K8vZ9178z90,Paramount Theatre,KovZpZAFkvEA,Seattle,WA,42,2027-02-06,17:00:00,2026-09-30T17:00:00Z,Artist,2026-10-02T17:00:00Z,,,0,0,https://www.ticketmaster.com/the-piano-guys-seattle-washington-02-06-2027/event/0F006537D51ACDF4,,2026-09-29T22:38:20Z,2026-10-01T13:14:51Z
vvG1HZ_KNOF3iR,Mei Semones,Mei Semones,K8vZ917hexf,Neptune Theatre,KovZpZAFnltA,Seattle,WA,42,2027-04-28,20:00:00,2026-10-01T17:00:00Z,Artist,2026-10-02T17:00:00Z,,,0,0,https://www.ticketmaster.com/mei-semones-seattle-washington-04-28-2027/event/0F006538E0212B2F,,,2026-10-01T13:14:51Z
vvG1HZ_KNa_WBo,Northlane,Northlane: THE ANEMOIA TOUR,K8vZ917ofc0,Neptune Theatre,KovZpZAFnltA,Seattle,WA,42,2027-03-17,19:00:00,2026-09-29T16:00:00Z,Artist,2026-10-02T17:00:00Z,,,0,0,https://www.ticketmaster.com/northlane-the-anemoia-tour-seattle-washington-03-17-2027/event/0F006538C967DE91,,2026-09-29T22:38:20Z,2026-10-01T13:14:51Z
vvG1HZ_KOUKspf,moe.,moe.,K8vZ9171jX0,Neptune Theatre,KovZpZAFnltA,Seattle,WA,42,2027-04-10,20:00:00,2026-09-30T17:00:00Z,Artist,2026-10-02T17:00:00Z,,,0,0,https://www.ticketmaster.com/moe-seattle-washington-04-10-2027/event/0F006538364F1594,18632680,2026-09-29T22:38:20Z,2026-10-01T13:14:51Z
vvG1HZ_KOtr2xT,Michael Shannon & Jason Narducy,Michael Shannon & Jason Narducy and Friends play R.E.M.'s Document,K8vZ917qiZ7,Neptune Theatre,KovZpZAFnltA,Seattle,WA,42,2027-02-07,19:00:00,2026-09-30T17:00:00Z,Artist,2026-10-02T17:00:00Z,,,0,0,https://www.ticketmaster.com/michael-shannon-jason-narducy-and-friends-seattle-washington-02-07-2027/event/0F0065382978F8BF,,2026-09-29T22:38:20Z,2026-10-01T13:14:51Z
vvG1HZ_KSNALGM,Beck,Beck,K8vZ9171fvf,First Interstate Center for the Arts,KovZ917AxcJ,Spokane,WA,42,2026-11-06,19:30:00,2026-10-01T17:00:00Z,Live Nation,2026-10-02T17:00:00Z,,,0,0,https://ticketswestinw.evenue.net/events/FICBECK,18629796,2026-09-29T22:38:20Z,2026-10-01T13:14:51Z
vvG1HZ_KSlH8Uf,Sona Jobarteh,Sona Jobarteh,K8vZ9174dS7,Neptune Theatre,KovZpZAFnltA,Seattle,WA,42,2027-04-13,20:00:00,2026-10-01T17:00:00Z,Radio / Local,2026-10-02T17:00:00Z,,,0,0,https://www.ticketmaster.com/sona-jobarteh-seattle-washington-04-13-2027/event/0F00653CEBF10D94,,,2026-10-01T13:14:51Z
vvG1HZ_K_OKoSp,Riley Green,Riley Green: That's Just Me Tour,K8vZ9173IbV,Numerica Veterans Arena,KovZpZA1eklA,Spokane,WA,42,2027-04-01,19:00:00,2026-09-29T17:00:00Z,Other,2026-10-02T17:00:00Z,,,0,0,https://ticketswestinw.evenue.net/events/ARNRG27,18626511,2026-09-29T22:38:20Z,2026-10-01T13:14:51Z
vvG1HZ_KbFGxYU,A Perfect Circle,A Perfect Circle,K8vZ9171rq0,Veterans Memorial Coliseum,KovZpZAJ67kA,Portland,OR,37,2027-06-01,19:30:00,2026-09-30T17:00:00Z,Artist,2026-10-02T17:00:00Z,,,0,0,https://www.ticketmaster.com/a-perfect-circle-portland-oregon-06-01-2027/event/0F00653608322C36,18632548,2026-09-29T22:38:20Z,2026-10-01T13:14:51Z
vvG1HZ_KeoQ4YP,Riley Green,Riley Green: That's Just Me Tour,K8vZ9173IbV,Climate Pledge Arena,KovZ917Ahkk,Seattle,WA,42,2027-04-02,19:00:00,2026-09-29T17:00:00Z,Venue,2026-10-02T17:00:00Z,,,0,0,https://www.ticketmaster.com/riley-green-thats-just-me-tour-seattle-washington-04-02-2027/event/0F00653091695C25,18626514,2026-09-29T22:38:20Z,2026-10-01T13:14:51Z
vvG1HZ_KfmPpZS,A Perfect Circle,A Perfect Circle,K8vZ9171rq0,Climate Pledge Arena,KovZ917Ahkk,Seattle,WA,42,2027-05-30,19:30:00,2026-09-30T17:00:00Z,Artist,2026-10-02T17:00:00Z,,,0,0,https://www.ticketmaster.com/a-perfect-circle-seattle-washington-05-30-2027/event/0F0065352E956033,18632547,2026-09-29T22:38:20Z,2026-10-01T13:14:51Z
vvG1HZ_KhRaXJ4,The Movement,The Movement Tour Winter 2027 with special guest KBong & Johnny Cosmic,K8vZ917GmFf,Neptune Theatre,KovZpZAFnltA,Seattle,WA,42,2027-02-18,19:30:00,2026-09-29T16:00:00Z,Artist,2026-10-02T17:00:00Z,,,0,0,https://www.ticketmaster.com/the-movement-tour-winter-2027-with-seattle-washington-02-18-2027/event/0F006536EF27E995,,2026-09-29T22:38:20Z,2026-10-01T13:14:51Z
vvG1HZ_Kpe4N79,Lizzy McAlpine,Lizzy McAlpine: The Over Country Tour,K8vZ917_p3V,Moda Center,KovZpa6MXe,Portland,OR,37,2027-07-15,19:00:00,2026-09-30T21:00:00Z,Artist,2026-10-02T17:00:00Z,,,0,0,https://www.ticketmaster.com/lizzy-mcalpine-the-over-country-tour-portland-oregon-07-15-2027/event/0F00653582563117,18619462,2026-09-29T22:38:20Z,2026-10-01T13:14:51Z
vvG1HZ_KrMgQhS,Oteil Burbridge,Oteil & Friends,K8vZ9175KoV,Neptune Theatre,KovZpZAFnltA,Seattle,WA,42,2027-03-09,20:00:00,2026-09-30T17:00:00Z,Artist,2026-10-02T17:00:00Z,,,0,0,https://www.ticketmaster.com/oteil-friends-seattle-washington-03-09-2027/event/0F006537B7D5A6F3,,2026-09-29T22:38:20Z,2026-10-01T13:14:51Z
vvG1IZ_3RQXqRX,The Amy Winehouse Band,The Amy Winehouse Band,K8vZ917h5p0,Balboa Theatre,KovZpZAEAlIA,San Diego,CA,20,2027-04-23,20:00:00,2026-09-24T17:00:00Z,Venue,2026-10-02T17:00:00Z,,,0,0,https://www.ticketmaster.com/the-amy-winehouse-band-san-diego-california-04-23-2027/event/0A00652BDAF9DBFE,18617591,2026-09-29T22:38:20Z,2026-10-01T13:14:51Z
vvG1IZ_3RSxTwD,Metallica,Metallica M72 World Tour,K8vZ9171G9V,Snapdragon Stadium,KovZ917AIoi,San Diego,CA,20,2027-05-13,18:00:00,2026-09-25T17:00:00Z,VIP,2026-09-25T17:00:00Z,,,0,0,https://www.ticketmaster.com/metallica-m72-world-tour-san-diego-california-05-13-2027/event/0A00652BF38BFCBB,18595090,2026-09-29T22:38:20Z,2026-09-30T22:16:22Z
vvG1IZ_3Teyn4F,Ha*Ash,Ha*Ash - No Me Hablen de Amor,K8vZ917CW60,YouTube Theater,KovZ917AJue,Inglewood,CA,27,2027-05-02,20:00:00,2026-09-25T17:00:00Z,Citi,2026-09-25T17:00:00Z,,,0,0,https://www.ticketmaster.com/haash-no-me-hablen-de-amor-inglewood-california-05-02-2027/event/0A00652FC2E6A548,18608842,2026-09-29T22:38:20Z,2026-09-30T22:16:22Z
vvG1IZ_3g8mA_F,The Piano Guys,The Piano Guys,K8vZ9178z90,Jacobs Music Center,KovZpZAJ6d1A,San Diego,CA,20,2027-01-19,20:00:00,2026-09-30T17:00:00Z,Artist,2026-10-02T17:00:00Z,,,0,0,https://www.ticketmaster.com/the-piano-guys-san-diego-california-01-19-2027/event/0A00652D50B85648,,2026-09-29T22:38:20Z,2026-10-01T13:14:51Z
vvG1IZ_K1HQ1L9,Deorro,Deorro - 18+,K8vZ917ohff,North Island Credit Union Amphitheatre,KovZpa2WZe,Chula Vista,CA,20,2026-11-14,20:00:00,2026-09-25T20:00:00Z,Citi,2026-09-25T20:00:00Z,,,0,0,https://www.ticketmaster.com/deorro-18-chula-vista-california-11-14-2026/event/0A006532BC68A7D7,18612578,2026-09-29T22:38:20Z,2026-09-30T22:16:22Z
vvG1IZ_K1t1bxe,ezcodylee,ezcodylee: Make America Stunt 4 Life Tour,K8vZ917-iQf,Voodoo Room at the House of Blues San Diego,KovZ917AI8j,San Diego,CA,20,2026-11-24,19:00:00,2026-09-25T17:00:00Z,Citi,2026-09-25T17:00:00Z,,,0,0,https://www.ticketmaster.com/ezcodylee-make-america-stunt-4-life-san-diego-california-11-24-2026/event/0A006532A9298882,18619073,2026-09-29T22:38:20Z,2026-09-30T22:16:22Z
vvG1IZ_K9KBrW1,Youth Fountain,Youth Fountain,K8vZ917bGe0,Voodoo Room at the House of Blues San Diego,KovZ917AI8j,San Diego,CA,20,2027-01-29,19:00:00,2026-09-30T17:00:00Z,Live Nation,2026-10-02T17:00:00Z,,,0,0,https://www.ticketmaster.com/youth-fountain-san-diego-california-01-29-2027/event/0A006535D3E9EF4A,,,2026-10-01T13:14:51Z
vvG1IZ_K9by2hW,Slipknot,Slipknot: (sic)est Stadium Tour,K8vZ9171Lz0,SoFi Stadium,KovZ917ACh0,Inglewood,CA,27,2027-08-13,18:00:00,2026-09-29T17:00:00Z,Artist,2026-10-02T17:00:00Z,,,0,0,https://www.ticketmaster.com/slipknot-sicest-stadium-tour-inglewood-california-08-13-2027/event/0A006535D8E4F6FD,18626585,2026-09-29T22:38:20Z,2026-10-01T13:14:51Z
vvG1IZ_KE3jQuu,Young the Giant,Young the Giant - presented by Alt 94.9's December to Remember,K8vZ917GU-V,The Sound,KovZ917Atrk,Del Mar,CA,20,2026-12-08,20:00:00,2026-10-01T17:00:00Z,Venue,2026-10-02T17:00:00Z,,,0,0,https://www.ticketmaster.com/young-the-giant-presented-by-alt-del-mar-california-12-08-2026/event/0A006539D271A34D,,2026-09-29T22:38:20Z,2026-10-01T13:14:51Z
vvG1IZ_KJ-9Xi3,Cannons,Cannons - presented by Alt 94.9's December to Remember,K8vZ917C2p7,The Sound,KovZ917Atrk,Del Mar,CA,20,2026-12-09,20:00:00,2026-10-01T17:00:00Z,Venue,2026-10-02T17:00:00Z,,,0,0,https://www.ticketmaster.com/cannons-presented-by-alt-949s-december-del-mar-california-12-09-2026/event/0A006539A15FEB12,,2026-09-29T22:38:20Z,2026-10-01T13:14:51Z
vvG1IZ_KJwqK5K,Dropkick Murphys,Dropkick Murphys - St. Patricks Day 2027 Tour,K8vZ9171h_V,The Sound,KovZ917Atrk,Del Mar,CA,20,2027-02-07,19:00:00,2026-09-30T07:00:00Z,VIP,2026-10-02T17:00:00Z,,,0,0,https://www.ticketmaster.com/dropkick-murphys-st-patricks-day-2027-del-mar-california-02-07-2027/event/0A006539B27532D3,18633526,2026-09-29T22:38:20Z,2026-10-01T13:14:51Z
vvG1IZ_KJzs0cr,Dark Star Orchestra,Dark Star Orchestra,K8vZ9171IA0,The Sound,KovZ917Atrk,Del Mar,CA,20,2027-02-06,20:00:00,2026-09-30T17:00:00Z,Artist,2026-10-02T17:00:00Z,,,0,0,https://www.ticketmaster.com/dark-star-orchestra-del-mar-california-02-06-2027/event/0A006539B8C64B5E,,2026-09-29T22:38:20Z,2026-10-01T13:14:51Z
vvG1IZ_KL8JvKq,A Perfect Circle,A Perfect Circle,K8vZ9171rq0,North Island Credit Union Amphitheatre,KovZpa2WZe,Chula Vista,CA,20,2027-06-08,20:00:00,2026-09-30T17:00:00Z,Other,2026-10-02T17:00:00Z,,,0,0,https://www.ticketmaster.com/a-perfect-circle-chula-vista-california-06-08-2027/event/0A006537D09814DD,18632556,2026-09-29T22:38:20Z,2026-10-01T13:14:51Z
vvG1IZ_KO2IQ4n,Bleeding Through,Bleeding Through,K8vZ9174oj7,SOMA,KovZpZA1teEA,San Diego,CA,20,2026-12-04,19:00:00,2026-09-30T17:00:00Z,Live Nation,2026-10-02T17:00:00Z,,,0,0,https://www.ticketmaster.com/bleeding-through-san-diego-california-12-04-2026/event/0A0065380FA1A56A,,2026-09-29T22:38:20Z,2026-10-01T13:14:51Z
vvG1IZ_KQ9F6Ws,Trippie Redd,Trippie Redd - The NDA Tour,K8vZ917ppmf,SOMA,KovZpZA1teEA,San Diego,CA,20,2026-12-13,20:00:00,2026-09-25T17:00:00Z,VIP,2026-09-25T17:00:00Z,,,0,0,https://www.ticketmaster.com/trippie-redd-the-nda-tour-san-diego-california-12-13-2026/event/0A00653697207F71,18617481,2026-09-29T22:38:20Z,2026-09-30T22:16:22Z
vvG1IZ_KUMMTwv,E-40,How The West Was Won,K8vZ9175FOV,YouTube Theater,KovZ917AJue,Inglewood,CA,27,2026-11-13,19:30:00,2026-10-01T17:00:00Z,Live Nation,2026-10-02T17:00:00Z,,,0,0,https://www.ticketmaster.com/how-the-west-was-won-inglewood-california-11-13-2026/event/0A00653DB7DFFC81,,,2026-10-01T13:14:51Z
vvG1IZ_K_8QjMi,Lizzy McAlpine,Lizzy McAlpine: The Over Country Tour,K8vZ917_p3V,The Rady Shell at Jacobs Park,KovZ917AJ-O,San Diego,CA,20,2027-07-09,18:30:00,2026-09-30T17:00:00Z,Artist,2026-10-02T17:00:00Z,,,0,0,https://www.ticketmaster.com/lizzy-mcalpine-the-over-country-tour-san-diego-california-07-09-2027/event/0A0065365069CDEC,18619456,2026-09-29T22:38:20Z,2026-10-01T13:14:51Z
vvG1IZ_KaiIwR4,Niko Rubio,Niko Rubio: late night swim in california tour,K8vZfZ7EnJk,Voodoo Room at the House of Blues San Diego,KovZ917AI8j,San Diego,CA,20,2026-12-11,19:00:00,2026-09-25T17:00:00Z,Citi,2026-09-25T17:00:00Z,,,0,0,https://www.ticketmaster.com/niko-rubio-late-night-swim-in-san-diego-california-12-11-2026/event/0A0065326CA32BD5,18619074,2026-09-29T22:38:20Z,2026-09-30T22:16:22Z
vvG1IZ_KkM8ny4,Braxton Keith,Braxton Keith: Told You Once Tour 2027,K8vZ917QTV0,House of Blues San Diego,KovZpZAEAltA,San Diego,CA,20,2027-03-03,19:00:00,2026-09-25T17:00:00Z,Citi,2026-09-25T17:00:00Z,,,0,0,https://www.ticketmaster.com/braxton-keith-told-you-once-tour-san-diego-california-03-03-2027/event/0A006531B742AE55,18609664,2026-09-29T22:38:20Z,2026-09-30T22:16:22Z
vvG1IZ_Kx1lUJx,Wasia Project,Wasia Project - Nocturne Live 2027,K8vZ917hjg0,House of Blues San Diego,KovZpZAEAltA,San Diego,CA,20,2027-03-05,19:00:00,2026-10-01T17:00:00Z,Artist,2026-10-02T17:00:00Z,,,0,0,https://www.ticketmaster.com/wasia-project-nocturne-live-2027-san-diego-california-03-05-2027/event/0A0065388AAF69A2,,2026-09-29T22:38:20Z,2026-10-01T13:14:51Z
vvG1IZ_KxV6cZd,Hot Freaks,HOT FREAKS - SOFT BODY TOUR,K8vZ917QnGf,Voodoo Room at the House of Blues San Diego,KovZ917AI8j,San Diego,CA,20,2027-02-22,19:00:00,2026-09-29T17:00:00Z,Artist,2026-10-02T17:00:00Z,,,0,0,https://www.ticketmaster.com/hot-freaks-soft-body-tour-san-diego-california-02-22-2027/event/0A006538B41ED003,18632116,2026-09-29T22:38:20Z,2026-10-01T13:14:51Z
vvG1IZ_KxsiGnf,Merkules,"MERKULES ""EUROPE 2 AMERICA TOUR""",K8vZ917KKhf,Voodoo Room at the House of Blues San Diego,KovZ917AI8j,San Diego,CA,20,2027-01-28,19:00:00,2026-09-30T14:00:00Z,Live Nation,2026-10-02T14:00:00Z,,,0,0,https://www.ticketmaster.com/merkules-europe-2-america-tour-san-diego-california-01-28-2027/event/0A006538B1B0CA94,,,2026-10-01T13:14:51Z
vvG1IZ_ojVbbZv,Roger Waters Presents LEGACY - A Pink Floyd Show,ROGER WATERS Presents LEGACY - A Pink Floyd Show,K8vZ917-lxV,The Rady Shell at Jacobs Park,KovZ917AJ-O,San Diego,CA,20,2027-09-12,19:30:00,2026-10-01T17:00:00Z,Other,2026-10-02T17:00:00Z,,,0,0,https://www.ticketmaster.com/roger-waters-presents-legacy-a-pink-san-diego-california-09-12-2027/event/0A00651734618001,,2026-09-29T22:38:20Z,2026-10-01T13:14:51Z
vvG1OZ_2BUSzFH,Jack Kays,Jack Kays - Jack Kays And His Band,K8vZ917_x80,Saint Andrew's Hall,KovZpZAEAkEA,Detroit,MI,7,2027-03-12,18:30:00,2026-09-30T14:00:00Z,Artist,2026-10-02T14:00:00Z,,,0,0,https://www.ticketmaster.com/jack-kays-jack-kays-and-his-detroit-michigan-03-12-2027/event/080064FEB6CF823C,18629466,2026-09-29T22:38:20Z,2026-10-01T13:14:51Z
vvG1VZ_3BJCJR0,The Interrupters,The Interrupters,K8vZ917oanf,Revolution Live,KovZpZAEkvlA,Ft Lauderdale,FL,15,2027-03-27,18:00:00,2026-09-25T14:00:00Z,VIP,2026-09-25T14:00:00Z,,,0,0,https://www.ticketmaster.com/the-interrupters-ft-lauderdale-florida-03-27-2027/event/0D00652EA63A6BE4,18612718,2026-09-29T22:38:20Z,2026-09-30T22:16:22Z
vvG1VZ_3GOtwD8,Hans Zimmer,HANS ZIMMER LIVE - THE NEXT LEVEL,K8vZ917ubK0,Kaseya Center,KovZpZAJtFaA,Miami,FL,15;51,2027-03-13,20:00:00,2026-09-25T14:00:00Z,VIP,2026-09-25T14:00:00Z,,,0,0,https://www.ticketmaster.com/hans-zimmer-live-the-next-level-miami-florida-03-13-2027/event/0D00652320A72ED0,18601933,2026-09-29T22:38:20Z,2026-09-30T22:16:22Z
vvG1VZ_3TCuGW8,Chicago,Chicago,K8vZ9171u0V,Hard Rock Live,KovZpZA6AEaA,Hollywood,FL,15,2027-02-11,20:00:00,2026-09-29T14:00:00Z,Artist,2026-10-02T14:00:00Z,,,0,0,https://www.ticketmaster.com/chicago-hollywood-florida-02-11-2027/event/0D00652FCE34CF50,18631707,2026-09-29T22:38:20Z,2026-10-01T13:14:51Z
vvG1VZ_3TNNTr0,Spyro Gyra,Spyro Gyra with special guest Jeff Lorber Fusion,K8vZ9171aD0,Wells Hall at The Parker,KovZpZAEeFtA,Ft Lauderdale,FL,15,2027-02-27,19:30:00,2026-09-24T14:00:00Z,Platinum,2026-09-24T14:00:00Z,,,0,1,https://www.ticketmaster.com/spyro-gyra-with-special-guest-jeff-ft-lauderdale-florida-02-27-2027/event/0D00652FE38FF7A4,,2026-09-29T22:38:20Z,2026-09-29T22:38:20Z
vvG1VZ_3T_Jrbe,Air Supply,Air Supply - A Matter of Time Tour,K8vZ9171u07,Hard Rock Live,KovZpZA6AEaA,Hollywood,FL,15,2027-01-29,20:00:00,2026-09-30T14:00:00Z,Artist,2026-10-02T14:00:00Z,,,0,0,https://www.ticketmaster.com/air-supply-a-matter-of-time-hollywood-florida-01-29-2027/event/0D00652FD999E602,18631706,2026-09-29T22:38:20Z,2026-10-01T13:14:51Z
vvG1VZ_3XHwnHJ,Hans Zimmer,HANS ZIMMER LIVE - THE NEXT LEVEL,K8vZ917ubK0,Benchmark International Arena,KovZpZA6k7IA,Tampa,FL,21;51,2027-03-14,19:30:00,2026-09-25T14:00:00Z,VIP,2026-09-25T14:00:00Z,,,0,0,https://www.ticketmaster.com/hans-zimmer-live-the-next-level-tampa-florida-03-14-2027/event/0D00652FBCCAAF26,18601934,2026-09-29T22:38:20Z,2026-09-30T22:16:22Z
vvG1VZ_3Xxt6_9,The Interrupters,The Interrupters,K8vZ917oanf,Jannus Live,KovZpZAFAnaA,St Petersburg,FL,21,2027-03-26,18:00:00,2026-09-25T14:00:00Z,VIP,2026-09-25T14:00:00Z,,,0,0,https://www.ticketmaster.com/the-interrupters-st-petersburg-florida-03-26-2027/event/0D00652FA2A47657,18612690,2026-09-29T22:38:20Z,2026-09-30T22:16:22Z
vvG1VZ_3nhMI3S,Laura Pausini,Laura Pausini - Yo Canto,K8vZ9171H2f,Hard Rock Live,KovZpZA6AEaA,Hollywood,FL,15,2027-03-14,19:30:00,2026-09-29T14:00:00Z,Artist,2026-10-01T14:00:00Z,,,0,0,https://www.ticketmaster.com/laura-pausini-yo-canto-hollywood-florida-03-14-2027/event/0D00652A9BDE84B3,18631703,2026-09-29T22:38:20Z,2026-10-01T05:53:51Z
vvG1VZ_3xSUavB,Chris Botti,Chris Botti,K8vZ9171yZ7,Wells Hall at The Parker,KovZpZAEeFtA,Ft Lauderdale,FL,15,2027-01-31,19:00:00,2026-09-14T14:00:00Z,Artist,2026-10-09T14:00:00Z,,,0,0,https://www.ticketmaster.com/chris-botti-ft-lauderdale-florida-01-31-2027/event/0D006528B3D8907A,,2026-09-29T22:38:20Z,2026-10-01T13:14:51Z
vvG1VZ_3xUttq7,Paul Anka,Paul Anka - You Are My Destiny,K8vZ9171uqV,Au-Rene Theater at the Broward Center,KovZpZAEvnlA,Ft Lauderdale,FL,15,2027-03-23,19:30:00,2026-10-08T14:00:00Z,Venue,2026-10-09T14:00:00Z,,,0,0,https://www.ticketmaster.com/paul-anka-you-are-my-destiny-ft-lauderdale-florida-03-23-2027/event/0D006528B6A69744,18583637,2026-09-29T22:38:20Z,2026-10-01T13:14:51Z
vvG1VZ_3xhd4sR,Kenny Chesney,Kenny Chesney: The Original Vibe Room Tour with Eric Church,K8vZ9171f30,Raymond James Stadium,KovZpZAFnl1A,Tampa,FL,21,2027-04-24,16:30:00,2026-09-25T14:00:00Z,VIP,2026-09-25T14:00:00Z,,,0,0,https://www.ticketmaster.com/kenny-chesney-the-original-vibe-room-tampa-florida-04-24-2027/event/0D0065289B0D5C6F,18591990,2026-09-29T22:38:20Z,2026-09-30T22:16:22Z
vvG1VZ_K1-Dzg7,Ha*Ash,Ha*Ash - No Me Hablen de Amor,K8vZ917CW60,The Fillmore Miami Beach at Jackie Gleason Theater,KovZpZAEkedA,Miami Beach,FL,15,2027-05-22,20:00:00,2026-09-25T14:00:00Z,Citi,2026-09-25T14:00:00Z,,,0,0,https://www.ticketmaster.com/haash-no-me-hablen-de-amor-miami-beach-florida-05-22-2027/event/0D006532A1EF8D44,18608864,2026-09-29T22:38:20Z,2026-09-30T22:16:22Z
vvG1VZ_K1xqzya,Trippie Redd,Trippie Redd - The Non-disclosure Agreement Tour,K8vZ917ppmf,The Fillmore Miami Beach at Jackie Gleason Theater,KovZpZAEkedA,Miami Beach,FL,15,2026-11-27,20:00:00,2026-09-25T14:00:00Z,VIP,2026-09-25T14:00:00Z,,,0,0,https://www.ticketmaster.com/trippie-redd-the-nondisclosure-agreement-tour-miami-beach-florida-11-27-2026/event/0D006532A2778E49,18617593,2026-09-29T22:38:20Z,2026-09-30T22:16:22Z
vvG1VZ_K9lSiLT,Fantasia,The Love of Soul Tour,K8vZ917Cgvf,Hard Rock Live,KovZpZA6AEaA,Hollywood,FL,15,2027-04-17,20:00:00,2026-09-30T14:00:00Z,Promoter,2026-10-02T14:00:00Z,,,0,0,https://www.ticketmaster.com/the-love-of-soul-tour-hollywood-florida-04-17-2027/event/0D006535EBCEC7FF,18631704,2026-09-29T22:38:20Z,2026-10-01T13:14:51Z
vvG1VZ_KQaENSB,Trippie Redd,Trippie Redd - The Non-disclosure Agreement Tour,K8vZ917ppmf,Jannus Live,KovZpZAFAnaA,St Petersburg,FL,21,2026-11-28,19:00:00,2026-09-25T14:00:00Z,VIP,2026-09-25T14:00:00Z,,,0,0,https://www.ticketmaster.com/trippie-redd-the-nondisclosure-agreement-tour-st-petersburg-florida-11-28-2026/event/0D006536899E3CFA,18617592,2026-09-29T22:38:20Z,2026-09-30T22:16:22Z
vvG1VZ_KUG5Nyd,Chicago,Chicago,K8vZ9171u0V,Barbara B Mann Performing Arts Hall,KovZpZA7AneA,Ft Myers,FL,21,2027-02-12,19:30:00,2026-09-29T14:00:00Z,Artist,2026-10-02T14:00:00Z,,,0,0,https://bbmann.evenue.net/events/CAGO,,2026-09-29T22:38:20Z,2026-10-01T13:14:51Z
vvG1VZ_Ke36ABK,Kansas,Kansas,K8vZ9171C-f,Seminole Center Outdoors,KovZ917AtGJ,Immokalee,FL,21,2027-02-13,20:00:00,2026-09-25T14:00:00Z,VIP,2026-09-25T14:00:00Z,,,0,0,https://www.ticketmaster.com/kansas-immokalee-florida-02-13-2027/event/0D006530921C5E93,18611014,2026-09-29T22:38:20Z,2026-09-30T22:16:22Z
vvG1VZ_KhvmypQ,Hilary Duff,Hilary Duff: the lucky me tour,K8vZ9175rEf,Amerant Bank Arena ,KovZpZAEeavA,Sunrise,FL,15,2027-10-01,19:30:00,2026-10-01T14:00:00Z,Live Nation,2026-10-02T14:00:00Z,,,0,0,https://seatgeek.com/hilary-duff-tickets/sunrise-florida-amerant-bank-arena-2027-10-01-7-30-pm/concert/18604684,18604684,2026-09-29T22:38:20Z,2026-10-01T13:14:51Z
vvG1VZ_KjKMTP4,Ryan Castro,RYAN CASTRO PRESENTS: LOS CHORROS CON RICHY TOUR,K8vZ917Q4fV,Kaseya Center,KovZpZAJtFaA,Miami,FL,15;51,2026-12-19,20:30:00,2026-09-30T17:00:00Z,VIP,2026-09-30T17:00:00Z,,,0,0,https://www.ticketmaster.com/ryan-castro-presents-los-chorros-con-miami-florida-12-19-2026/event/0D00653713DFF955,18624624,2026-09-29T22:38:20Z,2026-10-01T13:14:51Z
vvG1VZ_Kw7PSGe,38 Special,Southern Fried Swamp Jam Festival,K8vZ9171Gy0,Seminole Center Outdoors,KovZ917AtGJ,Immokalee,FL,21,2027-01-16,14:30:00,2026-10-01T14:00:00Z,Venue,2026-10-02T14:00:00Z,,,0,0,https://www.ticketmaster.com/southern-fried-swamp-jam-festival-immokalee-florida-01-16-2027/event/0D00653C84973302,,2026-09-29T22:38:20Z,2026-10-01T13:14:51Z
vvG1VZ_Kw9G0Pu,Roger Waters Presents LEGACY - A Pink Floyd Show,Roger Waters Presents Legacy,K8vZ917-lxV,Au-Rene Theater at the Broward Center,KovZpZAEvnlA,Ft Lauderdale,FL,15,2027-02-21,19:00:00,2026-09-29T14:00:00Z,VIP,2026-10-02T14:00:00Z,,,0,0,https://www.ticketmaster.com/roger-waters-presents-legacy-ft-lauderdale-florida-02-21-2027/event/0D00653C9732494D,,2026-09-29T22:38:20Z,2026-10-01T13:14:51Z
vvG1VZ_Kxhy63e,Paul Anka,Paul Anka,K8vZ9171uqV,Mahaffey Theater,KovZpZAdE1eA,St Petersburg,FL,21,2027-03-19,20:00:00,2026-09-29T14:00:00Z,Live Nation,2026-10-02T14:00:00Z,,,0,0,https://www.ticketmaster.com/paul-anka-st-petersburg-florida-03-19-2027/event/0D0065389BE47482,,2026-09-29T22:38:20Z,2026-10-01T13:14:51Z
vvG1YZ_3XvgS07,Nickelback,Nickelback,K8vZ9171EXf,Choctaw Grand Theater,KovZpZAEvntA,Durant,OK,5,2026-12-19,20:00:00,2026-09-29T20:00:00Z,Artist,2026-10-02T15:00:00Z,,,0,0,https://www.ticketmaster.com/nickelback-durant-oklahoma-12-19-2026/event/0C00652F81D73904,18629578,2026-09-29T22:38:20Z,2026-10-01T13:14:51Z
vvG1YZ_3lPl3yg,Hilary Duff,Hilary Duff: the lucky me tour,K8vZ9175rEf,Dickies Arena,KovZ917AOAw,Fort Worth,TX,5,2027-11-06,19:30:00,2026-10-01T15:00:00Z,Artist,2026-10-02T15:00:00Z,,,0,0,https://www.ticketmaster.com/hilary-duff-the-lucky-me-tour-fort-worth-texas-11-06-2027/event/0C00652AE5AD2E75,18613405,2026-09-29T22:38:20Z,2026-10-01T13:14:51Z
vvG1YZ_3zjrN4D,Metallica,Metallica M72 World Tour,K8vZ9171G9V,Sun Bowl Stadium,KovZpZA1l1dA,El Paso,TX,8,2027-05-18,18:00:00,2026-09-25T16:00:00Z,Citi,2026-09-25T16:00:00Z,,,0,0,https://www.ticketmaster.com/metallica-m72-world-tour-el-paso-texas-05-18-2027/event/0C00652E1C7A357B,18595088,2026-09-29T22:38:20Z,2026-09-30T22:16:22Z
vvG1YZ_8UYDbMt,Hans Zimmer,HANS ZIMMER LIVE - THE NEXT LEVEL,K8vZ917ubK0,Dickies Arena,KovZ917AOAw,Fort Worth,TX,5,2027-03-22,19:30:00,2026-09-25T15:00:00Z,VIP,2026-09-25T15:00:00Z,,,0,0,https://www.ticketmaster.com/hans-zimmer-live-the-next-level-fort-worth-texas-03-22-2027/event/0C00650DB0ED8DE9,18601942,2026-09-29T22:38:20Z,2026-09-30T22:16:22Z
vvG1YZ_K-ZhrZe,Hot Freaks,HOT FREAKS - SOFT BODY TOUR,K8vZ917QnGf,The Cambridge Room at House Of Blues,KovZpZAIvlIA,Dallas,TX,5,2027-02-16,19:00:00,2026-09-29T15:00:00Z,Artist,2026-10-02T15:00:00Z,,,0,0,https://www.ticketmaster.com/hot-freaks-soft-body-tour-dallas-texas-02-16-2027/event/0C006538406DE002,18631637,2026-09-29T22:38:20Z,2026-10-01T13:14:51Z
vvG1YZ_K09PqAa,Eric Benet,Eric Benet,K8vZ91719TV,House of Blues Dallas ,KovZpZAEAF7A,Dallas,TX,5,2026-12-02,19:00:00,2026-09-30T15:00:00Z,Citi,2026-10-02T15:00:00Z,,,0,0,https://www.ticketmaster.com/eric-benet-dallas-texas-12-02-2026/event/0C0065391795D149,,2026-09-29T22:38:20Z,2026-10-01T13:14:51Z
vvG1YZ_K1h0IPI,Riley Green,Riley Green: That's Just Me Tour,K8vZ9173IbV,Dos Equis Pavilion,KovZpZAEAFeA,Dallas,TX,5,2027-05-21,19:00:00,2026-09-29T15:00:00Z,Venue,2026-10-02T15:00:00Z,,,0,0,https://www.ticketmaster.com/riley-green-thats-just-me-tour-dallas-texas-05-21-2027/event/0C0065329B928968,18626526,2026-09-29T22:38:20Z,2026-10-01T13:14:51Z
vvG1YZ_K1uYp5G,James Marriott,James Marriott World Tour,K8vZ917hQP0,The Echo Lounge & Music Hall,KovZ917AxY0,Dallas,TX,5,2027-03-06,18:30:00,2026-09-28T14:00:00Z,Artist,2026-10-02T14:00:00Z,,,0,0,https://www.ticketmaster.com/james-marriott-world-tour-dallas-texas-03-06-2027/event/0C0065328DC162CC,18610356,2026-09-29T22:38:20Z,2026-10-01T13:14:51Z
vvG1YZ_K1ynHRE,8ball & MJG,"8 Ball & MJG, Bun B ft. The Renaissance Orchestra",K8vZ9171Ky7,Music Hall At Fair Park,KovZpZAFFvnA,Dallas,TX,5,2027-04-02,20:00:00,2026-09-28T15:00:00Z,Promoter,2026-09-30T15:00:00Z,,,0,0,https://www.ticketmaster.com/8-ball-mjg-bun-b-ft-dallas-texas-04-02-2027/event/0C006532B9ABCBE7,18622298,2026-09-29T22:38:20Z,2026-09-30T12:34:27Z
vvG1YZ_K558XwT,Ha*Ash,Ha*Ash - No Me Hablen de Amor,K8vZ917CW60,The Pavilion at Toyota Music Factory,KovZ917A2Q7,Irving,TX,5,2027-05-14,20:00:00,2026-09-25T15:00:00Z,Citi,2026-09-25T15:00:00Z,,,0,0,https://www.ticketmaster.com/haash-no-me-hablen-de-amor-irving-texas-05-14-2027/event/0C006532CB43ECBF,18608853,2026-09-29T22:38:20Z,2026-09-30T22:16:22Z
vvG1YZ_K69fCzG,The Interrupters,ALT 103.7 Presents The Interrupters,K8vZ917oanf,House of Blues Dallas ,KovZpZAEAF7A,Dallas,TX,5,2027-03-23,18:00:00,2026-09-25T15:00:00Z,Citi,2026-09-25T15:00:00Z,,,0,0,https://www.ticketmaster.com/alt-1037-presents-the-interrupters-dallas-texas-03-23-2027/event/0C006531D750EE0C,18612572,2026-09-29T22:38:20Z,2026-09-30T22:16:22Z
vvG1YZ_KEevCv2,David Foster,An Intimate Evening with David Foster & Katharine McPhee,K8vZ917uFpV,Margot and Bill Winspear Opera House,KovZpabeVe,Dallas,TX,5,2027-05-09,19:00:00,2026-10-01T15:00:00Z,Live Nation,2026-10-02T15:00:00Z,,,0,0,https://attpac.org/event/david-foster-katharine-mcphee/,,,2026-10-01T13:14:51Z
vvG1YZ_KGP_ixc,Daughtry,Daughtry - 20 Years Unplugged Tour,K8vZ917GZFf,Choctaw Grand Theater,KovZpZAEvntA,Durant,OK,5,2027-02-12,19:00:00,2026-09-30T15:00:00Z,Artist,2026-10-02T15:00:00Z,,,0,1,https://www.ticketmaster.com/daughtry-20-years-unplugged-tour-durant-oklahoma-02-12-2027/event/0C0065332566C8AD,18632912,2026-09-29T22:38:20Z,2026-10-01T13:14:51Z
vvG1YZ_KG_q-iH,Lukas Graham,Lukas Graham,K8vZ9172uRV,The Echo Lounge & Music Hall,KovZ917AxY0,Dallas,TX,5,2027-03-02,19:00:00,2026-09-25T15:00:00Z,Citi,2026-09-25T15:00:00Z,,,0,0,https://www.ticketmaster.com/lukas-graham-dallas-texas-03-02-2027/event/0C00653319761B3C,18618974,2026-09-29T22:38:20Z,2026-09-30T22:16:22Z
vvG1YZ_KGeOLU1,Ha*Ash,Ha*Ash - No Me Hablen de Amor,K8vZ917CW60,El Paso County Coliseum,KovZpZAFAtEA,El Paso,TX,8,2027-05-12,19:00:00,2026-09-25T16:00:00Z,Citi,2026-09-25T16:00:00Z,,,0,0,https://www.ticketmaster.com/haash-no-me-hablen-de-amor-el-paso-texas-05-12-2027/event/0C0065330281FD8A,18608852,2026-09-29T22:38:20Z,2026-09-30T22:16:22Z
vvG1YZ_KGh3oiX,Cure For Paranoia,Cure For Paranoia,K8vZ917hNqV,The Echo Lounge & Music Hall,KovZ917AxY0,Dallas,TX,5,2026-11-28,19:00:00,2026-09-25T15:00:00Z,Citi,2026-09-25T15:00:00Z,,,0,0,https://www.ticketmaster.com/cure-for-paranoia-dallas-texas-11-28-2026/event/0C0065331B491B3E,,2026-09-29T22:38:20Z,2026-09-30T22:16:22Z
vvG1YZ_KLDWsJR,Dylan Wheeler,Dylan Wheeler,K8vZ917QO80,Tannahill's Music Hall & Lounge,KovZ917AEVr,Fort Worth,TX,5,2026-12-31,21:00:00,2026-10-01T15:00:00Z,Live Nation,2026-10-02T15:00:00Z,,,0,0,https://www.ticketmaster.com/dylan-wheeler-fort-worth-texas-12-31-2026/event/0C006537FBF719AF,,2026-09-29T22:38:20Z,2026-10-01T13:14:51Z
vvG1YZ_KODPutZ,Wasia Project,Wasia Project - Nocturne Live 2027,K8vZ917hjg0,The Echo Lounge & Music Hall,KovZ917AxY0,Dallas,TX,5,2027-03-10,19:00:00,2026-10-01T15:00:00Z,Artist,2026-10-02T15:00:00Z,,,0,0,https://www.ticketmaster.com/wasia-project-nocturne-live-2027-dallas-texas-03-10-2027/event/0C0065383B94DA40,,2026-09-29T22:38:20Z,2026-10-01T13:14:51Z
vvG1YZ_KOMGufo,Jack Kays,Jack Kays - Jack Kays And His Band,K8vZ917_x80,The Echo Lounge & Music Hall,KovZ917AxY0,Dallas,TX,5,2027-02-19,18:30:00,2026-09-30T15:00:00Z,Artist,2026-10-02T15:00:00Z,,,0,0,https://www.ticketmaster.com/jack-kays-jack-kays-and-his-dallas-texas-02-19-2027/event/0C0065383730D511,,,2026-10-01T13:14:51Z
vvG1YZ_KOyhqr1,The Movement,THE MOVEMENT TOUR: WINTER 2027 with special guest Mike Love (solo),K8vZ917GmFf,The Echo Lounge & Music Hall,KovZ917AxY0,Dallas,TX,5,2027-03-05,18:30:00,2026-09-29T16:00:00Z,Artist,2026-10-02T16:00:00Z,,,0,0,https://www.ticketmaster.com/the-movement-tour-winter-2027-with-dallas-texas-03-05-2027/event/0C006538396DD78A,,2026-09-29T22:38:20Z,2026-10-01T13:14:51Z
vvG1YZ_Kb8x_-o,Marisela,Marisela - Eterna Tour USA 2026,K8vZ91715MV,Abraham Chavez Theatre,KovZpa3VBe,El Paso,TX,8,2026-12-12,20:00:00,2026-10-01T16:00:00Z,Artist,2026-10-02T16:00:00Z,,,0,0,https://www.ticketmaster.com/marisela-eterna-tour-usa-2026-el-paso-texas-12-12-2026/event/0C00653610899851,18629468,2026-09-29T22:38:20Z,2026-10-01T13:14:51Z
vvG1YZ_KbTLWH3,Fantasia,The Love of Soul Tour,K8vZ917Cgvf,Dickies Arena,KovZ917AOAw,Fort Worth,TX,5,2027-03-13,20:00:00,2026-09-30T15:00:00Z,Promoter,2026-10-02T15:00:00Z,,,0,0,https://www.ticketmaster.com/the-love-of-soul-tour-fort-worth-texas-03-13-2027/event/0C0065363F7FDF12,18631737,2026-09-29T22:38:20Z,2026-10-01T13:14:51Z
vvG1YZ_Keg__UB,106.1 KISS FM's Jingle Ball,106.1 KISS FM's Jingle Ball Presented by Capital One,K8vZ9171LQf,Dickies Arena,KovZ917AOAw,Fort Worth,TX,5,2026-12-01,19:30:00,2026-09-29T15:00:00Z,Card / Rewards,2026-10-02T17:00:00Z,,,0,0,https://www.ticketmaster.com/1061-kiss-fms-jingle-ball-presented-fort-worth-texas-12-01-2026/event/0C006530B5659DBA,,2026-09-29T22:38:20Z,2026-10-01T13:14:51Z
vvG1YZ_Kepbp4s,Riley Green,Riley Green: That's Just Me Tour,K8vZ9173IbV,Dickies Arena,KovZ917AOAw,Fort Worth,TX,5,2027-05-06,19:00:00,2026-09-29T15:00:00Z,Venue,2026-10-02T15:00:00Z,,,0,0,https://www.ticketmaster.com/riley-green-thats-just-me-tour-fort-worth-texas-05-06-2027/event/0C00653096616571,18626522,2026-09-29T22:38:20Z,2026-10-01T13:14:51Z
vvG1YZ_Khbg2oW,Hunxho,Hunxho - 2Night Only Tour,K8vZ917QQw0,House of Blues Dallas ,KovZpZAEAF7A,Dallas,TX,5,2026-12-22,19:00:00,2026-09-25T15:00:00Z,Citi,2026-09-25T15:00:00Z,,,0,0,https://www.ticketmaster.com/hunxho-2night-only-tour-dallas-texas-12-22-2026/event/0C006536D8D4F47D,,2026-09-29T22:38:20Z,2026-09-30T22:16:22Z
vvG1YZ_KpCtK4p,Sons of Cream,Sons of Cream,K8vZ9172S_V,The Echo Lounge & Music Hall,KovZ917AxY0,Dallas,TX,5,2027-01-30,19:00:00,2026-09-25T15:00:00Z,Citi,2026-09-25T15:00:00Z,,,0,0,https://www.ticketmaster.com/sons-of-cream-dallas-texas-01-30-2027/event/0C0065358EA53556,18613149,2026-09-29T22:38:20Z,2026-09-30T22:16:22Z
vvG1iZ_3T_b6X-,Spike and the Gimme Gimmes,Spike and the Gimme Gimmes,K8vZ917ra40,The Observatory North Park,KovZ917AxAB,San Diego,CA,20,2026-12-04,18:30:00,2026-09-25T17:00:00Z,Citi,2026-09-25T17:00:00Z,,,0,0,https://www.ticketmaster.com/spike-and-the-gimme-gimmes-san-diego-california-12-04-2026/event/0B00652FD9607FA1,18612883,2026-09-29T22:38:20Z,2026-09-30T22:16:22Z
vvG1iZ_K9LEJ5n,Lennon Stella,Lennon Stella,K8vZ9179mC0,The Pico Union Project,KovZ917Ax3z,Los Angeles,CA,27,2026-11-03,20:00:00,2026-09-29T17:00:00Z,Artist,2026-10-02T17:00:00Z,,,0,0,https://www.ticketmaster.com/lennon-stella-los-angeles-california-11-03-2026/event/0B006535DF9E62EA,18621057,2026-09-29T22:38:20Z,2026-10-01T13:14:51Z
vvG1iZ_K9r9JFQ,Adam Ant,Adam Ant - Live 2026,K8vZ9171FqV,The Magnolia,KovZ917AOww,El Cajon,CA,20,2026-11-11,19:00:00,2026-09-25T17:00:00Z,Citi,2026-09-25T17:00:00Z,,,0,1,https://www.ticketmaster.com/adam-ant-live-2026-el-cajon-california-11-11-2026/event/0B006535DE5E621A,18618954,2026-09-29T22:38:20Z,2026-09-30T22:16:22Z
vvG1iZ_KEN69qH,The Mavericks,The Mavericks & Friends,K8vZ9171FbV,The Magnolia,KovZ917AOww,El Cajon,CA,20,2027-02-18,19:00:00,2026-09-30T17:00:00Z,Artist,2026-10-02T17:00:00Z,,,0,0,https://www.ticketmaster.com/the-mavericks-friends-el-cajon-california-02-18-2027/event/0B006539E31D777C,,2026-09-29T22:38:20Z,2026-10-01T13:14:51Z
vvG1iZ_KIuJFjM,Mariachi Sol De Mexico,Mariachi Sol De Mexico,K8vZ9171jSf,Fox Performing Arts Center,KovZpZAEA6lA,Riverside,CA,27,2026-12-11,19:00:00,2026-09-30T17:00:00Z,Live Nation,2026-10-02T17:00:00Z,,,0,0,https://www.ticketmaster.com/mariachi-sol-de-mexico-riverside-california-12-11-2026/event/0B00653A0D988737,18629646,2026-09-29T22:38:20Z,2026-10-01T13:14:51Z
vvG1iZ_Kj6Yzfl,A Perfect Circle,A Perfect Circle,K8vZ9171rq0,Hollywood Bowl,KovZpZAFFvJA,Hollywood,CA,27,2027-06-06,19:30:00,2026-09-30T17:00:00Z,Other,2026-10-02T17:00:00Z,,,0,0,https://www.ticketmaster.com/a-perfect-circle-hollywood-california-06-06-2027/event/0B00653707C3852B,18632554,2026-09-29T22:38:20Z,2026-10-01T13:14:51Z
vvG1iZ_KkH1zCh,Rayland Baxter,Rayland Baxter: The True Violet Tour,K8vZ917uBy7,The Observatory North Park,KovZ917AxAB,San Diego,CA,20,2027-03-02,19:00:00,2026-09-25T17:00:00Z,Citi,2026-09-25T17:00:00Z,,,0,0,https://www.ticketmaster.com/rayland-baxter-the-true-violet-tour-san-diego-california-03-02-2027/event/0B006531BC2B839B,18612884,2026-09-29T22:38:20Z,2026-09-30T22:16:22Z
vvG1iZ_KwwAPVP,Twin Temple,Twin Temple - Doomed Lovers Tour,K8vZ9179Pt7,The Observatory North Park,KovZ917AxAB,San Diego,CA,20,2027-03-19,19:00:00,2026-09-30T17:00:00Z,Other,2026-10-02T17:00:00Z,,,0,0,https://www.ticketmaster.com/twin-temple-doomed-lovers-tour-san-diego-california-03-19-2027/event/0B00653CB2165D25,,,2026-10-01T13:14:51Z
vvG1zZ_32AkLLI,Valley,Valley,K8vZ9174mN7,The Masquerade - Hell,KovZ917AOz0,Atlanta,GA,10,2027-03-12,19:00:00,2026-09-25T14:00:00Z,VIP,2026-09-25T14:00:00Z,,,0,0,https://www.ticketmaster.com/valley-atlanta-georgia-03-12-2027/event/0E006523C519F7E8,18606100,2026-09-29T22:38:20Z,2026-09-30T22:16:22Z
vvG1zZ_36r4eng,Chris Botti,Chris Botti With The Atlanta Symphony Orchestra,K8vZ9171yZ7,Atlanta Symphony Hall,KovZpZAJedlA,Atlanta,GA,10,2027-02-26,20:00:00,2026-09-29T14:00:00Z,Artist,2026-10-02T14:00:00Z,,,0,0,https://www.ticketmaster.com/chris-botti-with-the-atlanta-symphony-atlanta-georgia-02-26-2027/event/0E006521DE542AB5,18629696,2026-09-29T22:38:20Z,2026-10-01T13:14:51Z
vvG1zZ_3Dh5HjB,The Interrupters,The Interrupters,K8vZ917oanf,The Masquerade - Heaven,KovZpa2WHe,Atlanta,GA,10,2027-03-30,18:00:00,2026-09-25T14:00:00Z,VIP,2026-09-25T14:00:00Z,,,0,0,https://www.ticketmaster.com/the-interrupters-atlanta-georgia-03-30-2027/event/0E00652EDB2FC73A,18613133,2026-09-29T22:38:20Z,2026-09-30T22:16:22Z
vvG1zZ_3EIhgVy,Fabrizio,FABRIZIO,K8vZ917Ldof,Eddie's Attic,KovZ917A8f0,Decatur,GA,10,2026-11-10,19:00:00,2026-09-30T15:00:00Z,Other,2026-10-02T15:00:00Z,,,0,0,https://www.ticketmaster.com/fabrizio-decatur-georgia-11-10-2026/event/0E006529E86F5D39,,2026-09-29T22:38:20Z,2026-10-01T13:14:51Z
vvG1zZ_3EbKNKC,Hans Zimmer,HANS ZIMMER LIVE - THE NEXT LEVEL,K8vZ917ubK0,State Farm Arena,KovZpa2Xke,Atlanta,GA,10;51,2027-03-16,19:30:00,2026-09-25T14:00:00Z,VIP,2026-09-25T14:00:00Z,,,0,0,https://www.ticketmaster.com/hans-zimmer-live-the-next-level-atlanta-georgia-03-16-2027/event/0E006529D84E34CE,18601941,2026-09-29T22:38:20Z,2026-09-30T22:16:22Z
vvG1zZ_3TSemPj,To The Limit,To The Limit: The Ultimate Eagles Tribute,K8vZ917rlDf,Buckhead Theatre,KovZpZAJAllA,Atlanta,GA,10,2027-01-30,20:00:00,2026-09-25T14:00:00Z,Citi,2026-09-25T14:00:00Z,,,0,0,https://www.ticketmaster.com/to-the-limit-the-ultimate-eagles-atlanta-georgia-01-30-2027/event/0E00652FF30AE95C,18609786,2026-09-29T22:38:20Z,2026-09-30T22:16:22Z
vvG1zZ_3XIyKBX,Little Feat,Little Feat: The Last Farewell Tour,K8vZ9171CJV,Macon City Auditorium,KovZpa3h3e,Macon,GA,10,2027-03-02,19:00:00,2026-09-25T14:00:00Z,VIP,2026-09-25T14:00:00Z,,,0,0,https://www.ticketmaster.com/little-feat-the-last-farewell-tour-macon-georgia-03-02-2027/event/0E00652FA8E53EBE,18612818,2026-09-29T22:38:20Z,2026-09-30T22:16:22Z
vvG1zZ_3x03bY9,Kenny Chesney,Kenny Chesney: The Original Vibe Room Tour with Eric Church,K8vZ9171f30,Mercedes-Benz Stadium,KovZpZAEdJaA,Atlanta,GA,10,2027-07-31,16:30:00,2026-09-25T14:00:00Z,VIP,2026-09-25T14:00:00Z,,,0,0,https://www.ticketmaster.com/kenny-chesney-the-original-vibe-room-atlanta-georgia-07-31-2027/event/0E006528A4498C17,18592008,2026-09-29T22:38:20Z,2026-09-30T22:16:22Z
vvG1zZ_83DtnFh,Steve Lacy,Steve Lacy: Oh yeah? Tour,K8vZ9174s67,Synovus Bank Amphitheater at Chastain Park,KovZpZAEkAaA,Atlanta,GA,10,2026-10-31,20:00:00,2026-09-25T14:00:00Z,Citi,2026-09-25T14:00:00Z,,,0,0,https://www.ticketmaster.com/steve-lacy-oh-yeah-tour-atlanta-georgia-10-31-2026/event/0E006504BBA6A21B,18613494,2026-09-29T22:38:20Z,2026-09-30T22:16:22Z
vvG1zZ_K1bPF9P,Ha*Ash,Ha*Ash - No Me Hablen de Amor,K8vZ917CW60,Coca-Cola Roxy,KovZ917ACc7,Atlanta,GA,10,2027-05-21,20:00:00,2026-09-25T14:00:00Z,Citi,2026-09-25T14:00:00Z,,,0,0,https://www.ticketmaster.com/haash-no-me-hablen-de-amor-atlanta-georgia-05-21-2027/event/0E006532989485E5,18608857,2026-09-29T22:38:20Z,2026-09-30T22:16:22Z
vvG1zZ_K56WR1j,James Marriott,James Marriott: James Marriott World Tour,K8vZ917hQP0,The Masquerade - Heaven,KovZpa2WHe,Atlanta,GA,10,2027-03-10,18:30:00,2026-09-28T13:00:00Z,Artist,2026-10-02T13:00:00Z,,,0,0,https://www.ticketmaster.com/james-marriott-james-marriott-world-tour-atlanta-georgia-03-10-2027/event/0E006532C7F6F29C,18610338,2026-09-29T22:38:20Z,2026-10-01T13:14:51Z
vvG1zZ_K68rV8Q,The Sixties Show,The Sixties Show,K8vZ917QFe7,Buckhead Theatre,KovZpZAJAllA,Atlanta,GA,10,2027-01-14,19:30:00,2026-09-25T14:00:00Z,Citi,2026-09-25T14:00:00Z,,,0,0,https://www.ticketmaster.com/the-sixties-show-atlanta-georgia-01-14-2027/event/0E006531D07B441A,,2026-09-29T22:38:20Z,2026-09-30T22:16:22Z
vvG1zZ_K6Mf5Dl,Trippie Redd,Trippie Redd - The Non-disclosure Agreement Tour,K8vZ917ppmf,Coca-Cola Roxy,KovZ917ACc7,Atlanta,GA,10,2026-11-24,20:00:00,2026-09-25T14:00:00Z,VIP,2026-09-25T14:00:00Z,,,0,0,https://www.ticketmaster.com/trippie-redd-the-nondisclosure-agreement-tour-atlanta-georgia-11-24-2026/event/0E006531F750BEEB,18618443,2026-09-29T22:38:20Z,2026-09-30T22:16:22Z
vvG1zZ_K9bpcNa,Northlane,Northlane: THE ANEMOIA TOUR,K8vZ917ofc0,The Masquerade - Heaven,KovZpa2WHe,Atlanta,GA,10,2027-02-21,18:00:00,2026-09-29T16:00:00Z,Artist,2026-10-02T14:00:00Z,,,0,0,https://www.ticketmaster.com/northlane-the-anemoia-tour-atlanta-georgia-02-21-2027/event/0E006535D85AD8C9,,2026-09-29T22:38:20Z,2026-10-01T13:14:51Z
vvG1zZ_KE6ERFU,Black Label Society,Black Label Society,K8vZ9175mu7,Macon City Auditorium,KovZpa3h3e,Macon,GA,10,2026-11-27,19:30:00,2026-09-29T16:00:00Z,Artist,2026-10-02T14:00:00Z,,,0,0,https://www.ticketmaster.com/black-label-society-macon-georgia-11-27-2026/event/0E006539C79EF236,,2026-09-29T22:38:20Z,2026-10-01T13:14:51Z
vvG1zZ_KEfnxks,Hot Freaks,Hot Freaks,K8vZ917QnGf,The Masquerade - Purgatory,KovZ917AOzm,Atlanta,GA,10,2027-02-10,19:00:00,2026-09-29T14:00:00Z,Artist,2026-10-02T14:00:00Z,,,0,0,https://www.ticketmaster.com/hot-freaks-atlanta-georgia-02-10-2027/event/0E006539D4AA21B1,18631029,2026-09-29T22:38:20Z,2026-10-01T13:14:51Z
vvG1zZ_KGj9z2e,Lukas Graham,Lukas Graham,K8vZ9172uRV,Buckhead Theatre,KovZpZAJAllA,Atlanta,GA,10,2027-03-04,20:00:00,2026-09-25T14:00:00Z,Citi,2026-09-25T14:00:00Z,,,0,0,https://www.ticketmaster.com/lukas-graham-atlanta-georgia-03-04-2027/event/0E0065331C5F83C2,18617906,2026-09-29T22:38:20Z,2026-09-30T22:16:22Z
vvG1zZ_KLWyFXU,Daughtry,Daughtry - 20 Years Unplugged Tour,K8vZ917GZFf,Tabernacle Presented by iTHINK Financial,KovZpaFEZe,Atlanta,GA,10,2027-03-07,19:00:00,2026-09-30T14:00:00Z,Other,2026-10-02T14:00:00Z,,,0,0,https://www.ticketmaster.com/daughtry-20-years-unplugged-tour-atlanta-georgia-03-07-2027/event/0E006537FDE48FB6,18632941,2026-09-29T22:38:20Z,2026-10-01T13:14:51Z
vvG1zZ_KNffIr8,Jack Kays,Jack Kays - Jack Kays And His Band,K8vZ917_x80,The Masquerade - Hell,KovZ917AOz0,Atlanta,GA,10,2027-02-17,19:00:00,2026-09-30T14:00:00Z,Artist,2026-10-02T14:00:00Z,,,0,0,https://www.ticketmaster.com/jack-kays-jack-kays-and-his-atlanta-georgia-02-17-2027/event/0E006538D4528790,18629509,2026-09-29T22:38:20Z,2026-10-01T13:14:51Z
vvG1zZ_KQYztcf,Megan Woods,Megan Woods with Special Guest Rachel Wiggins,K8vZ917LjMf,Columbia County Performing Arts Center,KovZ917AJ4r,Evans,GA,10,2027-01-09,19:00:00,2026-10-01T14:00:00Z,Other,2026-10-02T14:00:00Z,,,0,0,https://www.ticketmaster.com/megan-woods-with-special-guest-rachel-evans-georgia-01-09-2027/event/0E006536B0E29B54,18631612,2026-09-29T22:38:20Z,2026-10-01T13:14:51Z
vvG1zZ_KQs5tY6,Fantasia,The Love of Soul Tour,K8vZ917Cgvf,State Farm Arena,KovZpa2Xke,Atlanta,GA,10;51,2027-03-26,20:00:00,2026-09-30T14:00:00Z,Promoter,2026-10-02T14:00:00Z,,,0,0,https://www.ticketmaster.com/the-love-of-soul-tour-atlanta-georgia-03-26-2027/event/0E006536B12E9C07,18629276,2026-09-29T22:38:20Z,2026-10-01T13:14:51Z
vvG1zZ_Kdfjpww,Gnarls Barkley,Gnarls Barkley: To Whom It Still Concerns Tour,K8vZ9175Hz7,Coca-Cola Roxy,KovZ917ACc7,Atlanta,GA,10,2026-11-10,20:00:00,2026-09-24T14:00:00Z,Citi,2026-09-24T14:00:00Z,,,0,0,https://www.ticketmaster.com/gnarls-barkley-to-whom-it-still-atlanta-georgia-11-10-2026/event/0E006530D4716CB2,18604540,2026-09-29T22:38:20Z,2026-09-29T22:38:20Z
vvG1zZ_KhaeGxg,Drew & Ellie Holcomb,Drew & Ellie Holcomb,K8vZ917_JAV,Atlanta Symphony Hall,KovZpZAJedlA,Atlanta,GA,10,2027-02-12,20:00:00,2026-09-29T14:00:00Z,Artist,2026-10-02T14:00:00Z,,,0,0,https://www.ticketmaster.com/drew-ellie-holcomb-atlanta-georgia-02-12-2027/event/0E006536C908C8B5,18622253,2026-09-29T22:38:20Z,2026-10-01T13:14:51Z
vvG1zZ_KheGDmm,Hunxho,Hunxho 2Night Only Tour,K8vZ917QQw0,Coca-Cola Roxy,KovZ917ACc7,Atlanta,GA,10,2026-11-27,20:00:00,2026-09-25T14:00:00Z,VIP,2026-09-25T14:00:00Z,,,0,0,https://www.ticketmaster.com/hunxho-2night-only-tour-atlanta-georgia-11-27-2026/event/0E006536C233BBAE,18618442,2026-09-29T22:38:20Z,2026-09-30T22:16:22Z
vvG1zZ_Kj5SDsC,MANIA: The ABBA Tribute,MANIA: The ABBA Tribute,K8vZ9171Yqf,Buckhead Theatre,KovZpZAJAllA,Atlanta,GA,10,2027-01-17,19:00:00,2026-09-30T14:00:00Z,Citi,2026-10-02T14:00:00Z,,,0,0,https://www.ticketmaster.com/mania-the-abba-tribute-atlanta-georgia-01-17-2027/event/0E0065370BCFBC4E,18629657,2026-09-29T22:38:20Z,2026-10-01T13:14:51Z
vvG1zZ_KjFmD1a,Michael Shannon & Jason Narducy,Michael Shannon & Jason Narducy and Friends play R.E.M.'s Document,K8vZ917qiZ7,Tabernacle Presented by iTHINK Financial,KovZpaFEZe,Atlanta,GA,10,2027-05-07,19:00:00,2026-09-30T14:00:00Z,Artist,2026-10-02T14:00:00Z,,,0,0,https://www.ticketmaster.com/michael-shannon-jason-narducy-and-friends-atlanta-georgia-05-07-2027/event/0E00653708BBB289,,2026-09-29T22:38:20Z,2026-10-01T13:14:51Z
vvG1zZ_KlPlvny,King George,New Years Weekend Southern Soul Takeover 2027,K8vZ917Q-Zf,Cobb Energy Performing Arts Centre,KovZpa3j7e,Atlanta,GA,10,2027-01-02,19:30:00,2026-09-30T14:00:00Z,Other,2026-10-02T14:00:00Z,,,0,0,https://www.ticketmaster.com/new-years-weekend-southern-soul-takeover-atlanta-georgia-01-02-2027/event/0E00653AE5AC1AB9,,2026-09-29T22:38:20Z,2026-10-01T13:14:51Z
vvG1zZ_Kru1AVW,Club 90s,Club 90s MJ Night (18+),K8vZ9179Xd0,Buckhead Theatre,KovZpZAJAllA,Atlanta,GA,10,2026-10-17,21:00:00,2026-09-24T16:00:00Z,Other,2026-09-24T16:00:00Z,,,0,0,https://www.ticketmaster.com/club-90s-mj-night-18-atlanta-georgia-10-17-2026/event/0E0065378D285D3D,,2026-09-29T22:38:20Z,2026-09-29T22:38:20Z
vvG1zZ_KxWhwHz,A Perfect Circle,A Perfect Circle,K8vZ9171rq0,Gas South Arena,KovZpZAEkdvA,Duluth,GA,10,2027-05-05,20:00:00,2026-09-30T14:00:00Z,Artist,2026-10-02T14:00:00Z,,,0,0,https://www.ticketmaster.com/a-perfect-circle-duluth-georgia-05-05-2027/event/0E006538BD6F2F38,18632526,2026-09-29T22:38:20Z,2026-10-01T13:14:51Z
vvG1zZ_KxrQhOE,Hero the Band,Hero the Band,K8vZ917oQG0,Vinyl,KovZpZA1lJ7A,Atlanta,GA,10,2026-10-31,21:00:00,2026-10-12T04:00:00Z,Other,2026-09-25T16:00:00Z,,,0,0,https://www.ticketmaster.com/hero-the-band-atlanta-georgia-10-31-2026/event/0E0065389E69B827,18623589,2026-09-29T22:38:20Z,2026-09-30T22:16:22Z
